pair_id,pair_dir,method_id,method_name,status,metric_key,metric_value,value_type,env_name,env_file,error
1,C:\Coding\AI\Dataset\!masks_for_training\1,changeformer,ChangeFormer,ok,analysis_mode,changeformer_pair,str,projekt-base,C:\Coding\AI\projekt\conda_envs\base.yml,
1,C:\Coding\AI\Dataset\!masks_for_training\1,changeformer,ChangeFormer,ok,inference_mode,trained_checkpoint,str,projekt-base,C:\Coding\AI\projekt\conda_envs\base.yml,
1,C:\Coding\AI\Dataset\!masks_for_training\1,changeformer,ChangeFormer,ok,model_name,pvt_v2_b0,str,projekt-base,C:\Coding\AI\projekt\conda_envs\base.yml,
1,C:\Coding\AI\Dataset\!masks_for_training\1,changeformer,ChangeFormer,ok,model_source,C:\Coding\AI\projekt\weights\changeformer_best.pt,str,projekt-base,C:\Coding\AI\projekt\conda_envs\base.yml,
1,C:\Coding\AI\Dataset\!masks_for_training\1,changeformer,ChangeFormer,ok,python_executable,C:\Users\jetgera\miniconda3\envs\projekt-base\python.exe,str,projekt-base,C:\Coding\AI\projekt\conda_envs\base.yml,
1,C:\Coding\AI\Dataset\!masks_for_training\1,changeformer,ChangeFormer,ok,torch_import_ok,True,bool,projekt-base,C:\Coding\AI\projekt\conda_envs\base.yml,
1,C:\Coding\AI\Dataset\!masks_for_training\1,changeformer,ChangeFormer,ok,timm_import_ok,True,bool,projekt-base,C:\Coding\AI\projekt\conda_envs\base.yml,
1,C:\Coding\AI\Dataset\!masks_for_training\1,changeformer,ChangeFormer,ok,torch_version,2.12.0+cu132,TorchVersion,projekt-base,C:\Coding\AI\projekt\conda_envs\base.yml,
1,C:\Coding\AI\Dataset\!masks_for_training\1,changeformer,ChangeFormer,ok,timm_version,1.0.27,str,projekt-base,C:\Coding\AI\projekt\conda_envs\base.yml,
1,C:\Coding\AI\Dataset\!masks_for_training\1,changeformer,ChangeFormer,ok,torch_import_error,,NoneType,projekt-base,C:\Coding\AI\projekt\conda_envs\base.yml,
1,C:\Coding\AI\Dataset\!masks_for_training\1,changeformer,ChangeFormer,ok,timm_import_error,,NoneType,projekt-base,C:\Coding\AI\projekt\conda_envs\base.yml,
1,C:\Coding\AI\Dataset\!masks_for_training\1,changeformer,ChangeFormer,ok,weights_path,C:\Coding\AI\projekt\weights\changeformer_best.pt,str,projekt-base,C:\Coding\AI\projekt\conda_envs\base.yml,
1,C:\Coding\AI\Dataset\!masks_for_training\1,changeformer,ChangeFormer,ok,device_requested,auto,str,projekt-base,C:\Coding\AI\projekt\conda_envs\base.yml,
1,C:\Coding\AI\Dataset\!masks_for_training\1,changeformer,ChangeFormer,ok,device_used,cuda,str,projekt-base,C:\Coding\AI\projekt\conda_envs\base.yml,
1,C:\Coding\AI\Dataset\!masks_for_training\1,changeformer,ChangeFormer,ok,force_cpu,False,bool,projekt-base,C:\Coding\AI\projekt\conda_envs\base.yml,
1,C:\Coding\AI\Dataset\!masks_for_training\1,changeformer,ChangeFormer,ok,cuda_available,True,bool,projekt-base,C:\Coding\AI\projekt\conda_envs\base.yml,
1,C:\Coding\AI\Dataset\!masks_for_training\1,changeformer,ChangeFormer,ok,input_size,512,int,projekt-base,C:\Coding\AI\projekt\conda_envs\base.yml,
1,C:\Coding\AI\Dataset\!masks_for_training\1,changeformer,ChangeFormer,ok,threshold_percentile,93,float,projekt-base,C:\Coding\AI\projekt\conda_envs\base.yml,
1,C:\Coding\AI\Dataset\!masks_for_training\1,changeformer,ChangeFormer,ok,threshold_value,0.769357,float,projekt-base,C:\Coding\AI\projekt\conda_envs\base.yml,
1,C:\Coding\AI\Dataset\!masks_for_training\1,changeformer,ChangeFormer,ok,alignment_mode,sift_homography_ransac,str,projekt-base,C:\Coding\AI\projekt\conda_envs\base.yml,
1,C:\Coding\AI\Dataset\!masks_for_training\1,changeformer,ChangeFormer,ok,alignment_ecc_score,,NoneType,projekt-base,C:\Coding\AI\projekt\conda_envs\base.yml,
1,C:\Coding\AI\Dataset\!masks_for_training\1,changeformer,ChangeFormer,ok,alignment_quality,0.355822,float,projekt-base,C:\Coding\AI\projekt\conda_envs\base.yml,
1,C:\Coding\AI\Dataset\!masks_for_training\1,changeformer,ChangeFormer,ok,alignment_rotation_deg,0,int,projekt-base,C:\Coding\AI\projekt\conda_envs\base.yml,
1,C:\Coding\AI\Dataset\!masks_for_training\1,changeformer,ChangeFormer,ok,scene_consistency,0.82001,float,projekt-base,C:\Coding\AI\projekt\conda_envs\base.yml,
1,C:\Coding\AI\Dataset\!masks_for_training\1,changeformer,ChangeFormer,ok,scene_mismatch_suppressed,False,bool,projekt-base,C:\Coding\AI\projekt\conda_envs\base.yml,
1,C:\Coding\AI\Dataset\!masks_for_training\1,changeformer,ChangeFormer,ok,fallback_reason,,NoneType,projekt-base,C:\Coding\AI\projekt\conda_envs\base.yml,
1,C:\Coding\AI\Dataset\!masks_for_training\1,changeformer,ChangeFormer,ok,change_pixels,123603,int,projekt-base,C:\Coding\AI\projekt\conda_envs\base.yml,
1,C:\Coding\AI\Dataset\!masks_for_training\1,changeformer,ChangeFormer,ok,overlap_pixels,1931897,int,projekt-base,C:\Coding\AI\projekt\conda_envs\base.yml,
1,C:\Coding\AI\Dataset\!masks_for_training\1,changeformer,ChangeFormer,ok,canvas_pixels,2021784,int,projekt-base,C:\Coding\AI\projekt\conda_envs\base.yml,
1,C:\Coding\AI\Dataset\!masks_for_training\1,changeformer,ChangeFormer,ok,overlap_ratio,0.955541,float,projekt-base,C:\Coding\AI\projekt\conda_envs\base.yml,
1,C:\Coding\AI\Dataset\!masks_for_training\1,changeformer,ChangeFormer,ok,change_ratio,0.06398,float,projekt-base,C:\Coding\AI\projekt\conda_envs\base.yml,
1,C:\Coding\AI\Dataset\!masks_for_training\1,changeformer,ChangeFormer,ok,inference_ms,524.145,float,projekt-base,C:\Coding\AI\projekt\conda_envs\base.yml,
1,C:\Coding\AI\Dataset\!masks_for_training\1,changeformer,ChangeFormer,ok,segm_gt_pixels,210723,float,projekt-base,C:\Coding\AI\projekt\conda_envs\base.yml,
1,C:\Coding\AI\Dataset\!masks_for_training\1,changeformer,ChangeFormer,ok,segm_pred_pixels,121523,float,projekt-base,C:\Coding\AI\projekt\conda_envs\base.yml,
1,C:\Coding\AI\Dataset\!masks_for_training\1,changeformer,ChangeFormer,ok,segm_intersection_pixels,113043,float,projekt-base,C:\Coding\AI\projekt\conda_envs\base.yml,
1,C:\Coding\AI\Dataset\!masks_for_training\1,changeformer,ChangeFormer,ok,segm_union_pixels,219203,float,projekt-base,C:\Coding\AI\projekt\conda_envs\base.yml,
1,C:\Coding\AI\Dataset\!masks_for_training\1,changeformer,ChangeFormer,ok,segm_iou,0.5157,float,projekt-base,C:\Coding\AI\projekt\conda_envs\base.yml,
1,C:\Coding\AI\Dataset\!masks_for_training\1,changeformer,ChangeFormer,ok,segm_dice,0.680478,float,projekt-base,C:\Coding\AI\projekt\conda_envs\base.yml,
1,C:\Coding\AI\Dataset\!masks_for_training\1,changeformer,ChangeFormer,ok,qty_pixels_ground_truth,210723,float,projekt-base,C:\Coding\AI\projekt\conda_envs\base.yml,
1,C:\Coding\AI\Dataset\!masks_for_training\1,changeformer,ChangeFormer,ok,qty_pixels_predicted,123603,float,projekt-base,C:\Coding\AI\projekt\conda_envs\base.yml,
1,C:\Coding\AI\Dataset\!masks_for_training\1,changeformer,ChangeFormer,ok,qty_pixels_absolute_error,87120,float,projekt-base,C:\Coding\AI\projekt\conda_envs\base.yml,
1,C:\Coding\AI\Dataset\!masks_for_training\1,changeformer,ChangeFormer,ok,qty_pixels_mae,87120,float,projekt-base,C:\Coding\AI\projekt\conda_envs\base.yml,
1,C:\Coding\AI\Dataset\!masks_for_training\1,changeformer,ChangeFormer,ok,qty_pixels_mape,41.3434,float,projekt-base,C:\Coding\AI\projekt\conda_envs\base.yml,
1,C:\Coding\AI\Dataset\!masks_for_training\1,changeformer,ChangeFormer,ok,qty_pixels_percentage_error,41.3434,float,projekt-base,C:\Coding\AI\projekt\conda_envs\base.yml,
1,C:\Coding\AI\Dataset\!masks_for_training\1,changeformer,ChangeFormer,ok,qty_ratio_ground_truth,0.10604,float,projekt-base,C:\Coding\AI\projekt\conda_envs\base.yml,
1,C:\Coding\AI\Dataset\!masks_for_training\1,changeformer,ChangeFormer,ok,qty_ratio_predicted,0.0621996,float,projekt-base,C:\Coding\AI\projekt\conda_envs\base.yml,
1,C:\Coding\AI\Dataset\!masks_for_training\1,changeformer,ChangeFormer,ok,qty_ratio_absolute_error,0.0438406,float,projekt-base,C:\Coding\AI\projekt\conda_envs\base.yml,
1,C:\Coding\AI\Dataset\!masks_for_training\1,changeformer,ChangeFormer,ok,qty_ratio_mae,0.0438406,float,projekt-base,C:\Coding\AI\projekt\conda_envs\base.yml,
1,C:\Coding\AI\Dataset\!masks_for_training\1,changeformer,ChangeFormer,ok,qty_ratio_mape,41.3434,float,projekt-base,C:\Coding\AI\projekt\conda_envs\base.yml,
1,C:\Coding\AI\Dataset\!masks_for_training\1,changeformer,ChangeFormer,ok,qty_ratio_percentage_error,41.3434,float,projekt-base,C:\Coding\AI\projekt\conda_envs\base.yml,
1,C:\Coding\AI\Dataset\!masks_for_training\1,efficientnet,EfficientNet,ok,analysis_mode,efficientnet_cls_pair,str,projekt-base,C:\Coding\AI\projekt\conda_envs\base.yml,
1,C:\Coding\AI\Dataset\!masks_for_training\1,efficientnet,EfficientNet,ok,inference_mode,heuristic_fallback,str,projekt-base,C:\Coding\AI\projekt\conda_envs\base.yml,
1,C:\Coding\AI\Dataset\!masks_for_training\1,efficientnet,EfficientNet,ok,model_name,efficientnet_b0,str,projekt-base,C:\Coding\AI\projekt\conda_envs\base.yml,
1,C:\Coding\AI\Dataset\!masks_for_training\1,efficientnet,EfficientNet,ok,model_source,None,str,projekt-base,C:\Coding\AI\projekt\conda_envs\base.yml,
1,C:\Coding\AI\Dataset\!masks_for_training\1,efficientnet,EfficientNet,ok,weights_path,C:\Coding\AI\projekt\weights\efficientnet_best.pt,str,projekt-base,C:\Coding\AI\projekt\conda_envs\base.yml,
1,C:\Coding\AI\Dataset\!masks_for_training\1,efficientnet,EfficientNet,ok,device_requested,auto,str,projekt-base,C:\Coding\AI\projekt\conda_envs\base.yml,
1,C:\Coding\AI\Dataset\!masks_for_training\1,efficientnet,EfficientNet,ok,device_used,cpu,str,projekt-base,C:\Coding\AI\projekt\conda_envs\base.yml,
1,C:\Coding\AI\Dataset\!masks_for_training\1,efficientnet,EfficientNet,ok,force_cpu,False,bool,projekt-base,C:\Coding\AI\projekt\conda_envs\base.yml,
1,C:\Coding\AI\Dataset\!masks_for_training\1,efficientnet,EfficientNet,ok,cuda_available,True,bool,projekt-base,C:\Coding\AI\projekt\conda_envs\base.yml,
1,C:\Coding\AI\Dataset\!masks_for_training\1,efficientnet,EfficientNet,ok,input_size,224,int,projekt-base,C:\Coding\AI\projekt\conda_envs\base.yml,
1,C:\Coding\AI\Dataset\!masks_for_training\1,efficientnet,EfficientNet,ok,dirty_threshold,0.42,float,projekt-base,C:\Coding\AI\projekt\conda_envs\base.yml,
1,C:\Coding\AI\Dataset\!masks_for_training\1,efficientnet,EfficientNet,ok,dirty_keyword_classes,2,int,projekt-base,C:\Coding\AI\projekt\conda_envs\base.yml,
1,C:\Coding\AI\Dataset\!masks_for_training\1,efficientnet,EfficientNet,ok,before_crop_count,6,int,projekt-base,C:\Coding\AI\projekt\conda_envs\base.yml,
1,C:\Coding\AI\Dataset\!masks_for_training\1,efficientnet,EfficientNet,ok,after_crop_count,6,int,projekt-base,C:\Coding\AI\projekt\conda_envs\base.yml,
1,C:\Coding\AI\Dataset\!masks_for_training\1,efficientnet,EfficientNet,ok,before_crop_dirty_prob_mean,0.67243,float,projekt-base,C:\Coding\AI\projekt\conda_envs\base.yml,
1,C:\Coding\AI\Dataset\!masks_for_training\1,efficientnet,EfficientNet,ok,after_crop_dirty_prob_mean,0.630122,float,projekt-base,C:\Coding\AI\projekt\conda_envs\base.yml,
1,C:\Coding\AI\Dataset\!masks_for_training\1,efficientnet,EfficientNet,ok,before_crop_dirty_prob_max,0.722321,float,projekt-base,C:\Coding\AI\projekt\conda_envs\base.yml,
1,C:\Coding\AI\Dataset\!masks_for_training\1,efficientnet,EfficientNet,ok,after_crop_dirty_prob_max,0.676293,float,projekt-base,C:\Coding\AI\projekt\conda_envs\base.yml,
1,C:\Coding\AI\Dataset\!masks_for_training\1,efficientnet,EfficientNet,ok,before_crop_support_ratio,1,float,projekt-base,C:\Coding\AI\projekt\conda_envs\base.yml,
1,C:\Coding\AI\Dataset\!masks_for_training\1,efficientnet,EfficientNet,ok,after_crop_support_ratio,1,float,projekt-base,C:\Coding\AI\projekt\conda_envs\base.yml,
1,C:\Coding\AI\Dataset\!masks_for_training\1,efficientnet,EfficientNet,ok,before_dirty_prob,0.708352,float,projekt-base,C:\Coding\AI\projekt\conda_envs\base.yml,
1,C:\Coding\AI\Dataset\!masks_for_training\1,efficientnet,EfficientNet,ok,after_dirty_prob,0.663365,float,projekt-base,C:\Coding\AI\projekt\conda_envs\base.yml,
1,C:\Coding\AI\Dataset\!masks_for_training\1,efficientnet,EfficientNet,ok,before_clean_prob,0.291648,float,projekt-base,C:\Coding\AI\projekt\conda_envs\base.yml,
1,C:\Coding\AI\Dataset\!masks_for_training\1,efficientnet,EfficientNet,ok,after_clean_prob,0.336635,float,projekt-base,C:\Coding\AI\projekt\conda_envs\base.yml,
1,C:\Coding\AI\Dataset\!masks_for_training\1,efficientnet,EfficientNet,ok,cleanup_delta,0.044986,float,projekt-base,C:\Coding\AI\projekt\conda_envs\base.yml,
1,C:\Coding\AI\Dataset\!masks_for_training\1,efficientnet,EfficientNet,ok,cleanup_score,0.044986,float,projekt-base,C:\Coding\AI\projekt\conda_envs\base.yml,
1,C:\Coding\AI\Dataset\!masks_for_training\1,efficientnet,EfficientNet,ok,dirty_prob_delta,-0.044986,float,projekt-base,C:\Coding\AI\projekt\conda_envs\base.yml,
1,C:\Coding\AI\Dataset\!masks_for_training\1,efficientnet,EfficientNet,ok,dirty_prob_abs_delta,0.044986,float,projekt-base,C:\Coding\AI\projekt\conda_envs\base.yml,
1,C:\Coding\AI\Dataset\!masks_for_training\1,efficientnet,EfficientNet,ok,before_pred_label,dirty,str,projekt-base,C:\Coding\AI\projekt\conda_envs\base.yml,
1,C:\Coding\AI\Dataset\!masks_for_training\1,efficientnet,EfficientNet,ok,after_pred_label,dirty,str,projekt-base,C:\Coding\AI\projekt\conda_envs\base.yml,
1,C:\Coding\AI\Dataset\!masks_for_training\1,efficientnet,EfficientNet,ok,before_top1_label,dirty,str,projekt-base,C:\Coding\AI\projekt\conda_envs\base.yml,
1,C:\Coding\AI\Dataset\!masks_for_training\1,efficientnet,EfficientNet,ok,after_top1_label,dirty,str,projekt-base,C:\Coding\AI\projekt\conda_envs\base.yml,
1,C:\Coding\AI\Dataset\!masks_for_training\1,efficientnet,EfficientNet,ok,before_top1_prob,0.722321,float,projekt-base,C:\Coding\AI\projekt\conda_envs\base.yml,
1,C:\Coding\AI\Dataset\!masks_for_training\1,efficientnet,EfficientNet,ok,after_top1_prob,0.676293,float,projekt-base,C:\Coding\AI\projekt\conda_envs\base.yml,
1,C:\Coding\AI\Dataset\!masks_for_training\1,efficientnet,EfficientNet,ok,before_entropy_norm,0.905682,float,projekt-base,C:\Coding\AI\projekt\conda_envs\base.yml,
1,C:\Coding\AI\Dataset\!masks_for_training\1,efficientnet,EfficientNet,ok,after_entropy_norm,0.947665,float,projekt-base,C:\Coding\AI\projekt\conda_envs\base.yml,
1,C:\Coding\AI\Dataset\!masks_for_training\1,efficientnet,EfficientNet,ok,before_inference_ms,0,float,projekt-base,C:\Coding\AI\projekt\conda_envs\base.yml,
1,C:\Coding\AI\Dataset\!masks_for_training\1,efficientnet,EfficientNet,ok,after_inference_ms,0,float,projekt-base,C:\Coding\AI\projekt\conda_envs\base.yml,
1,C:\Coding\AI\Dataset\!masks_for_training\1,efficientnet,EfficientNet,ok,inference_ms_total,0,float,projekt-base,C:\Coding\AI\projekt\conda_envs\base.yml,
1,C:\Coding\AI\Dataset\!masks_for_training\1,sift_ransac,SIFT + RANSAC + difference map,ok,alignment_mode,homography_ransac,str,projekt-base,C:\Coding\AI\projekt\conda_envs\base.yml,
1,C:\Coding\AI\Dataset\!masks_for_training\1,sift_ransac,SIFT + RANSAC + difference map,ok,fallback_reason,none,str,projekt-base,C:\Coding\AI\projekt\conda_envs\base.yml,
1,C:\Coding\AI\Dataset\!masks_for_training\1,sift_ransac,SIFT + RANSAC + difference map,ok,keypoints_before,24300,int,projekt-base,C:\Coding\AI\projekt\conda_envs\base.yml,
1,C:\Coding\AI\Dataset\!masks_for_training\1,sift_ransac,SIFT + RANSAC + difference map,ok,keypoints_after,23719,int,projekt-base,C:\Coding\AI\projekt\conda_envs\base.yml,
1,C:\Coding\AI\Dataset\!masks_for_training\1,sift_ransac,SIFT + RANSAC + difference map,ok,raw_matches,24300,int,projekt-base,C:\Coding\AI\projekt\conda_envs\base.yml,
1,C:\Coding\AI\Dataset\!masks_for_training\1,sift_ransac,SIFT + RANSAC + difference map,ok,good_matches,507,int,projekt-base,C:\Coding\AI\projekt\conda_envs\base.yml,
1,C:\Coding\AI\Dataset\!masks_for_training\1,sift_ransac,SIFT + RANSAC + difference map,ok,inliers,272,int,projekt-base,C:\Coding\AI\projekt\conda_envs\base.yml,
1,C:\Coding\AI\Dataset\!masks_for_training\1,sift_ransac,SIFT + RANSAC + difference map,ok,inlier_ratio,0.5365,float,projekt-base,C:\Coding\AI\projekt\conda_envs\base.yml,
1,C:\Coding\AI\Dataset\!masks_for_training\1,sift_ransac,SIFT + RANSAC + difference map,ok,change_pixels,337051,int,projekt-base,C:\Coding\AI\projekt\conda_envs\base.yml,
1,C:\Coding\AI\Dataset\!masks_for_training\1,sift_ransac,SIFT + RANSAC + difference map,ok,overlap_pixels,1918496,int,projekt-base,C:\Coding\AI\projekt\conda_envs\base.yml,
1,C:\Coding\AI\Dataset\!masks_for_training\1,sift_ransac,SIFT + RANSAC + difference map,ok,canvas_pixels,3014192,int,projekt-base,C:\Coding\AI\projekt\conda_envs\base.yml,
1,C:\Coding\AI\Dataset\!masks_for_training\1,sift_ransac,SIFT + RANSAC + difference map,ok,overlap_ratio,0.6365,float,projekt-base,C:\Coding\AI\projekt\conda_envs\base.yml,
1,C:\Coding\AI\Dataset\!masks_for_training\1,sift_ransac,SIFT + RANSAC + difference map,ok,change_ratio,0.175685,float,projekt-base,C:\Coding\AI\projekt\conda_envs\base.yml,
1,C:\Coding\AI\Dataset\!masks_for_training\1,sift_ransac,SIFT + RANSAC + difference map,ok,otsu_threshold,50,float,projekt-base,C:\Coding\AI\projekt\conda_envs\base.yml,
1,C:\Coding\AI\Dataset\!masks_for_training\1,sift_ransac,SIFT + RANSAC + difference map,ok,segm_gt_pixels,210723,float,projekt-base,C:\Coding\AI\projekt\conda_envs\base.yml,
1,C:\Coding\AI\Dataset\!masks_for_training\1,sift_ransac,SIFT + RANSAC + difference map,ok,segm_pred_pixels,222378,float,projekt-base,C:\Coding\AI\projekt\conda_envs\base.yml,
1,C:\Coding\AI\Dataset\!masks_for_training\1,sift_ransac,SIFT + RANSAC + difference map,ok,segm_intersection_pixels,68521,float,projekt-base,C:\Coding\AI\projekt\conda_envs\base.yml,
1,C:\Coding\AI\Dataset\!masks_for_training\1,sift_ransac,SIFT + RANSAC + difference map,ok,segm_union_pixels,364580,float,projekt-base,C:\Coding\AI\projekt\conda_envs\base.yml,
1,C:\Coding\AI\Dataset\!masks_for_training\1,sift_ransac,SIFT + RANSAC + difference map,ok,segm_iou,0.187945,float,projekt-base,C:\Coding\AI\projekt\conda_envs\base.yml,
1,C:\Coding\AI\Dataset\!masks_for_training\1,sift_ransac,SIFT + RANSAC + difference map,ok,segm_dice,0.31642,float,projekt-base,C:\Coding\AI\projekt\conda_envs\base.yml,
1,C:\Coding\AI\Dataset\!masks_for_training\1,sift_ransac,SIFT + RANSAC + difference map,ok,qty_pixels_ground_truth,210723,float,projekt-base,C:\Coding\AI\projekt\conda_envs\base.yml,
1,C:\Coding\AI\Dataset\!masks_for_training\1,sift_ransac,SIFT + RANSAC + difference map,ok,qty_pixels_predicted,337051,float,projekt-base,C:\Coding\AI\projekt\conda_envs\base.yml,
1,C:\Coding\AI\Dataset\!masks_for_training\1,sift_ransac,SIFT + RANSAC + difference map,ok,qty_pixels_absolute_error,126328,float,projekt-base,C:\Coding\AI\projekt\conda_envs\base.yml,
1,C:\Coding\AI\Dataset\!masks_for_training\1,sift_ransac,SIFT + RANSAC + difference map,ok,qty_pixels_mae,126328,float,projekt-base,C:\Coding\AI\projekt\conda_envs\base.yml,
1,C:\Coding\AI\Dataset\!masks_for_training\1,sift_ransac,SIFT + RANSAC + difference map,ok,qty_pixels_mape,59.9498,float,projekt-base,C:\Coding\AI\projekt\conda_envs\base.yml,
1,C:\Coding\AI\Dataset\!masks_for_training\1,sift_ransac,SIFT + RANSAC + difference map,ok,qty_pixels_percentage_error,59.9498,float,projekt-base,C:\Coding\AI\projekt\conda_envs\base.yml,
1,C:\Coding\AI\Dataset\!masks_for_training\1,sift_ransac,SIFT + RANSAC + difference map,ok,qty_ratio_ground_truth,0.10604,float,projekt-base,C:\Coding\AI\projekt\conda_envs\base.yml,
1,C:\Coding\AI\Dataset\!masks_for_training\1,sift_ransac,SIFT + RANSAC + difference map,ok,qty_ratio_predicted,0.169611,float,projekt-base,C:\Coding\AI\projekt\conda_envs\base.yml,
1,C:\Coding\AI\Dataset\!masks_for_training\1,sift_ransac,SIFT + RANSAC + difference map,ok,qty_ratio_absolute_error,0.0635709,float,projekt-base,C:\Coding\AI\projekt\conda_envs\base.yml,
1,C:\Coding\AI\Dataset\!masks_for_training\1,sift_ransac,SIFT + RANSAC + difference map,ok,qty_ratio_mae,0.0635709,float,projekt-base,C:\Coding\AI\projekt\conda_envs\base.yml,
1,C:\Coding\AI\Dataset\!masks_for_training\1,sift_ransac,SIFT + RANSAC + difference map,ok,qty_ratio_mape,59.9498,float,projekt-base,C:\Coding\AI\projekt\conda_envs\base.yml,
1,C:\Coding\AI\Dataset\!masks_for_training\1,sift_ransac,SIFT + RANSAC + difference map,ok,qty_ratio_percentage_error,59.9498,float,projekt-base,C:\Coding\AI\projekt\conda_envs\base.yml,
1,C:\Coding\AI\Dataset\!masks_for_training\1,siamese_unet,Siamese U-Net,ok,analysis_mode,siamese_unet_cd_pair,str,projekt-base,C:\Coding\AI\projekt\conda_envs\base.yml,
1,C:\Coding\AI\Dataset\!masks_for_training\1,siamese_unet,Siamese U-Net,ok,model_source,C:\Coding\AI\projekt\weights\siamese_unet_cd_real17_finetuned_best.pt,str,projekt-base,C:\Coding\AI\projekt\conda_envs\base.yml,
1,C:\Coding\AI\Dataset\!masks_for_training\1,siamese_unet,Siamese U-Net,ok,device_requested,auto,str,projekt-base,C:\Coding\AI\projekt\conda_envs\base.yml,
1,C:\Coding\AI\Dataset\!masks_for_training\1,siamese_unet,Siamese U-Net,ok,device_used,cuda,str,projekt-base,C:\Coding\AI\projekt\conda_envs\base.yml,
1,C:\Coding\AI\Dataset\!masks_for_training\1,siamese_unet,Siamese U-Net,ok,force_cpu,False,bool,projekt-base,C:\Coding\AI\projekt\conda_envs\base.yml,
1,C:\Coding\AI\Dataset\!masks_for_training\1,siamese_unet,Siamese U-Net,ok,input_size,384,int,projekt-base,C:\Coding\AI\projekt\conda_envs\base.yml,
1,C:\Coding\AI\Dataset\!masks_for_training\1,siamese_unet,Siamese U-Net,ok,threshold,0.65,float,projekt-base,C:\Coding\AI\projekt\conda_envs\base.yml,
1,C:\Coding\AI\Dataset\!masks_for_training\1,siamese_unet,Siamese U-Net,ok,alignment_mode,homography_ransac,str,projekt-base,C:\Coding\AI\projekt\conda_envs\base.yml,
1,C:\Coding\AI\Dataset\!masks_for_training\1,siamese_unet,Siamese U-Net,ok,change_pixels,126971,int,projekt-base,C:\Coding\AI\projekt\conda_envs\base.yml,
1,C:\Coding\AI\Dataset\!masks_for_training\1,siamese_unet,Siamese U-Net,ok,overlap_pixels,1918496,int,projekt-base,C:\Coding\AI\projekt\conda_envs\base.yml,
1,C:\Coding\AI\Dataset\!masks_for_training\1,siamese_unet,Siamese U-Net,ok,canvas_pixels,3014192,int,projekt-base,C:\Coding\AI\projekt\conda_envs\base.yml,
1,C:\Coding\AI\Dataset\!masks_for_training\1,siamese_unet,Siamese U-Net,ok,overlap_ratio,0.636488,float,projekt-base,C:\Coding\AI\projekt\conda_envs\base.yml,
1,C:\Coding\AI\Dataset\!masks_for_training\1,siamese_unet,Siamese U-Net,ok,change_ratio,0.066183,float,projekt-base,C:\Coding\AI\projekt\conda_envs\base.yml,
1,C:\Coding\AI\Dataset\!masks_for_training\1,siamese_unet,Siamese U-Net,ok,inference_ms,64.71,float,projekt-base,C:\Coding\AI\projekt\conda_envs\base.yml,
1,C:\Coding\AI\Dataset\!masks_for_training\1,siamese_unet,Siamese U-Net,ok,weights_path,,NoneType,projekt-base,C:\Coding\AI\projekt\conda_envs\base.yml,
1,C:\Coding\AI\Dataset\!masks_for_training\1,siamese_unet,Siamese U-Net,ok,dinov2_hint_used,False,bool,projekt-base,C:\Coding\AI\projekt\conda_envs\base.yml,
1,C:\Coding\AI\Dataset\!masks_for_training\1,siamese_unet,Siamese U-Net,ok,segm_gt_pixels,210723,float,projekt-base,C:\Coding\AI\projekt\conda_envs\base.yml,
1,C:\Coding\AI\Dataset\!masks_for_training\1,siamese_unet,Siamese U-Net,ok,segm_pred_pixels,83540,float,projekt-base,C:\Coding\AI\projekt\conda_envs\base.yml,
1,C:\Coding\AI\Dataset\!masks_for_training\1,siamese_unet,Siamese U-Net,ok,segm_intersection_pixels,23732,float,projekt-base,C:\Coding\AI\projekt\conda_envs\base.yml,
1,C:\Coding\AI\Dataset\!masks_for_training\1,siamese_unet,Siamese U-Net,ok,segm_union_pixels,270531,float,projekt-base,C:\Coding\AI\projekt\conda_envs\base.yml,
1,C:\Coding\AI\Dataset\!masks_for_training\1,siamese_unet,Siamese U-Net,ok,segm_iou,0.0877238,float,projekt-base,C:\Coding\AI\projekt\conda_envs\base.yml,
1,C:\Coding\AI\Dataset\!masks_for_training\1,siamese_unet,Siamese U-Net,ok,segm_dice,0.161298,float,projekt-base,C:\Coding\AI\projekt\conda_envs\base.yml,
1,C:\Coding\AI\Dataset\!masks_for_training\1,siamese_unet,Siamese U-Net,ok,qty_pixels_ground_truth,210723,float,projekt-base,C:\Coding\AI\projekt\conda_envs\base.yml,
1,C:\Coding\AI\Dataset\!masks_for_training\1,siamese_unet,Siamese U-Net,ok,qty_pixels_predicted,126971,float,projekt-base,C:\Coding\AI\projekt\conda_envs\base.yml,
1,C:\Coding\AI\Dataset\!masks_for_training\1,siamese_unet,Siamese U-Net,ok,qty_pixels_absolute_error,83752,float,projekt-base,C:\Coding\AI\projekt\conda_envs\base.yml,
1,C:\Coding\AI\Dataset\!masks_for_training\1,siamese_unet,Siamese U-Net,ok,qty_pixels_mae,83752,float,projekt-base,C:\Coding\AI\projekt\conda_envs\base.yml,
1,C:\Coding\AI\Dataset\!masks_for_training\1,siamese_unet,Siamese U-Net,ok,qty_pixels_mape,39.7451,float,projekt-base,C:\Coding\AI\projekt\conda_envs\base.yml,
1,C:\Coding\AI\Dataset\!masks_for_training\1,siamese_unet,Siamese U-Net,ok,qty_pixels_percentage_error,39.7451,float,projekt-base,C:\Coding\AI\projekt\conda_envs\base.yml,
1,C:\Coding\AI\Dataset\!masks_for_training\1,siamese_unet,Siamese U-Net,ok,qty_ratio_ground_truth,0.10604,float,projekt-base,C:\Coding\AI\projekt\conda_envs\base.yml,
1,C:\Coding\AI\Dataset\!masks_for_training\1,siamese_unet,Siamese U-Net,ok,qty_ratio_predicted,0.0638944,float,projekt-base,C:\Coding\AI\projekt\conda_envs\base.yml,
1,C:\Coding\AI\Dataset\!masks_for_training\1,siamese_unet,Siamese U-Net,ok,qty_ratio_absolute_error,0.0421457,float,projekt-base,C:\Coding\AI\projekt\conda_envs\base.yml,
1,C:\Coding\AI\Dataset\!masks_for_training\1,siamese_unet,Siamese U-Net,ok,qty_ratio_mae,0.0421457,float,projekt-base,C:\Coding\AI\projekt\conda_envs\base.yml,
1,C:\Coding\AI\Dataset\!masks_for_training\1,siamese_unet,Siamese U-Net,ok,qty_ratio_mape,39.7451,float,projekt-base,C:\Coding\AI\projekt\conda_envs\base.yml,
1,C:\Coding\AI\Dataset\!masks_for_training\1,siamese_unet,Siamese U-Net,ok,qty_ratio_percentage_error,39.7451,float,projekt-base,C:\Coding\AI\projekt\conda_envs\base.yml,
1,C:\Coding\AI\Dataset\!masks_for_training\1,yolov8_seg,YOLOv8-seg,ok,analysis_mode,yolov8_seg_pair,str,projekt-base,C:\Coding\AI\projekt\conda_envs\base.yml,
1,C:\Coding\AI\Dataset\!masks_for_training\1,yolov8_seg,YOLOv8-seg,ok,model_name,C:\Coding\AI\projekt\weights\yolov8m_trash_finetuned.pt,str,projekt-base,C:\Coding\AI\projekt\conda_envs\base.yml,
1,C:\Coding\AI\Dataset\!masks_for_training\1,yolov8_seg,YOLOv8-seg,ok,model_source,C:\Coding\AI\projekt\weights\yolov8m_seg_best_new+fine-tune.pt,str,projekt-base,C:\Coding\AI\projekt\conda_envs\base.yml,
1,C:\Coding\AI\Dataset\!masks_for_training\1,yolov8_seg,YOLOv8-seg,ok,device_requested,auto,str,projekt-base,C:\Coding\AI\projekt\conda_envs\base.yml,
1,C:\Coding\AI\Dataset\!masks_for_training\1,yolov8_seg,YOLOv8-seg,ok,device_used,cuda,str,projekt-base,C:\Coding\AI\projekt\conda_envs\base.yml,
1,C:\Coding\AI\Dataset\!masks_for_training\1,yolov8_seg,YOLOv8-seg,ok,force_cpu,False,bool,projekt-base,C:\Coding\AI\projekt\conda_envs\base.yml,
1,C:\Coding\AI\Dataset\!masks_for_training\1,yolov8_seg,YOLOv8-seg,ok,cuda_available,True,bool,projekt-base,C:\Coding\AI\projekt\conda_envs\base.yml,
1,C:\Coding\AI\Dataset\!masks_for_training\1,yolov8_seg,YOLOv8-seg,ok,image_size,1536,int,projekt-base,C:\Coding\AI\projekt\conda_envs\base.yml,
1,C:\Coding\AI\Dataset\!masks_for_training\1,yolov8_seg,YOLOv8-seg,ok,confidence_threshold,0.35,float,projekt-base,C:\Coding\AI\projekt\conda_envs\base.yml,
1,C:\Coding\AI\Dataset\!masks_for_training\1,yolov8_seg,YOLOv8-seg,ok,iou_threshold,0.4,float,projekt-base,C:\Coding\AI\projekt\conda_envs\base.yml,
1,C:\Coding\AI\Dataset\!masks_for_training\1,yolov8_seg,YOLOv8-seg,ok,tile_inference_mode,auto,str,projekt-base,C:\Coding\AI\projekt\conda_envs\base.yml,
1,C:\Coding\AI\Dataset\!masks_for_training\1,yolov8_seg,YOLOv8-seg,ok,tile_size,640,int,projekt-base,C:\Coding\AI\projekt\conda_envs\base.yml,
1,C:\Coding\AI\Dataset\!masks_for_training\1,yolov8_seg,YOLOv8-seg,ok,tile_overlap_ratio,0.5,float,projekt-base,C:\Coding\AI\projekt\conda_envs\base.yml,
1,C:\Coding\AI\Dataset\!masks_for_training\1,yolov8_seg,YOLOv8-seg,ok,before_tile_count,16,int,projekt-base,C:\Coding\AI\projekt\conda_envs\base.yml,
1,C:\Coding\AI\Dataset\!masks_for_training\1,yolov8_seg,YOLOv8-seg,ok,after_tile_count,16,int,projekt-base,C:\Coding\AI\projekt\conda_envs\base.yml,
1,C:\Coding\AI\Dataset\!masks_for_training\1,yolov8_seg,YOLOv8-seg,ok,selected_class_count,0,int,projekt-base,C:\Coding\AI\projekt\conda_envs\base.yml,
1,C:\Coding\AI\Dataset\!masks_for_training\1,yolov8_seg,YOLOv8-seg,ok,selected_class_ids,[],list,projekt-base,C:\Coding\AI\projekt\conda_envs\base.yml,
1,C:\Coding\AI\Dataset\!masks_for_training\1,yolov8_seg,YOLOv8-seg,ok,taco_dataset_root,C:\Coding\AI\projekt\datasets\TACO,str,projekt-base,C:\Coding\AI\projekt\conda_envs\base.yml,
1,C:\Coding\AI\Dataset\!masks_for_training\1,yolov8_seg,YOLOv8-seg,ok,taco_annotations_path,C:\Coding\AI\projekt\datasets\TACO\data\annotations.json,str,projekt-base,C:\Coding\AI\projekt\conda_envs\base.yml,
1,C:\Coding\AI\Dataset\!masks_for_training\1,yolov8_seg,YOLOv8-seg,ok,taco_export_root,C:\Coding\AI\projekt\datasets\TACO\yolo_seg,str,projekt-base,C:\Coding\AI\projekt\conda_envs\base.yml,
1,C:\Coding\AI\Dataset\!masks_for_training\1,yolov8_seg,YOLOv8-seg,ok,taco_data_yaml,C:\Coding\AI\projekt\datasets\TACO\yolo_seg\data.yaml,str,projekt-base,C:\Coding\AI\projekt\conda_envs\base.yml,
1,C:\Coding\AI\Dataset\!masks_for_training\1,yolov8_seg,YOLOv8-seg,ok,taco_source_images,1500,int,projekt-base,C:\Coding\AI\projekt\conda_envs\base.yml,
1,C:\Coding\AI\Dataset\!masks_for_training\1,yolov8_seg,YOLOv8-seg,ok,taco_exported_images,1500,int,projekt-base,C:\Coding\AI\projekt\conda_envs\base.yml,
1,C:\Coding\AI\Dataset\!masks_for_training\1,yolov8_seg,YOLOv8-seg,ok,taco_exported_labels,1500,int,projekt-base,C:\Coding\AI\projekt\conda_envs\base.yml,
1,C:\Coding\AI\Dataset\!masks_for_training\1,yolov8_seg,YOLOv8-seg,ok,taco_skipped_missing_images,0,int,projekt-base,C:\Coding\AI\projekt\conda_envs\base.yml,
1,C:\Coding\AI\Dataset\!masks_for_training\1,yolov8_seg,YOLOv8-seg,ok,taco_skipped_invalid_polygons,0,int,projekt-base,C:\Coding\AI\projekt\conda_envs\base.yml,
1,C:\Coding\AI\Dataset\!masks_for_training\1,yolov8_seg,YOLOv8-seg,ok,before_instance_count,19,int,projekt-base,C:\Coding\AI\projekt\conda_envs\base.yml,
1,C:\Coding\AI\Dataset\!masks_for_training\1,yolov8_seg,YOLOv8-seg,ok,after_instance_count,9,int,projekt-base,C:\Coding\AI\projekt\conda_envs\base.yml,
1,C:\Coding\AI\Dataset\!masks_for_training\1,yolov8_seg,YOLOv8-seg,ok,instance_count_total,28,int,projekt-base,C:\Coding\AI\projekt\conda_envs\base.yml,
1,C:\Coding\AI\Dataset\!masks_for_training\1,yolov8_seg,YOLOv8-seg,ok,before_mask_area_px,212418,int,projekt-base,C:\Coding\AI\projekt\conda_envs\base.yml,
1,C:\Coding\AI\Dataset\!masks_for_training\1,yolov8_seg,YOLOv8-seg,ok,after_mask_area_px,46802,int,projekt-base,C:\Coding\AI\projekt\conda_envs\base.yml,
1,C:\Coding\AI\Dataset\!masks_for_training\1,yolov8_seg,YOLOv8-seg,ok,before_mask_area_ratio,0.106893,float,projekt-base,C:\Coding\AI\projekt\conda_envs\base.yml,
1,C:\Coding\AI\Dataset\!masks_for_training\1,yolov8_seg,YOLOv8-seg,ok,after_mask_area_ratio,0.023552,float,projekt-base,C:\Coding\AI\projekt\conda_envs\base.yml,
1,C:\Coding\AI\Dataset\!masks_for_training\1,yolov8_seg,YOLOv8-seg,ok,mask_area_delta_px,-165616,int,projekt-base,C:\Coding\AI\projekt\conda_envs\base.yml,
1,C:\Coding\AI\Dataset\!masks_for_training\1,yolov8_seg,YOLOv8-seg,ok,mask_area_delta_ratio,-0.083341,float,projekt-base,C:\Coding\AI\projekt\conda_envs\base.yml,
1,C:\Coding\AI\Dataset\!masks_for_training\1,yolov8_seg,YOLOv8-seg,ok,before_bbox_area_px,636836,int,projekt-base,C:\Coding\AI\projekt\conda_envs\base.yml,
1,C:\Coding\AI\Dataset\!masks_for_training\1,yolov8_seg,YOLOv8-seg,ok,after_bbox_area_px,83439,int,projekt-base,C:\Coding\AI\projekt\conda_envs\base.yml,
1,C:\Coding\AI\Dataset\!masks_for_training\1,yolov8_seg,YOLOv8-seg,ok,before_mean_confidence,0.603027,float,projekt-base,C:\Coding\AI\projekt\conda_envs\base.yml,
1,C:\Coding\AI\Dataset\!masks_for_training\1,yolov8_seg,YOLOv8-seg,ok,after_mean_confidence,0.591297,float,projekt-base,C:\Coding\AI\projekt\conda_envs\base.yml,
1,C:\Coding\AI\Dataset\!masks_for_training\1,yolov8_seg,YOLOv8-seg,ok,before_inference_ms,726.433,float,projekt-base,C:\Coding\AI\projekt\conda_envs\base.yml,
1,C:\Coding\AI\Dataset\!masks_for_training\1,yolov8_seg,YOLOv8-seg,ok,after_inference_ms,330.693,float,projekt-base,C:\Coding\AI\projekt\conda_envs\base.yml,
1,C:\Coding\AI\Dataset\!masks_for_training\1,yolov8_seg,YOLOv8-seg,ok,inference_ms_total,1057.13,float,projekt-base,C:\Coding\AI\projekt\conda_envs\base.yml,
10,C:\Coding\AI\Dataset\!masks_for_training\10,changeformer,ChangeFormer,ok,analysis_mode,changeformer_pair,str,projekt-base,C:\Coding\AI\projekt\conda_envs\base.yml,
10,C:\Coding\AI\Dataset\!masks_for_training\10,changeformer,ChangeFormer,ok,inference_mode,trained_checkpoint,str,projekt-base,C:\Coding\AI\projekt\conda_envs\base.yml,
10,C:\Coding\AI\Dataset\!masks_for_training\10,changeformer,ChangeFormer,ok,model_name,pvt_v2_b0,str,projekt-base,C:\Coding\AI\projekt\conda_envs\base.yml,
10,C:\Coding\AI\Dataset\!masks_for_training\10,changeformer,ChangeFormer,ok,model_source,C:\Coding\AI\projekt\weights\changeformer_best.pt,str,projekt-base,C:\Coding\AI\projekt\conda_envs\base.yml,
10,C:\Coding\AI\Dataset\!masks_for_training\10,changeformer,ChangeFormer,ok,python_executable,C:\Users\jetgera\miniconda3\envs\projekt-base\python.exe,str,projekt-base,C:\Coding\AI\projekt\conda_envs\base.yml,
10,C:\Coding\AI\Dataset\!masks_for_training\10,changeformer,ChangeFormer,ok,torch_import_ok,True,bool,projekt-base,C:\Coding\AI\projekt\conda_envs\base.yml,
10,C:\Coding\AI\Dataset\!masks_for_training\10,changeformer,ChangeFormer,ok,timm_import_ok,True,bool,projekt-base,C:\Coding\AI\projekt\conda_envs\base.yml,
10,C:\Coding\AI\Dataset\!masks_for_training\10,changeformer,ChangeFormer,ok,torch_version,2.12.0+cu132,TorchVersion,projekt-base,C:\Coding\AI\projekt\conda_envs\base.yml,
10,C:\Coding\AI\Dataset\!masks_for_training\10,changeformer,ChangeFormer,ok,timm_version,1.0.27,str,projekt-base,C:\Coding\AI\projekt\conda_envs\base.yml,
10,C:\Coding\AI\Dataset\!masks_for_training\10,changeformer,ChangeFormer,ok,torch_import_error,,NoneType,projekt-base,C:\Coding\AI\projekt\conda_envs\base.yml,
10,C:\Coding\AI\Dataset\!masks_for_training\10,changeformer,ChangeFormer,ok,timm_import_error,,NoneType,projekt-base,C:\Coding\AI\projekt\conda_envs\base.yml,
10,C:\Coding\AI\Dataset\!masks_for_training\10,changeformer,ChangeFormer,ok,weights_path,C:\Coding\AI\projekt\weights\changeformer_best.pt,str,projekt-base,C:\Coding\AI\projekt\conda_envs\base.yml,
10,C:\Coding\AI\Dataset\!masks_for_training\10,changeformer,ChangeFormer,ok,device_requested,auto,str,projekt-base,C:\Coding\AI\projekt\conda_envs\base.yml,
10,C:\Coding\AI\Dataset\!masks_for_training\10,changeformer,ChangeFormer,ok,device_used,cuda,str,projekt-base,C:\Coding\AI\projekt\conda_envs\base.yml,
10,C:\Coding\AI\Dataset\!masks_for_training\10,changeformer,ChangeFormer,ok,force_cpu,False,bool,projekt-base,C:\Coding\AI\projekt\conda_envs\base.yml,
10,C:\Coding\AI\Dataset\!masks_for_training\10,changeformer,ChangeFormer,ok,cuda_available,True,bool,projekt-base,C:\Coding\AI\projekt\conda_envs\base.yml,
10,C:\Coding\AI\Dataset\!masks_for_training\10,changeformer,ChangeFormer,ok,input_size,512,int,projekt-base,C:\Coding\AI\projekt\conda_envs\base.yml,
10,C:\Coding\AI\Dataset\!masks_for_training\10,changeformer,ChangeFormer,ok,threshold_percentile,93,float,projekt-base,C:\Coding\AI\projekt\conda_envs\base.yml,
10,C:\Coding\AI\Dataset\!masks_for_training\10,changeformer,ChangeFormer,ok,threshold_value,0.777098,float,projekt-base,C:\Coding\AI\projekt\conda_envs\base.yml,
10,C:\Coding\AI\Dataset\!masks_for_training\10,changeformer,ChangeFormer,ok,alignment_mode,sift_homography_ransac,str,projekt-base,C:\Coding\AI\projekt\conda_envs\base.yml,
10,C:\Coding\AI\Dataset\!masks_for_training\10,changeformer,ChangeFormer,ok,alignment_ecc_score,,NoneType,projekt-base,C:\Coding\AI\projekt\conda_envs\base.yml,
10,C:\Coding\AI\Dataset\!masks_for_training\10,changeformer,ChangeFormer,ok,alignment_quality,0.578282,float,projekt-base,C:\Coding\AI\projekt\conda_envs\base.yml,
10,C:\Coding\AI\Dataset\!masks_for_training\10,changeformer,ChangeFormer,ok,alignment_rotation_deg,0,int,projekt-base,C:\Coding\AI\projekt\conda_envs\base.yml,
10,C:\Coding\AI\Dataset\!masks_for_training\10,changeformer,ChangeFormer,ok,scene_consistency,0.83707,float,projekt-base,C:\Coding\AI\projekt\conda_envs\base.yml,
10,C:\Coding\AI\Dataset\!masks_for_training\10,changeformer,ChangeFormer,ok,scene_mismatch_suppressed,False,bool,projekt-base,C:\Coding\AI\projekt\conda_envs\base.yml,
10,C:\Coding\AI\Dataset\!masks_for_training\10,changeformer,ChangeFormer,ok,fallback_reason,,NoneType,projekt-base,C:\Coding\AI\projekt\conda_envs\base.yml,
10,C:\Coding\AI\Dataset\!masks_for_training\10,changeformer,ChangeFormer,ok,change_pixels,11006,int,projekt-base,C:\Coding\AI\projekt\conda_envs\base.yml,
10,C:\Coding\AI\Dataset\!masks_for_training\10,changeformer,ChangeFormer,ok,overlap_pixels,412860,int,projekt-base,C:\Coding\AI\projekt\conda_envs\base.yml,
10,C:\Coding\AI\Dataset\!masks_for_training\10,changeformer,ChangeFormer,ok,canvas_pixels,583200,int,projekt-base,C:\Coding\AI\projekt\conda_envs\base.yml,
10,C:\Coding\AI\Dataset\!masks_for_training\10,changeformer,ChangeFormer,ok,overlap_ratio,0.707922,float,projekt-base,C:\Coding\AI\projekt\conda_envs\base.yml,
10,C:\Coding\AI\Dataset\!masks_for_training\10,changeformer,ChangeFormer,ok,change_ratio,0.026658,float,projekt-base,C:\Coding\AI\projekt\conda_envs\base.yml,
10,C:\Coding\AI\Dataset\!masks_for_training\10,changeformer,ChangeFormer,ok,inference_ms,200.787,float,projekt-base,C:\Coding\AI\projekt\conda_envs\base.yml,
10,C:\Coding\AI\Dataset\!masks_for_training\10,changeformer,ChangeFormer,ok,segm_gt_pixels,187396,float,projekt-base,C:\Coding\AI\projekt\conda_envs\base.yml,
10,C:\Coding\AI\Dataset\!masks_for_training\10,changeformer,ChangeFormer,ok,segm_pred_pixels,11006,float,projekt-base,C:\Coding\AI\projekt\conda_envs\base.yml,
10,C:\Coding\AI\Dataset\!masks_for_training\10,changeformer,ChangeFormer,ok,segm_intersection_pixels,10477,float,projekt-base,C:\Coding\AI\projekt\conda_envs\base.yml,
10,C:\Coding\AI\Dataset\!masks_for_training\10,changeformer,ChangeFormer,ok,segm_union_pixels,187925,float,projekt-base,C:\Coding\AI\projekt\conda_envs\base.yml,
10,C:\Coding\AI\Dataset\!masks_for_training\10,changeformer,ChangeFormer,ok,segm_iou,0.055751,float,projekt-base,C:\Coding\AI\projekt\conda_envs\base.yml,
10,C:\Coding\AI\Dataset\!masks_for_training\10,changeformer,ChangeFormer,ok,segm_dice,0.105614,float,projekt-base,C:\Coding\AI\projekt\conda_envs\base.yml,
10,C:\Coding\AI\Dataset\!masks_for_training\10,changeformer,ChangeFormer,ok,qty_pixels_ground_truth,187396,float,projekt-base,C:\Coding\AI\projekt\conda_envs\base.yml,
10,C:\Coding\AI\Dataset\!masks_for_training\10,changeformer,ChangeFormer,ok,qty_pixels_predicted,11006,float,projekt-base,C:\Coding\AI\projekt\conda_envs\base.yml,
10,C:\Coding\AI\Dataset\!masks_for_training\10,changeformer,ChangeFormer,ok,qty_pixels_absolute_error,176390,float,projekt-base,C:\Coding\AI\projekt\conda_envs\base.yml,
10,C:\Coding\AI\Dataset\!masks_for_training\10,changeformer,ChangeFormer,ok,qty_pixels_mae,176390,float,projekt-base,C:\Coding\AI\projekt\conda_envs\base.yml,
10,C:\Coding\AI\Dataset\!masks_for_training\10,changeformer,ChangeFormer,ok,qty_pixels_mape,94.1269,float,projekt-base,C:\Coding\AI\projekt\conda_envs\base.yml,
10,C:\Coding\AI\Dataset\!masks_for_training\10,changeformer,ChangeFormer,ok,qty_pixels_percentage_error,94.1269,float,projekt-base,C:\Coding\AI\projekt\conda_envs\base.yml,
10,C:\Coding\AI\Dataset\!masks_for_training\10,changeformer,ChangeFormer,ok,qty_ratio_ground_truth,0.321324,float,projekt-base,C:\Coding\AI\projekt\conda_envs\base.yml,
10,C:\Coding\AI\Dataset\!masks_for_training\10,changeformer,ChangeFormer,ok,qty_ratio_predicted,0.0188717,float,projekt-base,C:\Coding\AI\projekt\conda_envs\base.yml,
10,C:\Coding\AI\Dataset\!masks_for_training\10,changeformer,ChangeFormer,ok,qty_ratio_absolute_error,0.302452,float,projekt-base,C:\Coding\AI\projekt\conda_envs\base.yml,
10,C:\Coding\AI\Dataset\!masks_for_training\10,changeformer,ChangeFormer,ok,qty_ratio_mae,0.302452,float,projekt-base,C:\Coding\AI\projekt\conda_envs\base.yml,
10,C:\Coding\AI\Dataset\!masks_for_training\10,changeformer,ChangeFormer,ok,qty_ratio_mape,94.1269,float,projekt-base,C:\Coding\AI\projekt\conda_envs\base.yml,
10,C:\Coding\AI\Dataset\!masks_for_training\10,changeformer,ChangeFormer,ok,qty_ratio_percentage_error,94.1269,float,projekt-base,C:\Coding\AI\projekt\conda_envs\base.yml,
10,C:\Coding\AI\Dataset\!masks_for_training\10,efficientnet,EfficientNet,ok,analysis_mode,efficientnet_cls_pair,str,projekt-base,C:\Coding\AI\projekt\conda_envs\base.yml,
10,C:\Coding\AI\Dataset\!masks_for_training\10,efficientnet,EfficientNet,ok,inference_mode,heuristic_fallback,str,projekt-base,C:\Coding\AI\projekt\conda_envs\base.yml,
10,C:\Coding\AI\Dataset\!masks_for_training\10,efficientnet,EfficientNet,ok,model_name,efficientnet_b0,str,projekt-base,C:\Coding\AI\projekt\conda_envs\base.yml,
10,C:\Coding\AI\Dataset\!masks_for_training\10,efficientnet,EfficientNet,ok,model_source,None,str,projekt-base,C:\Coding\AI\projekt\conda_envs\base.yml,
10,C:\Coding\AI\Dataset\!masks_for_training\10,efficientnet,EfficientNet,ok,weights_path,C:\Coding\AI\projekt\weights\efficientnet_best.pt,str,projekt-base,C:\Coding\AI\projekt\conda_envs\base.yml,
10,C:\Coding\AI\Dataset\!masks_for_training\10,efficientnet,EfficientNet,ok,device_requested,auto,str,projekt-base,C:\Coding\AI\projekt\conda_envs\base.yml,
10,C:\Coding\AI\Dataset\!masks_for_training\10,efficientnet,EfficientNet,ok,device_used,cpu,str,projekt-base,C:\Coding\AI\projekt\conda_envs\base.yml,
10,C:\Coding\AI\Dataset\!masks_for_training\10,efficientnet,EfficientNet,ok,force_cpu,False,bool,projekt-base,C:\Coding\AI\projekt\conda_envs\base.yml,
10,C:\Coding\AI\Dataset\!masks_for_training\10,efficientnet,EfficientNet,ok,cuda_available,True,bool,projekt-base,C:\Coding\AI\projekt\conda_envs\base.yml,
10,C:\Coding\AI\Dataset\!masks_for_training\10,efficientnet,EfficientNet,ok,input_size,224,int,projekt-base,C:\Coding\AI\projekt\conda_envs\base.yml,
10,C:\Coding\AI\Dataset\!masks_for_training\10,efficientnet,EfficientNet,ok,dirty_threshold,0.42,float,projekt-base,C:\Coding\AI\projekt\conda_envs\base.yml,
10,C:\Coding\AI\Dataset\!masks_for_training\10,efficientnet,EfficientNet,ok,dirty_keyword_classes,2,int,projekt-base,C:\Coding\AI\projekt\conda_envs\base.yml,
10,C:\Coding\AI\Dataset\!masks_for_training\10,efficientnet,EfficientNet,ok,before_crop_count,6,int,projekt-base,C:\Coding\AI\projekt\conda_envs\base.yml,
10,C:\Coding\AI\Dataset\!masks_for_training\10,efficientnet,EfficientNet,ok,after_crop_count,6,int,projekt-base,C:\Coding\AI\projekt\conda_envs\base.yml,
10,C:\Coding\AI\Dataset\!masks_for_training\10,efficientnet,EfficientNet,ok,before_crop_dirty_prob_mean,0.564026,float,projekt-base,C:\Coding\AI\projekt\conda_envs\base.yml,
10,C:\Coding\AI\Dataset\!masks_for_training\10,efficientnet,EfficientNet,ok,after_crop_dirty_prob_mean,0.462035,float,projekt-base,C:\Coding\AI\projekt\conda_envs\base.yml,
10,C:\Coding\AI\Dataset\!masks_for_training\10,efficientnet,EfficientNet,ok,before_crop_dirty_prob_max,0.684532,float,projekt-base,C:\Coding\AI\projekt\conda_envs\base.yml,
10,C:\Coding\AI\Dataset\!masks_for_training\10,efficientnet,EfficientNet,ok,after_crop_dirty_prob_max,0.607736,float,projekt-base,C:\Coding\AI\projekt\conda_envs\base.yml,
10,C:\Coding\AI\Dataset\!masks_for_training\10,efficientnet,EfficientNet,ok,before_crop_support_ratio,1,float,projekt-base,C:\Coding\AI\projekt\conda_envs\base.yml,
10,C:\Coding\AI\Dataset\!masks_for_training\10,efficientnet,EfficientNet,ok,after_crop_support_ratio,0.666667,float,projekt-base,C:\Coding\AI\projekt\conda_envs\base.yml,
10,C:\Coding\AI\Dataset\!masks_for_training\10,efficientnet,EfficientNet,ok,before_dirty_prob,0.65079,float,projekt-base,C:\Coding\AI\projekt\conda_envs\base.yml,
10,C:\Coding\AI\Dataset\!masks_for_training\10,efficientnet,EfficientNet,ok,after_dirty_prob,0.566939,float,projekt-base,C:\Coding\AI\projekt\conda_envs\base.yml,
10,C:\Coding\AI\Dataset\!masks_for_training\10,efficientnet,EfficientNet,ok,before_clean_prob,0.34921,float,projekt-base,C:\Coding\AI\projekt\conda_envs\base.yml,
10,C:\Coding\AI\Dataset\!masks_for_training\10,efficientnet,EfficientNet,ok,after_clean_prob,0.433061,float,projekt-base,C:\Coding\AI\projekt\conda_envs\base.yml,
10,C:\Coding\AI\Dataset\!masks_for_training\10,efficientnet,EfficientNet,ok,cleanup_delta,0.083851,float,projekt-base,C:\Coding\AI\projekt\conda_envs\base.yml,
10,C:\Coding\AI\Dataset\!masks_for_training\10,efficientnet,EfficientNet,ok,cleanup_score,0.083851,float,projekt-base,C:\Coding\AI\projekt\conda_envs\base.yml,
10,C:\Coding\AI\Dataset\!masks_for_training\10,efficientnet,EfficientNet,ok,dirty_prob_delta,-0.083851,float,projekt-base,C:\Coding\AI\projekt\conda_envs\base.yml,
10,C:\Coding\AI\Dataset\!masks_for_training\10,efficientnet,EfficientNet,ok,dirty_prob_abs_delta,0.083851,float,projekt-base,C:\Coding\AI\projekt\conda_envs\base.yml,
10,C:\Coding\AI\Dataset\!masks_for_training\10,efficientnet,EfficientNet,ok,before_pred_label,dirty,str,projekt-base,C:\Coding\AI\projekt\conda_envs\base.yml,
10,C:\Coding\AI\Dataset\!masks_for_training\10,efficientnet,EfficientNet,ok,after_pred_label,dirty,str,projekt-base,C:\Coding\AI\projekt\conda_envs\base.yml,
10,C:\Coding\AI\Dataset\!masks_for_training\10,efficientnet,EfficientNet,ok,before_top1_label,dirty,str,projekt-base,C:\Coding\AI\projekt\conda_envs\base.yml,
10,C:\Coding\AI\Dataset\!masks_for_training\10,efficientnet,EfficientNet,ok,after_top1_label,dirty,str,projekt-base,C:\Coding\AI\projekt\conda_envs\base.yml,
10,C:\Coding\AI\Dataset\!masks_for_training\10,efficientnet,EfficientNet,ok,before_top1_prob,0.684532,float,projekt-base,C:\Coding\AI\projekt\conda_envs\base.yml,
10,C:\Coding\AI\Dataset\!masks_for_training\10,efficientnet,EfficientNet,ok,after_top1_prob,0.716761,float,projekt-base,C:\Coding\AI\projekt\conda_envs\base.yml,
10,C:\Coding\AI\Dataset\!masks_for_training\10,efficientnet,EfficientNet,ok,before_entropy_norm,0.970944,float,projekt-base,C:\Coding\AI\projekt\conda_envs\base.yml,
10,C:\Coding\AI\Dataset\!masks_for_training\10,efficientnet,EfficientNet,ok,after_entropy_norm,0.957966,float,projekt-base,C:\Coding\AI\projekt\conda_envs\base.yml,
10,C:\Coding\AI\Dataset\!masks_for_training\10,efficientnet,EfficientNet,ok,before_inference_ms,0,float,projekt-base,C:\Coding\AI\projekt\conda_envs\base.yml,
10,C:\Coding\AI\Dataset\!masks_for_training\10,efficientnet,EfficientNet,ok,after_inference_ms,0,float,projekt-base,C:\Coding\AI\projekt\conda_envs\base.yml,
10,C:\Coding\AI\Dataset\!masks_for_training\10,efficientnet,EfficientNet,ok,inference_ms_total,0,float,projekt-base,C:\Coding\AI\projekt\conda_envs\base.yml,
10,C:\Coding\AI\Dataset\!masks_for_training\10,sift_ransac,SIFT + RANSAC + difference map,ok,alignment_mode,homography_ransac,str,projekt-base,C:\Coding\AI\projekt\conda_envs\base.yml,
10,C:\Coding\AI\Dataset\!masks_for_training\10,sift_ransac,SIFT + RANSAC + difference map,ok,fallback_reason,none,str,projekt-base,C:\Coding\AI\projekt\conda_envs\base.yml,
10,C:\Coding\AI\Dataset\!masks_for_training\10,sift_ransac,SIFT + RANSAC + difference map,ok,keypoints_before,9113,int,projekt-base,C:\Coding\AI\projekt\conda_envs\base.yml,
10,C:\Coding\AI\Dataset\!masks_for_training\10,sift_ransac,SIFT + RANSAC + difference map,ok,keypoints_after,10575,int,projekt-base,C:\Coding\AI\projekt\conda_envs\base.yml,
10,C:\Coding\AI\Dataset\!masks_for_training\10,sift_ransac,SIFT + RANSAC + difference map,ok,raw_matches,9113,int,projekt-base,C:\Coding\AI\projekt\conda_envs\base.yml,
10,C:\Coding\AI\Dataset\!masks_for_training\10,sift_ransac,SIFT + RANSAC + difference map,ok,good_matches,339,int,projekt-base,C:\Coding\AI\projekt\conda_envs\base.yml,
10,C:\Coding\AI\Dataset\!masks_for_training\10,sift_ransac,SIFT + RANSAC + difference map,ok,inliers,331,int,projekt-base,C:\Coding\AI\projekt\conda_envs\base.yml,
10,C:\Coding\AI\Dataset\!masks_for_training\10,sift_ransac,SIFT + RANSAC + difference map,ok,inlier_ratio,0.9764,float,projekt-base,C:\Coding\AI\projekt\conda_envs\base.yml,
10,C:\Coding\AI\Dataset\!masks_for_training\10,sift_ransac,SIFT + RANSAC + difference map,ok,change_pixels,107578,int,projekt-base,C:\Coding\AI\projekt\conda_envs\base.yml,
10,C:\Coding\AI\Dataset\!masks_for_training\10,sift_ransac,SIFT + RANSAC + difference map,ok,overlap_pixels,407872,int,projekt-base,C:\Coding\AI\projekt\conda_envs\base.yml,
10,C:\Coding\AI\Dataset\!masks_for_training\10,sift_ransac,SIFT + RANSAC + difference map,ok,canvas_pixels,583200,int,projekt-base,C:\Coding\AI\projekt\conda_envs\base.yml,
10,C:\Coding\AI\Dataset\!masks_for_training\10,sift_ransac,SIFT + RANSAC + difference map,ok,overlap_ratio,0.6994,float,projekt-base,C:\Coding\AI\projekt\conda_envs\base.yml,
10,C:\Coding\AI\Dataset\!masks_for_training\10,sift_ransac,SIFT + RANSAC + difference map,ok,change_ratio,0.263754,float,projekt-base,C:\Coding\AI\projekt\conda_envs\base.yml,
10,C:\Coding\AI\Dataset\!masks_for_training\10,sift_ransac,SIFT + RANSAC + difference map,ok,otsu_threshold,48,float,projekt-base,C:\Coding\AI\projekt\conda_envs\base.yml,
10,C:\Coding\AI\Dataset\!masks_for_training\10,sift_ransac,SIFT + RANSAC + difference map,ok,segm_gt_pixels,187396,float,projekt-base,C:\Coding\AI\projekt\conda_envs\base.yml,
10,C:\Coding\AI\Dataset\!masks_for_training\10,sift_ransac,SIFT + RANSAC + difference map,ok,segm_pred_pixels,107578,float,projekt-base,C:\Coding\AI\projekt\conda_envs\base.yml,
10,C:\Coding\AI\Dataset\!masks_for_training\10,sift_ransac,SIFT + RANSAC + difference map,ok,segm_intersection_pixels,80488,float,projekt-base,C:\Coding\AI\projekt\conda_envs\base.yml,
10,C:\Coding\AI\Dataset\!masks_for_training\10,sift_ransac,SIFT + RANSAC + difference map,ok,segm_union_pixels,214486,float,projekt-base,C:\Coding\AI\projekt\conda_envs\base.yml,
10,C:\Coding\AI\Dataset\!masks_for_training\10,sift_ransac,SIFT + RANSAC + difference map,ok,segm_iou,0.37526,float,projekt-base,C:\Coding\AI\projekt\conda_envs\base.yml,
10,C:\Coding\AI\Dataset\!masks_for_training\10,sift_ransac,SIFT + RANSAC + difference map,ok,segm_dice,0.545729,float,projekt-base,C:\Coding\AI\projekt\conda_envs\base.yml,
10,C:\Coding\AI\Dataset\!masks_for_training\10,sift_ransac,SIFT + RANSAC + difference map,ok,qty_pixels_ground_truth,187396,float,projekt-base,C:\Coding\AI\projekt\conda_envs\base.yml,
10,C:\Coding\AI\Dataset\!masks_for_training\10,sift_ransac,SIFT + RANSAC + difference map,ok,qty_pixels_predicted,107578,float,projekt-base,C:\Coding\AI\projekt\conda_envs\base.yml,
10,C:\Coding\AI\Dataset\!masks_for_training\10,sift_ransac,SIFT + RANSAC + difference map,ok,qty_pixels_absolute_error,79818,float,projekt-base,C:\Coding\AI\projekt\conda_envs\base.yml,
10,C:\Coding\AI\Dataset\!masks_for_training\10,sift_ransac,SIFT + RANSAC + difference map,ok,qty_pixels_mae,79818,float,projekt-base,C:\Coding\AI\projekt\conda_envs\base.yml,
10,C:\Coding\AI\Dataset\!masks_for_training\10,sift_ransac,SIFT + RANSAC + difference map,ok,qty_pixels_mape,42.5932,float,projekt-base,C:\Coding\AI\projekt\conda_envs\base.yml,
10,C:\Coding\AI\Dataset\!masks_for_training\10,sift_ransac,SIFT + RANSAC + difference map,ok,qty_pixels_percentage_error,42.5932,float,projekt-base,C:\Coding\AI\projekt\conda_envs\base.yml,
10,C:\Coding\AI\Dataset\!masks_for_training\10,sift_ransac,SIFT + RANSAC + difference map,ok,qty_ratio_ground_truth,0.321324,float,projekt-base,C:\Coding\AI\projekt\conda_envs\base.yml,
10,C:\Coding\AI\Dataset\!masks_for_training\10,sift_ransac,SIFT + RANSAC + difference map,ok,qty_ratio_predicted,0.184462,float,projekt-base,C:\Coding\AI\projekt\conda_envs\base.yml,
10,C:\Coding\AI\Dataset\!masks_for_training\10,sift_ransac,SIFT + RANSAC + difference map,ok,qty_ratio_absolute_error,0.136862,float,projekt-base,C:\Coding\AI\projekt\conda_envs\base.yml,
10,C:\Coding\AI\Dataset\!masks_for_training\10,sift_ransac,SIFT + RANSAC + difference map,ok,qty_ratio_mae,0.136862,float,projekt-base,C:\Coding\AI\projekt\conda_envs\base.yml,
10,C:\Coding\AI\Dataset\!masks_for_training\10,sift_ransac,SIFT + RANSAC + difference map,ok,qty_ratio_mape,42.5932,float,projekt-base,C:\Coding\AI\projekt\conda_envs\base.yml,
10,C:\Coding\AI\Dataset\!masks_for_training\10,sift_ransac,SIFT + RANSAC + difference map,ok,qty_ratio_percentage_error,42.5932,float,projekt-base,C:\Coding\AI\projekt\conda_envs\base.yml,
10,C:\Coding\AI\Dataset\!masks_for_training\10,siamese_unet,Siamese U-Net,ok,analysis_mode,siamese_unet_cd_pair,str,projekt-base,C:\Coding\AI\projekt\conda_envs\base.yml,
10,C:\Coding\AI\Dataset\!masks_for_training\10,siamese_unet,Siamese U-Net,ok,model_source,C:\Coding\AI\projekt\weights\siamese_unet_cd_real17_finetuned_best.pt,str,projekt-base,C:\Coding\AI\projekt\conda_envs\base.yml,
10,C:\Coding\AI\Dataset\!masks_for_training\10,siamese_unet,Siamese U-Net,ok,device_requested,auto,str,projekt-base,C:\Coding\AI\projekt\conda_envs\base.yml,
10,C:\Coding\AI\Dataset\!masks_for_training\10,siamese_unet,Siamese U-Net,ok,device_used,cuda,str,projekt-base,C:\Coding\AI\projekt\conda_envs\base.yml,
10,C:\Coding\AI\Dataset\!masks_for_training\10,siamese_unet,Siamese U-Net,ok,force_cpu,False,bool,projekt-base,C:\Coding\AI\projekt\conda_envs\base.yml,
10,C:\Coding\AI\Dataset\!masks_for_training\10,siamese_unet,Siamese U-Net,ok,input_size,384,int,projekt-base,C:\Coding\AI\projekt\conda_envs\base.yml,
10,C:\Coding\AI\Dataset\!masks_for_training\10,siamese_unet,Siamese U-Net,ok,threshold,0.65,float,projekt-base,C:\Coding\AI\projekt\conda_envs\base.yml,
10,C:\Coding\AI\Dataset\!masks_for_training\10,siamese_unet,Siamese U-Net,ok,alignment_mode,homography_ransac,str,projekt-base,C:\Coding\AI\projekt\conda_envs\base.yml,
10,C:\Coding\AI\Dataset\!masks_for_training\10,siamese_unet,Siamese U-Net,ok,change_pixels,99796,int,projekt-base,C:\Coding\AI\projekt\conda_envs\base.yml,
10,C:\Coding\AI\Dataset\!masks_for_training\10,siamese_unet,Siamese U-Net,ok,overlap_pixels,407872,int,projekt-base,C:\Coding\AI\projekt\conda_envs\base.yml,
10,C:\Coding\AI\Dataset\!masks_for_training\10,siamese_unet,Siamese U-Net,ok,canvas_pixels,583200,int,projekt-base,C:\Coding\AI\projekt\conda_envs\base.yml,
10,C:\Coding\AI\Dataset\!masks_for_training\10,siamese_unet,Siamese U-Net,ok,overlap_ratio,0.699369,float,projekt-base,C:\Coding\AI\projekt\conda_envs\base.yml,
10,C:\Coding\AI\Dataset\!masks_for_training\10,siamese_unet,Siamese U-Net,ok,change_ratio,0.244675,float,projekt-base,C:\Coding\AI\projekt\conda_envs\base.yml,
10,C:\Coding\AI\Dataset\!masks_for_training\10,siamese_unet,Siamese U-Net,ok,inference_ms,40.749,float,projekt-base,C:\Coding\AI\projekt\conda_envs\base.yml,
10,C:\Coding\AI\Dataset\!masks_for_training\10,siamese_unet,Siamese U-Net,ok,weights_path,,NoneType,projekt-base,C:\Coding\AI\projekt\conda_envs\base.yml,
10,C:\Coding\AI\Dataset\!masks_for_training\10,siamese_unet,Siamese U-Net,ok,dinov2_hint_used,False,bool,projekt-base,C:\Coding\AI\projekt\conda_envs\base.yml,
10,C:\Coding\AI\Dataset\!masks_for_training\10,siamese_unet,Siamese U-Net,ok,segm_gt_pixels,187396,float,projekt-base,C:\Coding\AI\projekt\conda_envs\base.yml,
10,C:\Coding\AI\Dataset\!masks_for_training\10,siamese_unet,Siamese U-Net,ok,segm_pred_pixels,99796,float,projekt-base,C:\Coding\AI\projekt\conda_envs\base.yml,
10,C:\Coding\AI\Dataset\!masks_for_training\10,siamese_unet,Siamese U-Net,ok,segm_intersection_pixels,83045,float,projekt-base,C:\Coding\AI\projekt\conda_envs\base.yml,
10,C:\Coding\AI\Dataset\!masks_for_training\10,siamese_unet,Siamese U-Net,ok,segm_union_pixels,204147,float,projekt-base,C:\Coding\AI\projekt\conda_envs\base.yml,
10,C:\Coding\AI\Dataset\!masks_for_training\10,siamese_unet,Siamese U-Net,ok,segm_iou,0.40679,float,projekt-base,C:\Coding\AI\projekt\conda_envs\base.yml,
10,C:\Coding\AI\Dataset\!masks_for_training\10,siamese_unet,Siamese U-Net,ok,segm_dice,0.578324,float,projekt-base,C:\Coding\AI\projekt\conda_envs\base.yml,
10,C:\Coding\AI\Dataset\!masks_for_training\10,siamese_unet,Siamese U-Net,ok,qty_pixels_ground_truth,187396,float,projekt-base,C:\Coding\AI\projekt\conda_envs\base.yml,
10,C:\Coding\AI\Dataset\!masks_for_training\10,siamese_unet,Siamese U-Net,ok,qty_pixels_predicted,99796,float,projekt-base,C:\Coding\AI\projekt\conda_envs\base.yml,
10,C:\Coding\AI\Dataset\!masks_for_training\10,siamese_unet,Siamese U-Net,ok,qty_pixels_absolute_error,87600,float,projekt-base,C:\Coding\AI\projekt\conda_envs\base.yml,
10,C:\Coding\AI\Dataset\!masks_for_training\10,siamese_unet,Siamese U-Net,ok,qty_pixels_mae,87600,float,projekt-base,C:\Coding\AI\projekt\conda_envs\base.yml,
10,C:\Coding\AI\Dataset\!masks_for_training\10,siamese_unet,Siamese U-Net,ok,qty_pixels_mape,46.7459,float,projekt-base,C:\Coding\AI\projekt\conda_envs\base.yml,
10,C:\Coding\AI\Dataset\!masks_for_training\10,siamese_unet,Siamese U-Net,ok,qty_pixels_percentage_error,46.7459,float,projekt-base,C:\Coding\AI\projekt\conda_envs\base.yml,
10,C:\Coding\AI\Dataset\!masks_for_training\10,siamese_unet,Siamese U-Net,ok,qty_ratio_ground_truth,0.321324,float,projekt-base,C:\Coding\AI\projekt\conda_envs\base.yml,
10,C:\Coding\AI\Dataset\!masks_for_training\10,siamese_unet,Siamese U-Net,ok,qty_ratio_predicted,0.171118,float,projekt-base,C:\Coding\AI\projekt\conda_envs\base.yml,
10,C:\Coding\AI\Dataset\!masks_for_training\10,siamese_unet,Siamese U-Net,ok,qty_ratio_absolute_error,0.150206,float,projekt-base,C:\Coding\AI\projekt\conda_envs\base.yml,
10,C:\Coding\AI\Dataset\!masks_for_training\10,siamese_unet,Siamese U-Net,ok,qty_ratio_mae,0.150206,float,projekt-base,C:\Coding\AI\projekt\conda_envs\base.yml,
10,C:\Coding\AI\Dataset\!masks_for_training\10,siamese_unet,Siamese U-Net,ok,qty_ratio_mape,46.7459,float,projekt-base,C:\Coding\AI\projekt\conda_envs\base.yml,
10,C:\Coding\AI\Dataset\!masks_for_training\10,siamese_unet,Siamese U-Net,ok,qty_ratio_percentage_error,46.7459,float,projekt-base,C:\Coding\AI\projekt\conda_envs\base.yml,
10,C:\Coding\AI\Dataset\!masks_for_training\10,yolov8_seg,YOLOv8-seg,ok,analysis_mode,yolov8_seg_pair,str,projekt-base,C:\Coding\AI\projekt\conda_envs\base.yml,
10,C:\Coding\AI\Dataset\!masks_for_training\10,yolov8_seg,YOLOv8-seg,ok,model_name,C:\Coding\AI\projekt\weights\yolov8m_trash_finetuned.pt,str,projekt-base,C:\Coding\AI\projekt\conda_envs\base.yml,
10,C:\Coding\AI\Dataset\!masks_for_training\10,yolov8_seg,YOLOv8-seg,ok,model_source,C:\Coding\AI\projekt\weights\yolov8m_seg_best_new+fine-tune.pt,str,projekt-base,C:\Coding\AI\projekt\conda_envs\base.yml,
10,C:\Coding\AI\Dataset\!masks_for_training\10,yolov8_seg,YOLOv8-seg,ok,device_requested,auto,str,projekt-base,C:\Coding\AI\projekt\conda_envs\base.yml,
10,C:\Coding\AI\Dataset\!masks_for_training\10,yolov8_seg,YOLOv8-seg,ok,device_used,cuda,str,projekt-base,C:\Coding\AI\projekt\conda_envs\base.yml,
10,C:\Coding\AI\Dataset\!masks_for_training\10,yolov8_seg,YOLOv8-seg,ok,force_cpu,False,bool,projekt-base,C:\Coding\AI\projekt\conda_envs\base.yml,
10,C:\Coding\AI\Dataset\!masks_for_training\10,yolov8_seg,YOLOv8-seg,ok,cuda_available,True,bool,projekt-base,C:\Coding\AI\projekt\conda_envs\base.yml,
10,C:\Coding\AI\Dataset\!masks_for_training\10,yolov8_seg,YOLOv8-seg,ok,image_size,1536,int,projekt-base,C:\Coding\AI\projekt\conda_envs\base.yml,
10,C:\Coding\AI\Dataset\!masks_for_training\10,yolov8_seg,YOLOv8-seg,ok,confidence_threshold,0.35,float,projekt-base,C:\Coding\AI\projekt\conda_envs\base.yml,
10,C:\Coding\AI\Dataset\!masks_for_training\10,yolov8_seg,YOLOv8-seg,ok,iou_threshold,0.4,float,projekt-base,C:\Coding\AI\projekt\conda_envs\base.yml,
10,C:\Coding\AI\Dataset\!masks_for_training\10,yolov8_seg,YOLOv8-seg,ok,tile_inference_mode,auto,str,projekt-base,C:\Coding\AI\projekt\conda_envs\base.yml,
10,C:\Coding\AI\Dataset\!masks_for_training\10,yolov8_seg,YOLOv8-seg,ok,tile_size,640,int,projekt-base,C:\Coding\AI\projekt\conda_envs\base.yml,
10,C:\Coding\AI\Dataset\!masks_for_training\10,yolov8_seg,YOLOv8-seg,ok,tile_overlap_ratio,0.5,float,projekt-base,C:\Coding\AI\projekt\conda_envs\base.yml,
10,C:\Coding\AI\Dataset\!masks_for_training\10,yolov8_seg,YOLOv8-seg,ok,before_tile_count,3,int,projekt-base,C:\Coding\AI\projekt\conda_envs\base.yml,
10,C:\Coding\AI\Dataset\!masks_for_training\10,yolov8_seg,YOLOv8-seg,ok,after_tile_count,3,int,projekt-base,C:\Coding\AI\projekt\conda_envs\base.yml,
10,C:\Coding\AI\Dataset\!masks_for_training\10,yolov8_seg,YOLOv8-seg,ok,selected_class_count,0,int,projekt-base,C:\Coding\AI\projekt\conda_envs\base.yml,
10,C:\Coding\AI\Dataset\!masks_for_training\10,yolov8_seg,YOLOv8-seg,ok,selected_class_ids,[],list,projekt-base,C:\Coding\AI\projekt\conda_envs\base.yml,
10,C:\Coding\AI\Dataset\!masks_for_training\10,yolov8_seg,YOLOv8-seg,ok,taco_dataset_root,C:\Coding\AI\projekt\datasets\TACO,str,projekt-base,C:\Coding\AI\projekt\conda_envs\base.yml,
10,C:\Coding\AI\Dataset\!masks_for_training\10,yolov8_seg,YOLOv8-seg,ok,taco_annotations_path,C:\Coding\AI\projekt\datasets\TACO\data\annotations.json,str,projekt-base,C:\Coding\AI\projekt\conda_envs\base.yml,
10,C:\Coding\AI\Dataset\!masks_for_training\10,yolov8_seg,YOLOv8-seg,ok,taco_export_root,C:\Coding\AI\projekt\datasets\TACO\yolo_seg,str,projekt-base,C:\Coding\AI\projekt\conda_envs\base.yml,
10,C:\Coding\AI\Dataset\!masks_for_training\10,yolov8_seg,YOLOv8-seg,ok,taco_data_yaml,C:\Coding\AI\projekt\datasets\TACO\yolo_seg\data.yaml,str,projekt-base,C:\Coding\AI\projekt\conda_envs\base.yml,
10,C:\Coding\AI\Dataset\!masks_for_training\10,yolov8_seg,YOLOv8-seg,ok,taco_source_images,1500,int,projekt-base,C:\Coding\AI\projekt\conda_envs\base.yml,
10,C:\Coding\AI\Dataset\!masks_for_training\10,yolov8_seg,YOLOv8-seg,ok,taco_exported_images,1500,int,projekt-base,C:\Coding\AI\projekt\conda_envs\base.yml,
10,C:\Coding\AI\Dataset\!masks_for_training\10,yolov8_seg,YOLOv8-seg,ok,taco_exported_labels,1500,int,projekt-base,C:\Coding\AI\projekt\conda_envs\base.yml,
10,C:\Coding\AI\Dataset\!masks_for_training\10,yolov8_seg,YOLOv8-seg,ok,taco_skipped_missing_images,0,int,projekt-base,C:\Coding\AI\projekt\conda_envs\base.yml,
10,C:\Coding\AI\Dataset\!masks_for_training\10,yolov8_seg,YOLOv8-seg,ok,taco_skipped_invalid_polygons,0,int,projekt-base,C:\Coding\AI\projekt\conda_envs\base.yml,
10,C:\Coding\AI\Dataset\!masks_for_training\10,yolov8_seg,YOLOv8-seg,ok,before_instance_count,6,int,projekt-base,C:\Coding\AI\projekt\conda_envs\base.yml,
10,C:\Coding\AI\Dataset\!masks_for_training\10,yolov8_seg,YOLOv8-seg,ok,after_instance_count,1,int,projekt-base,C:\Coding\AI\projekt\conda_envs\base.yml,
10,C:\Coding\AI\Dataset\!masks_for_training\10,yolov8_seg,YOLOv8-seg,ok,instance_count_total,7,int,projekt-base,C:\Coding\AI\projekt\conda_envs\base.yml,
10,C:\Coding\AI\Dataset\!masks_for_training\10,yolov8_seg,YOLOv8-seg,ok,before_mask_area_px,193694,int,projekt-base,C:\Coding\AI\projekt\conda_envs\base.yml,
10,C:\Coding\AI\Dataset\!masks_for_training\10,yolov8_seg,YOLOv8-seg,ok,after_mask_area_px,8042,int,projekt-base,C:\Coding\AI\projekt\conda_envs\base.yml,
10,C:\Coding\AI\Dataset\!masks_for_training\10,yolov8_seg,YOLOv8-seg,ok,before_mask_area_ratio,0.332123,float,projekt-base,C:\Coding\AI\projekt\conda_envs\base.yml,
10,C:\Coding\AI\Dataset\!masks_for_training\10,yolov8_seg,YOLOv8-seg,ok,after_mask_area_ratio,0.013789,float,projekt-base,C:\Coding\AI\projekt\conda_envs\base.yml,
10,C:\Coding\AI\Dataset\!masks_for_training\10,yolov8_seg,YOLOv8-seg,ok,mask_area_delta_px,-185652,int,projekt-base,C:\Coding\AI\projekt\conda_envs\base.yml,
10,C:\Coding\AI\Dataset\!masks_for_training\10,yolov8_seg,YOLOv8-seg,ok,mask_area_delta_ratio,-0.318333,float,projekt-base,C:\Coding\AI\projekt\conda_envs\base.yml,
10,C:\Coding\AI\Dataset\!masks_for_training\10,yolov8_seg,YOLOv8-seg,ok,before_bbox_area_px,355590,int,projekt-base,C:\Coding\AI\projekt\conda_envs\base.yml,
10,C:\Coding\AI\Dataset\!masks_for_training\10,yolov8_seg,YOLOv8-seg,ok,after_bbox_area_px,11777,int,projekt-base,C:\Coding\AI\projekt\conda_envs\base.yml,
10,C:\Coding\AI\Dataset\!masks_for_training\10,yolov8_seg,YOLOv8-seg,ok,before_mean_confidence,0.522828,float,projekt-base,C:\Coding\AI\projekt\conda_envs\base.yml,
10,C:\Coding\AI\Dataset\!masks_for_training\10,yolov8_seg,YOLOv8-seg,ok,after_mean_confidence,0.459202,float,projekt-base,C:\Coding\AI\projekt\conda_envs\base.yml,
10,C:\Coding\AI\Dataset\!masks_for_training\10,yolov8_seg,YOLOv8-seg,ok,before_inference_ms,117.214,float,projekt-base,C:\Coding\AI\projekt\conda_envs\base.yml,
10,C:\Coding\AI\Dataset\!masks_for_training\10,yolov8_seg,YOLOv8-seg,ok,after_inference_ms,56.91,float,projekt-base,C:\Coding\AI\projekt\conda_envs\base.yml,
10,C:\Coding\AI\Dataset\!masks_for_training\10,yolov8_seg,YOLOv8-seg,ok,inference_ms_total,174.124,float,projekt-base,C:\Coding\AI\projekt\conda_envs\base.yml,
11,C:\Coding\AI\Dataset\!masks_for_training\11,changeformer,ChangeFormer,error,,,,projekt-base,C:\Coding\AI\projekt\conda_envs\base.yml,"ValueError: operands could not be broadcast together with shapes (411,619,1) (411,619) "
11,C:\Coding\AI\Dataset\!masks_for_training\11,efficientnet,EfficientNet,ok,analysis_mode,efficientnet_cls_pair,str,projekt-base,C:\Coding\AI\projekt\conda_envs\base.yml,
11,C:\Coding\AI\Dataset\!masks_for_training\11,efficientnet,EfficientNet,ok,inference_mode,heuristic_fallback,str,projekt-base,C:\Coding\AI\projekt\conda_envs\base.yml,
11,C:\Coding\AI\Dataset\!masks_for_training\11,efficientnet,EfficientNet,ok,model_name,efficientnet_b0,str,projekt-base,C:\Coding\AI\projekt\conda_envs\base.yml,
11,C:\Coding\AI\Dataset\!masks_for_training\11,efficientnet,EfficientNet,ok,model_source,None,str,projekt-base,C:\Coding\AI\projekt\conda_envs\base.yml,
11,C:\Coding\AI\Dataset\!masks_for_training\11,efficientnet,EfficientNet,ok,weights_path,C:\Coding\AI\projekt\weights\efficientnet_best.pt,str,projekt-base,C:\Coding\AI\projekt\conda_envs\base.yml,
11,C:\Coding\AI\Dataset\!masks_for_training\11,efficientnet,EfficientNet,ok,device_requested,auto,str,projekt-base,C:\Coding\AI\projekt\conda_envs\base.yml,
11,C:\Coding\AI\Dataset\!masks_for_training\11,efficientnet,EfficientNet,ok,device_used,cpu,str,projekt-base,C:\Coding\AI\projekt\conda_envs\base.yml,
11,C:\Coding\AI\Dataset\!masks_for_training\11,efficientnet,EfficientNet,ok,force_cpu,False,bool,projekt-base,C:\Coding\AI\projekt\conda_envs\base.yml,
11,C:\Coding\AI\Dataset\!masks_for_training\11,efficientnet,EfficientNet,ok,cuda_available,True,bool,projekt-base,C:\Coding\AI\projekt\conda_envs\base.yml,
11,C:\Coding\AI\Dataset\!masks_for_training\11,efficientnet,EfficientNet,ok,input_size,224,int,projekt-base,C:\Coding\AI\projekt\conda_envs\base.yml,
11,C:\Coding\AI\Dataset\!masks_for_training\11,efficientnet,EfficientNet,ok,dirty_threshold,0.42,float,projekt-base,C:\Coding\AI\projekt\conda_envs\base.yml,
11,C:\Coding\AI\Dataset\!masks_for_training\11,efficientnet,EfficientNet,ok,dirty_keyword_classes,2,int,projekt-base,C:\Coding\AI\projekt\conda_envs\base.yml,
11,C:\Coding\AI\Dataset\!masks_for_training\11,efficientnet,EfficientNet,ok,before_crop_count,6,int,projekt-base,C:\Coding\AI\projekt\conda_envs\base.yml,
11,C:\Coding\AI\Dataset\!masks_for_training\11,efficientnet,EfficientNet,ok,after_crop_count,6,int,projekt-base,C:\Coding\AI\projekt\conda_envs\base.yml,
11,C:\Coding\AI\Dataset\!masks_for_training\11,efficientnet,EfficientNet,ok,before_crop_dirty_prob_mean,0.532378,float,projekt-base,C:\Coding\AI\projekt\conda_envs\base.yml,
11,C:\Coding\AI\Dataset\!masks_for_training\11,efficientnet,EfficientNet,ok,after_crop_dirty_prob_mean,0.427752,float,projekt-base,C:\Coding\AI\projekt\conda_envs\base.yml,
11,C:\Coding\AI\Dataset\!masks_for_training\11,efficientnet,EfficientNet,ok,before_crop_dirty_prob_max,0.622484,float,projekt-base,C:\Coding\AI\projekt\conda_envs\base.yml,
11,C:\Coding\AI\Dataset\!masks_for_training\11,efficientnet,EfficientNet,ok,after_crop_dirty_prob_max,0.536278,float,projekt-base,C:\Coding\AI\projekt\conda_envs\base.yml,
11,C:\Coding\AI\Dataset\!masks_for_training\11,efficientnet,EfficientNet,ok,before_crop_support_ratio,1,float,projekt-base,C:\Coding\AI\projekt\conda_envs\base.yml,
11,C:\Coding\AI\Dataset\!masks_for_training\11,efficientnet,EfficientNet,ok,after_crop_support_ratio,0.5,float,projekt-base,C:\Coding\AI\projekt\conda_envs\base.yml,
11,C:\Coding\AI\Dataset\!masks_for_training\11,efficientnet,EfficientNet,ok,before_dirty_prob,0.597254,float,projekt-base,C:\Coding\AI\projekt\conda_envs\base.yml,
11,C:\Coding\AI\Dataset\!masks_for_training\11,efficientnet,EfficientNet,ok,after_dirty_prob,0.505891,float,projekt-base,C:\Coding\AI\projekt\conda_envs\base.yml,
11,C:\Coding\AI\Dataset\!masks_for_training\11,efficientnet,EfficientNet,ok,before_clean_prob,0.402746,float,projekt-base,C:\Coding\AI\projekt\conda_envs\base.yml,
11,C:\Coding\AI\Dataset\!masks_for_training\11,efficientnet,EfficientNet,ok,after_clean_prob,0.494109,float,projekt-base,C:\Coding\AI\projekt\conda_envs\base.yml,
11,C:\Coding\AI\Dataset\!masks_for_training\11,efficientnet,EfficientNet,ok,cleanup_delta,0.091363,float,projekt-base,C:\Coding\AI\projekt\conda_envs\base.yml,
11,C:\Coding\AI\Dataset\!masks_for_training\11,efficientnet,EfficientNet,ok,cleanup_score,0.091363,float,projekt-base,C:\Coding\AI\projekt\conda_envs\base.yml,
11,C:\Coding\AI\Dataset\!masks_for_training\11,efficientnet,EfficientNet,ok,dirty_prob_delta,-0.091363,float,projekt-base,C:\Coding\AI\projekt\conda_envs\base.yml,
11,C:\Coding\AI\Dataset\!masks_for_training\11,efficientnet,EfficientNet,ok,dirty_prob_abs_delta,0.091363,float,projekt-base,C:\Coding\AI\projekt\conda_envs\base.yml,
11,C:\Coding\AI\Dataset\!masks_for_training\11,efficientnet,EfficientNet,ok,before_pred_label,dirty,str,projekt-base,C:\Coding\AI\projekt\conda_envs\base.yml,
11,C:\Coding\AI\Dataset\!masks_for_training\11,efficientnet,EfficientNet,ok,after_pred_label,dirty,str,projekt-base,C:\Coding\AI\projekt\conda_envs\base.yml,
11,C:\Coding\AI\Dataset\!masks_for_training\11,efficientnet,EfficientNet,ok,before_top1_label,dirty,str,projekt-base,C:\Coding\AI\projekt\conda_envs\base.yml,
11,C:\Coding\AI\Dataset\!masks_for_training\11,efficientnet,EfficientNet,ok,after_top1_label,dirty,str,projekt-base,C:\Coding\AI\projekt\conda_envs\base.yml,
11,C:\Coding\AI\Dataset\!masks_for_training\11,efficientnet,EfficientNet,ok,before_top1_prob,0.622484,float,projekt-base,C:\Coding\AI\projekt\conda_envs\base.yml,
11,C:\Coding\AI\Dataset\!masks_for_training\11,efficientnet,EfficientNet,ok,after_top1_prob,0.69017,float,projekt-base,C:\Coding\AI\projekt\conda_envs\base.yml,
11,C:\Coding\AI\Dataset\!masks_for_training\11,efficientnet,EfficientNet,ok,before_entropy_norm,0.98769,float,projekt-base,C:\Coding\AI\projekt\conda_envs\base.yml,
11,C:\Coding\AI\Dataset\!masks_for_training\11,efficientnet,EfficientNet,ok,after_entropy_norm,0.969887,float,projekt-base,C:\Coding\AI\projekt\conda_envs\base.yml,
11,C:\Coding\AI\Dataset\!masks_for_training\11,efficientnet,EfficientNet,ok,before_inference_ms,0,float,projekt-base,C:\Coding\AI\projekt\conda_envs\base.yml,
11,C:\Coding\AI\Dataset\!masks_for_training\11,efficientnet,EfficientNet,ok,after_inference_ms,0,float,projekt-base,C:\Coding\AI\projekt\conda_envs\base.yml,
11,C:\Coding\AI\Dataset\!masks_for_training\11,efficientnet,EfficientNet,ok,inference_ms_total,0,float,projekt-base,C:\Coding\AI\projekt\conda_envs\base.yml,
11,C:\Coding\AI\Dataset\!masks_for_training\11,sift_ransac,SIFT + RANSAC + difference map,ok,alignment_mode,identity_fallback,str,projekt-base,C:\Coding\AI\projekt\conda_envs\base.yml,
11,C:\Coding\AI\Dataset\!masks_for_training\11,sift_ransac,SIFT + RANSAC + difference map,ok,fallback_reason,homography_sanity_failed,str,projekt-base,C:\Coding\AI\projekt\conda_envs\base.yml,
11,C:\Coding\AI\Dataset\!masks_for_training\11,sift_ransac,SIFT + RANSAC + difference map,ok,keypoints_before,3426,int,projekt-base,C:\Coding\AI\projekt\conda_envs\base.yml,
11,C:\Coding\AI\Dataset\!masks_for_training\11,sift_ransac,SIFT + RANSAC + difference map,ok,keypoints_after,3335,int,projekt-base,C:\Coding\AI\projekt\conda_envs\base.yml,
11,C:\Coding\AI\Dataset\!masks_for_training\11,sift_ransac,SIFT + RANSAC + difference map,ok,raw_matches,3426,int,projekt-base,C:\Coding\AI\projekt\conda_envs\base.yml,
11,C:\Coding\AI\Dataset\!masks_for_training\11,sift_ransac,SIFT + RANSAC + difference map,ok,good_matches,52,int,projekt-base,C:\Coding\AI\projekt\conda_envs\base.yml,
11,C:\Coding\AI\Dataset\!masks_for_training\11,sift_ransac,SIFT + RANSAC + difference map,ok,inliers,0,int,projekt-base,C:\Coding\AI\projekt\conda_envs\base.yml,
11,C:\Coding\AI\Dataset\!masks_for_training\11,sift_ransac,SIFT + RANSAC + difference map,ok,inlier_ratio,0,float,projekt-base,C:\Coding\AI\projekt\conda_envs\base.yml,
11,C:\Coding\AI\Dataset\!masks_for_training\11,sift_ransac,SIFT + RANSAC + difference map,ok,change_pixels,46456,int,projekt-base,C:\Coding\AI\projekt\conda_envs\base.yml,
11,C:\Coding\AI\Dataset\!masks_for_training\11,sift_ransac,SIFT + RANSAC + difference map,ok,overlap_pixels,254409,int,projekt-base,C:\Coding\AI\projekt\conda_envs\base.yml,
11,C:\Coding\AI\Dataset\!masks_for_training\11,sift_ransac,SIFT + RANSAC + difference map,ok,canvas_pixels,254409,int,projekt-base,C:\Coding\AI\projekt\conda_envs\base.yml,
11,C:\Coding\AI\Dataset\!masks_for_training\11,sift_ransac,SIFT + RANSAC + difference map,ok,overlap_ratio,1,float,projekt-base,C:\Coding\AI\projekt\conda_envs\base.yml,
11,C:\Coding\AI\Dataset\!masks_for_training\11,sift_ransac,SIFT + RANSAC + difference map,ok,change_ratio,0.182604,float,projekt-base,C:\Coding\AI\projekt\conda_envs\base.yml,
11,C:\Coding\AI\Dataset\!masks_for_training\11,sift_ransac,SIFT + RANSAC + difference map,ok,otsu_threshold,77,float,projekt-base,C:\Coding\AI\projekt\conda_envs\base.yml,
11,C:\Coding\AI\Dataset\!masks_for_training\11,sift_ransac,SIFT + RANSAC + difference map,ok,segm_gt_pixels,22770,float,projekt-base,C:\Coding\AI\projekt\conda_envs\base.yml,
11,C:\Coding\AI\Dataset\!masks_for_training\11,sift_ransac,SIFT + RANSAC + difference map,ok,segm_pred_pixels,46456,float,projekt-base,C:\Coding\AI\projekt\conda_envs\base.yml,
11,C:\Coding\AI\Dataset\!masks_for_training\11,sift_ransac,SIFT + RANSAC + difference map,ok,segm_intersection_pixels,4624,float,projekt-base,C:\Coding\AI\projekt\conda_envs\base.yml,
11,C:\Coding\AI\Dataset\!masks_for_training\11,sift_ransac,SIFT + RANSAC + difference map,ok,segm_union_pixels,64602,float,projekt-base,C:\Coding\AI\projekt\conda_envs\base.yml,
11,C:\Coding\AI\Dataset\!masks_for_training\11,sift_ransac,SIFT + RANSAC + difference map,ok,segm_iou,0.0715767,float,projekt-base,C:\Coding\AI\projekt\conda_envs\base.yml,
11,C:\Coding\AI\Dataset\!masks_for_training\11,sift_ransac,SIFT + RANSAC + difference map,ok,segm_dice,0.133591,float,projekt-base,C:\Coding\AI\projekt\conda_envs\base.yml,
11,C:\Coding\AI\Dataset\!masks_for_training\11,sift_ransac,SIFT + RANSAC + difference map,ok,qty_pixels_ground_truth,22770,float,projekt-base,C:\Coding\AI\projekt\conda_envs\base.yml,
11,C:\Coding\AI\Dataset\!masks_for_training\11,sift_ransac,SIFT + RANSAC + difference map,ok,qty_pixels_predicted,46456,float,projekt-base,C:\Coding\AI\projekt\conda_envs\base.yml,
11,C:\Coding\AI\Dataset\!masks_for_training\11,sift_ransac,SIFT + RANSAC + difference map,ok,qty_pixels_absolute_error,23686,float,projekt-base,C:\Coding\AI\projekt\conda_envs\base.yml,
11,C:\Coding\AI\Dataset\!masks_for_training\11,sift_ransac,SIFT + RANSAC + difference map,ok,qty_pixels_mae,23686,float,projekt-base,C:\Coding\AI\projekt\conda_envs\base.yml,
11,C:\Coding\AI\Dataset\!masks_for_training\11,sift_ransac,SIFT + RANSAC + difference map,ok,qty_pixels_mape,104.023,float,projekt-base,C:\Coding\AI\projekt\conda_envs\base.yml,
11,C:\Coding\AI\Dataset\!masks_for_training\11,sift_ransac,SIFT + RANSAC + difference map,ok,qty_pixels_percentage_error,104.023,float,projekt-base,C:\Coding\AI\projekt\conda_envs\base.yml,
11,C:\Coding\AI\Dataset\!masks_for_training\11,sift_ransac,SIFT + RANSAC + difference map,ok,qty_ratio_ground_truth,0.0895016,float,projekt-base,C:\Coding\AI\projekt\conda_envs\base.yml,
11,C:\Coding\AI\Dataset\!masks_for_training\11,sift_ransac,SIFT + RANSAC + difference map,ok,qty_ratio_predicted,0.182604,float,projekt-base,C:\Coding\AI\projekt\conda_envs\base.yml,
11,C:\Coding\AI\Dataset\!masks_for_training\11,sift_ransac,SIFT + RANSAC + difference map,ok,qty_ratio_absolute_error,0.0931021,float,projekt-base,C:\Coding\AI\projekt\conda_envs\base.yml,
11,C:\Coding\AI\Dataset\!masks_for_training\11,sift_ransac,SIFT + RANSAC + difference map,ok,qty_ratio_mae,0.0931021,float,projekt-base,C:\Coding\AI\projekt\conda_envs\base.yml,
11,C:\Coding\AI\Dataset\!masks_for_training\11,sift_ransac,SIFT + RANSAC + difference map,ok,qty_ratio_mape,104.023,float,projekt-base,C:\Coding\AI\projekt\conda_envs\base.yml,
11,C:\Coding\AI\Dataset\!masks_for_training\11,sift_ransac,SIFT + RANSAC + difference map,ok,qty_ratio_percentage_error,104.023,float,projekt-base,C:\Coding\AI\projekt\conda_envs\base.yml,
11,C:\Coding\AI\Dataset\!masks_for_training\11,siamese_unet,Siamese U-Net,ok,analysis_mode,siamese_unet_cd_pair,str,projekt-base,C:\Coding\AI\projekt\conda_envs\base.yml,
11,C:\Coding\AI\Dataset\!masks_for_training\11,siamese_unet,Siamese U-Net,ok,model_source,C:\Coding\AI\projekt\weights\siamese_unet_cd_real17_finetuned_best.pt,str,projekt-base,C:\Coding\AI\projekt\conda_envs\base.yml,
11,C:\Coding\AI\Dataset\!masks_for_training\11,siamese_unet,Siamese U-Net,ok,device_requested,auto,str,projekt-base,C:\Coding\AI\projekt\conda_envs\base.yml,
11,C:\Coding\AI\Dataset\!masks_for_training\11,siamese_unet,Siamese U-Net,ok,device_used,cuda,str,projekt-base,C:\Coding\AI\projekt\conda_envs\base.yml,
11,C:\Coding\AI\Dataset\!masks_for_training\11,siamese_unet,Siamese U-Net,ok,force_cpu,False,bool,projekt-base,C:\Coding\AI\projekt\conda_envs\base.yml,
11,C:\Coding\AI\Dataset\!masks_for_training\11,siamese_unet,Siamese U-Net,ok,input_size,384,int,projekt-base,C:\Coding\AI\projekt\conda_envs\base.yml,
11,C:\Coding\AI\Dataset\!masks_for_training\11,siamese_unet,Siamese U-Net,ok,threshold,0.65,float,projekt-base,C:\Coding\AI\projekt\conda_envs\base.yml,
11,C:\Coding\AI\Dataset\!masks_for_training\11,siamese_unet,Siamese U-Net,ok,alignment_mode,resize_fallback,str,projekt-base,C:\Coding\AI\projekt\conda_envs\base.yml,
11,C:\Coding\AI\Dataset\!masks_for_training\11,siamese_unet,Siamese U-Net,ok,change_pixels,83029,int,projekt-base,C:\Coding\AI\projekt\conda_envs\base.yml,
11,C:\Coding\AI\Dataset\!masks_for_training\11,siamese_unet,Siamese U-Net,ok,overlap_pixels,254409,int,projekt-base,C:\Coding\AI\projekt\conda_envs\base.yml,
11,C:\Coding\AI\Dataset\!masks_for_training\11,siamese_unet,Siamese U-Net,ok,canvas_pixels,254409,int,projekt-base,C:\Coding\AI\projekt\conda_envs\base.yml,
11,C:\Coding\AI\Dataset\!masks_for_training\11,siamese_unet,Siamese U-Net,ok,overlap_ratio,1,float,projekt-base,C:\Coding\AI\projekt\conda_envs\base.yml,
11,C:\Coding\AI\Dataset\!masks_for_training\11,siamese_unet,Siamese U-Net,ok,change_ratio,0.32636,float,projekt-base,C:\Coding\AI\projekt\conda_envs\base.yml,
11,C:\Coding\AI\Dataset\!masks_for_training\11,siamese_unet,Siamese U-Net,ok,inference_ms,41.735,float,projekt-base,C:\Coding\AI\projekt\conda_envs\base.yml,
11,C:\Coding\AI\Dataset\!masks_for_training\11,siamese_unet,Siamese U-Net,ok,weights_path,,NoneType,projekt-base,C:\Coding\AI\projekt\conda_envs\base.yml,
11,C:\Coding\AI\Dataset\!masks_for_training\11,siamese_unet,Siamese U-Net,ok,dinov2_hint_used,False,bool,projekt-base,C:\Coding\AI\projekt\conda_envs\base.yml,
11,C:\Coding\AI\Dataset\!masks_for_training\11,siamese_unet,Siamese U-Net,ok,segm_gt_pixels,22770,float,projekt-base,C:\Coding\AI\projekt\conda_envs\base.yml,
11,C:\Coding\AI\Dataset\!masks_for_training\11,siamese_unet,Siamese U-Net,ok,segm_pred_pixels,83029,float,projekt-base,C:\Coding\AI\projekt\conda_envs\base.yml,
11,C:\Coding\AI\Dataset\!masks_for_training\11,siamese_unet,Siamese U-Net,ok,segm_intersection_pixels,13209,float,projekt-base,C:\Coding\AI\projekt\conda_envs\base.yml,
11,C:\Coding\AI\Dataset\!masks_for_training\11,siamese_unet,Siamese U-Net,ok,segm_union_pixels,92590,float,projekt-base,C:\Coding\AI\projekt\conda_envs\base.yml,
11,C:\Coding\AI\Dataset\!masks_for_training\11,siamese_unet,Siamese U-Net,ok,segm_iou,0.142661,float,projekt-base,C:\Coding\AI\projekt\conda_envs\base.yml,
11,C:\Coding\AI\Dataset\!masks_for_training\11,siamese_unet,Siamese U-Net,ok,segm_dice,0.2497,float,projekt-base,C:\Coding\AI\projekt\conda_envs\base.yml,
11,C:\Coding\AI\Dataset\!masks_for_training\11,siamese_unet,Siamese U-Net,ok,qty_pixels_ground_truth,22770,float,projekt-base,C:\Coding\AI\projekt\conda_envs\base.yml,
11,C:\Coding\AI\Dataset\!masks_for_training\11,siamese_unet,Siamese U-Net,ok,qty_pixels_predicted,83029,float,projekt-base,C:\Coding\AI\projekt\conda_envs\base.yml,
11,C:\Coding\AI\Dataset\!masks_for_training\11,siamese_unet,Siamese U-Net,ok,qty_pixels_absolute_error,60259,float,projekt-base,C:\Coding\AI\projekt\conda_envs\base.yml,
11,C:\Coding\AI\Dataset\!masks_for_training\11,siamese_unet,Siamese U-Net,ok,qty_pixels_mae,60259,float,projekt-base,C:\Coding\AI\projekt\conda_envs\base.yml,
11,C:\Coding\AI\Dataset\!masks_for_training\11,siamese_unet,Siamese U-Net,ok,qty_pixels_mape,264.642,float,projekt-base,C:\Coding\AI\projekt\conda_envs\base.yml,
11,C:\Coding\AI\Dataset\!masks_for_training\11,siamese_unet,Siamese U-Net,ok,qty_pixels_percentage_error,264.642,float,projekt-base,C:\Coding\AI\projekt\conda_envs\base.yml,
11,C:\Coding\AI\Dataset\!masks_for_training\11,siamese_unet,Siamese U-Net,ok,qty_ratio_ground_truth,0.0895016,float,projekt-base,C:\Coding\AI\projekt\conda_envs\base.yml,
11,C:\Coding\AI\Dataset\!masks_for_training\11,siamese_unet,Siamese U-Net,ok,qty_ratio_predicted,0.32636,float,projekt-base,C:\Coding\AI\projekt\conda_envs\base.yml,
11,C:\Coding\AI\Dataset\!masks_for_training\11,siamese_unet,Siamese U-Net,ok,qty_ratio_absolute_error,0.236859,float,projekt-base,C:\Coding\AI\projekt\conda_envs\base.yml,
11,C:\Coding\AI\Dataset\!masks_for_training\11,siamese_unet,Siamese U-Net,ok,qty_ratio_mae,0.236859,float,projekt-base,C:\Coding\AI\projekt\conda_envs\base.yml,
11,C:\Coding\AI\Dataset\!masks_for_training\11,siamese_unet,Siamese U-Net,ok,qty_ratio_mape,264.642,float,projekt-base,C:\Coding\AI\projekt\conda_envs\base.yml,
11,C:\Coding\AI\Dataset\!masks_for_training\11,siamese_unet,Siamese U-Net,ok,qty_ratio_percentage_error,264.642,float,projekt-base,C:\Coding\AI\projekt\conda_envs\base.yml,
11,C:\Coding\AI\Dataset\!masks_for_training\11,yolov8_seg,YOLOv8-seg,ok,analysis_mode,yolov8_seg_pair,str,projekt-base,C:\Coding\AI\projekt\conda_envs\base.yml,
11,C:\Coding\AI\Dataset\!masks_for_training\11,yolov8_seg,YOLOv8-seg,ok,model_name,C:\Coding\AI\projekt\weights\yolov8m_trash_finetuned.pt,str,projekt-base,C:\Coding\AI\projekt\conda_envs\base.yml,
11,C:\Coding\AI\Dataset\!masks_for_training\11,yolov8_seg,YOLOv8-seg,ok,model_source,C:\Coding\AI\projekt\weights\yolov8m_seg_best_new+fine-tune.pt,str,projekt-base,C:\Coding\AI\projekt\conda_envs\base.yml,
11,C:\Coding\AI\Dataset\!masks_for_training\11,yolov8_seg,YOLOv8-seg,ok,device_requested,auto,str,projekt-base,C:\Coding\AI\projekt\conda_envs\base.yml,
11,C:\Coding\AI\Dataset\!masks_for_training\11,yolov8_seg,YOLOv8-seg,ok,device_used,cuda,str,projekt-base,C:\Coding\AI\projekt\conda_envs\base.yml,
11,C:\Coding\AI\Dataset\!masks_for_training\11,yolov8_seg,YOLOv8-seg,ok,force_cpu,False,bool,projekt-base,C:\Coding\AI\projekt\conda_envs\base.yml,
11,C:\Coding\AI\Dataset\!masks_for_training\11,yolov8_seg,YOLOv8-seg,ok,cuda_available,True,bool,projekt-base,C:\Coding\AI\projekt\conda_envs\base.yml,
11,C:\Coding\AI\Dataset\!masks_for_training\11,yolov8_seg,YOLOv8-seg,ok,image_size,1536,int,projekt-base,C:\Coding\AI\projekt\conda_envs\base.yml,
11,C:\Coding\AI\Dataset\!masks_for_training\11,yolov8_seg,YOLOv8-seg,ok,confidence_threshold,0.35,float,projekt-base,C:\Coding\AI\projekt\conda_envs\base.yml,
11,C:\Coding\AI\Dataset\!masks_for_training\11,yolov8_seg,YOLOv8-seg,ok,iou_threshold,0.4,float,projekt-base,C:\Coding\AI\projekt\conda_envs\base.yml,
11,C:\Coding\AI\Dataset\!masks_for_training\11,yolov8_seg,YOLOv8-seg,ok,tile_inference_mode,auto,str,projekt-base,C:\Coding\AI\projekt\conda_envs\base.yml,
11,C:\Coding\AI\Dataset\!masks_for_training\11,yolov8_seg,YOLOv8-seg,ok,tile_size,640,int,projekt-base,C:\Coding\AI\projekt\conda_envs\base.yml,
11,C:\Coding\AI\Dataset\!masks_for_training\11,yolov8_seg,YOLOv8-seg,ok,tile_overlap_ratio,0.5,float,projekt-base,C:\Coding\AI\projekt\conda_envs\base.yml,
11,C:\Coding\AI\Dataset\!masks_for_training\11,yolov8_seg,YOLOv8-seg,ok,before_tile_count,1,int,projekt-base,C:\Coding\AI\projekt\conda_envs\base.yml,
11,C:\Coding\AI\Dataset\!masks_for_training\11,yolov8_seg,YOLOv8-seg,ok,after_tile_count,1,int,projekt-base,C:\Coding\AI\projekt\conda_envs\base.yml,
11,C:\Coding\AI\Dataset\!masks_for_training\11,yolov8_seg,YOLOv8-seg,ok,selected_class_count,0,int,projekt-base,C:\Coding\AI\projekt\conda_envs\base.yml,
11,C:\Coding\AI\Dataset\!masks_for_training\11,yolov8_seg,YOLOv8-seg,ok,selected_class_ids,[],list,projekt-base,C:\Coding\AI\projekt\conda_envs\base.yml,
11,C:\Coding\AI\Dataset\!masks_for_training\11,yolov8_seg,YOLOv8-seg,ok,taco_dataset_root,C:\Coding\AI\projekt\datasets\TACO,str,projekt-base,C:\Coding\AI\projekt\conda_envs\base.yml,
11,C:\Coding\AI\Dataset\!masks_for_training\11,yolov8_seg,YOLOv8-seg,ok,taco_annotations_path,C:\Coding\AI\projekt\datasets\TACO\data\annotations.json,str,projekt-base,C:\Coding\AI\projekt\conda_envs\base.yml,
11,C:\Coding\AI\Dataset\!masks_for_training\11,yolov8_seg,YOLOv8-seg,ok,taco_export_root,C:\Coding\AI\projekt\datasets\TACO\yolo_seg,str,projekt-base,C:\Coding\AI\projekt\conda_envs\base.yml,
11,C:\Coding\AI\Dataset\!masks_for_training\11,yolov8_seg,YOLOv8-seg,ok,taco_data_yaml,C:\Coding\AI\projekt\datasets\TACO\yolo_seg\data.yaml,str,projekt-base,C:\Coding\AI\projekt\conda_envs\base.yml,
11,C:\Coding\AI\Dataset\!masks_for_training\11,yolov8_seg,YOLOv8-seg,ok,taco_source_images,1500,int,projekt-base,C:\Coding\AI\projekt\conda_envs\base.yml,
11,C:\Coding\AI\Dataset\!masks_for_training\11,yolov8_seg,YOLOv8-seg,ok,taco_exported_images,1500,int,projekt-base,C:\Coding\AI\projekt\conda_envs\base.yml,
11,C:\Coding\AI\Dataset\!masks_for_training\11,yolov8_seg,YOLOv8-seg,ok,taco_exported_labels,1500,int,projekt-base,C:\Coding\AI\projekt\conda_envs\base.yml,
11,C:\Coding\AI\Dataset\!masks_for_training\11,yolov8_seg,YOLOv8-seg,ok,taco_skipped_missing_images,0,int,projekt-base,C:\Coding\AI\projekt\conda_envs\base.yml,
11,C:\Coding\AI\Dataset\!masks_for_training\11,yolov8_seg,YOLOv8-seg,ok,taco_skipped_invalid_polygons,0,int,projekt-base,C:\Coding\AI\projekt\conda_envs\base.yml,
11,C:\Coding\AI\Dataset\!masks_for_training\11,yolov8_seg,YOLOv8-seg,ok,before_instance_count,2,int,projekt-base,C:\Coding\AI\projekt\conda_envs\base.yml,
11,C:\Coding\AI\Dataset\!masks_for_training\11,yolov8_seg,YOLOv8-seg,ok,after_instance_count,0,int,projekt-base,C:\Coding\AI\projekt\conda_envs\base.yml,
11,C:\Coding\AI\Dataset\!masks_for_training\11,yolov8_seg,YOLOv8-seg,ok,instance_count_total,2,int,projekt-base,C:\Coding\AI\projekt\conda_envs\base.yml,
11,C:\Coding\AI\Dataset\!masks_for_training\11,yolov8_seg,YOLOv8-seg,ok,before_mask_area_px,6692,int,projekt-base,C:\Coding\AI\projekt\conda_envs\base.yml,
11,C:\Coding\AI\Dataset\!masks_for_training\11,yolov8_seg,YOLOv8-seg,ok,after_mask_area_px,0,int,projekt-base,C:\Coding\AI\projekt\conda_envs\base.yml,
11,C:\Coding\AI\Dataset\!masks_for_training\11,yolov8_seg,YOLOv8-seg,ok,before_mask_area_ratio,0.026304,float,projekt-base,C:\Coding\AI\projekt\conda_envs\base.yml,
11,C:\Coding\AI\Dataset\!masks_for_training\11,yolov8_seg,YOLOv8-seg,ok,after_mask_area_ratio,0,float,projekt-base,C:\Coding\AI\projekt\conda_envs\base.yml,
11,C:\Coding\AI\Dataset\!masks_for_training\11,yolov8_seg,YOLOv8-seg,ok,mask_area_delta_px,-6692,int,projekt-base,C:\Coding\AI\projekt\conda_envs\base.yml,
11,C:\Coding\AI\Dataset\!masks_for_training\11,yolov8_seg,YOLOv8-seg,ok,mask_area_delta_ratio,-0.026304,float,projekt-base,C:\Coding\AI\projekt\conda_envs\base.yml,
11,C:\Coding\AI\Dataset\!masks_for_training\11,yolov8_seg,YOLOv8-seg,ok,before_bbox_area_px,9912,int,projekt-base,C:\Coding\AI\projekt\conda_envs\base.yml,
11,C:\Coding\AI\Dataset\!masks_for_training\11,yolov8_seg,YOLOv8-seg,ok,after_bbox_area_px,0,int,projekt-base,C:\Coding\AI\projekt\conda_envs\base.yml,
11,C:\Coding\AI\Dataset\!masks_for_training\11,yolov8_seg,YOLOv8-seg,ok,before_mean_confidence,0.712899,float,projekt-base,C:\Coding\AI\projekt\conda_envs\base.yml,
11,C:\Coding\AI\Dataset\!masks_for_training\11,yolov8_seg,YOLOv8-seg,ok,after_mean_confidence,0,float,projekt-base,C:\Coding\AI\projekt\conda_envs\base.yml,
11,C:\Coding\AI\Dataset\!masks_for_training\11,yolov8_seg,YOLOv8-seg,ok,before_inference_ms,93.159,float,projekt-base,C:\Coding\AI\projekt\conda_envs\base.yml,
11,C:\Coding\AI\Dataset\!masks_for_training\11,yolov8_seg,YOLOv8-seg,ok,after_inference_ms,69.373,float,projekt-base,C:\Coding\AI\projekt\conda_envs\base.yml,
11,C:\Coding\AI\Dataset\!masks_for_training\11,yolov8_seg,YOLOv8-seg,ok,inference_ms_total,162.532,float,projekt-base,C:\Coding\AI\projekt\conda_envs\base.yml,
12,C:\Coding\AI\Dataset\!masks_for_training\12,changeformer,ChangeFormer,error,,,,projekt-base,C:\Coding\AI\projekt\conda_envs\base.yml,"ValueError: operands could not be broadcast together with shapes (496,1020,1) (496,1020) "
12,C:\Coding\AI\Dataset\!masks_for_training\12,efficientnet,EfficientNet,ok,analysis_mode,efficientnet_cls_pair,str,projekt-base,C:\Coding\AI\projekt\conda_envs\base.yml,
12,C:\Coding\AI\Dataset\!masks_for_training\12,efficientnet,EfficientNet,ok,inference_mode,heuristic_fallback,str,projekt-base,C:\Coding\AI\projekt\conda_envs\base.yml,
12,C:\Coding\AI\Dataset\!masks_for_training\12,efficientnet,EfficientNet,ok,model_name,efficientnet_b0,str,projekt-base,C:\Coding\AI\projekt\conda_envs\base.yml,
12,C:\Coding\AI\Dataset\!masks_for_training\12,efficientnet,EfficientNet,ok,model_source,None,str,projekt-base,C:\Coding\AI\projekt\conda_envs\base.yml,
12,C:\Coding\AI\Dataset\!masks_for_training\12,efficientnet,EfficientNet,ok,weights_path,C:\Coding\AI\projekt\weights\efficientnet_best.pt,str,projekt-base,C:\Coding\AI\projekt\conda_envs\base.yml,
12,C:\Coding\AI\Dataset\!masks_for_training\12,efficientnet,EfficientNet,ok,device_requested,auto,str,projekt-base,C:\Coding\AI\projekt\conda_envs\base.yml,
12,C:\Coding\AI\Dataset\!masks_for_training\12,efficientnet,EfficientNet,ok,device_used,cpu,str,projekt-base,C:\Coding\AI\projekt\conda_envs\base.yml,
12,C:\Coding\AI\Dataset\!masks_for_training\12,efficientnet,EfficientNet,ok,force_cpu,False,bool,projekt-base,C:\Coding\AI\projekt\conda_envs\base.yml,
12,C:\Coding\AI\Dataset\!masks_for_training\12,efficientnet,EfficientNet,ok,cuda_available,True,bool,projekt-base,C:\Coding\AI\projekt\conda_envs\base.yml,
12,C:\Coding\AI\Dataset\!masks_for_training\12,efficientnet,EfficientNet,ok,input_size,224,int,projekt-base,C:\Coding\AI\projekt\conda_envs\base.yml,
12,C:\Coding\AI\Dataset\!masks_for_training\12,efficientnet,EfficientNet,ok,dirty_threshold,0.42,float,projekt-base,C:\Coding\AI\projekt\conda_envs\base.yml,
12,C:\Coding\AI\Dataset\!masks_for_training\12,efficientnet,EfficientNet,ok,dirty_keyword_classes,2,int,projekt-base,C:\Coding\AI\projekt\conda_envs\base.yml,
12,C:\Coding\AI\Dataset\!masks_for_training\12,efficientnet,EfficientNet,ok,before_crop_count,6,int,projekt-base,C:\Coding\AI\projekt\conda_envs\base.yml,
12,C:\Coding\AI\Dataset\!masks_for_training\12,efficientnet,EfficientNet,ok,after_crop_count,6,int,projekt-base,C:\Coding\AI\projekt\conda_envs\base.yml,
12,C:\Coding\AI\Dataset\!masks_for_training\12,efficientnet,EfficientNet,ok,before_crop_dirty_prob_mean,0.581376,float,projekt-base,C:\Coding\AI\projekt\conda_envs\base.yml,
12,C:\Coding\AI\Dataset\!masks_for_training\12,efficientnet,EfficientNet,ok,after_crop_dirty_prob_mean,0.550479,float,projekt-base,C:\Coding\AI\projekt\conda_envs\base.yml,
12,C:\Coding\AI\Dataset\!masks_for_training\12,efficientnet,EfficientNet,ok,before_crop_dirty_prob_max,0.682229,float,projekt-base,C:\Coding\AI\projekt\conda_envs\base.yml,
12,C:\Coding\AI\Dataset\!masks_for_training\12,efficientnet,EfficientNet,ok,after_crop_dirty_prob_max,0.602929,float,projekt-base,C:\Coding\AI\projekt\conda_envs\base.yml,
12,C:\Coding\AI\Dataset\!masks_for_training\12,efficientnet,EfficientNet,ok,before_crop_support_ratio,1,float,projekt-base,C:\Coding\AI\projekt\conda_envs\base.yml,
12,C:\Coding\AI\Dataset\!masks_for_training\12,efficientnet,EfficientNet,ok,after_crop_support_ratio,1,float,projekt-base,C:\Coding\AI\projekt\conda_envs\base.yml,
12,C:\Coding\AI\Dataset\!masks_for_training\12,efficientnet,EfficientNet,ok,before_dirty_prob,0.65399,float,projekt-base,C:\Coding\AI\projekt\conda_envs\base.yml,
12,C:\Coding\AI\Dataset\!masks_for_training\12,efficientnet,EfficientNet,ok,after_dirty_prob,0.588243,float,projekt-base,C:\Coding\AI\projekt\conda_envs\base.yml,
12,C:\Coding\AI\Dataset\!masks_for_training\12,efficientnet,EfficientNet,ok,before_clean_prob,0.34601,float,projekt-base,C:\Coding\AI\projekt\conda_envs\base.yml,
12,C:\Coding\AI\Dataset\!masks_for_training\12,efficientnet,EfficientNet,ok,after_clean_prob,0.411757,float,projekt-base,C:\Coding\AI\projekt\conda_envs\base.yml,
12,C:\Coding\AI\Dataset\!masks_for_training\12,efficientnet,EfficientNet,ok,cleanup_delta,0.065747,float,projekt-base,C:\Coding\AI\projekt\conda_envs\base.yml,
12,C:\Coding\AI\Dataset\!masks_for_training\12,efficientnet,EfficientNet,ok,cleanup_score,0.065747,float,projekt-base,C:\Coding\AI\projekt\conda_envs\base.yml,
12,C:\Coding\AI\Dataset\!masks_for_training\12,efficientnet,EfficientNet,ok,dirty_prob_delta,-0.065747,float,projekt-base,C:\Coding\AI\projekt\conda_envs\base.yml,
12,C:\Coding\AI\Dataset\!masks_for_training\12,efficientnet,EfficientNet,ok,dirty_prob_abs_delta,0.065747,float,projekt-base,C:\Coding\AI\projekt\conda_envs\base.yml,
12,C:\Coding\AI\Dataset\!masks_for_training\12,efficientnet,EfficientNet,ok,before_pred_label,dirty,str,projekt-base,C:\Coding\AI\projekt\conda_envs\base.yml,
12,C:\Coding\AI\Dataset\!masks_for_training\12,efficientnet,EfficientNet,ok,after_pred_label,dirty,str,projekt-base,C:\Coding\AI\projekt\conda_envs\base.yml,
12,C:\Coding\AI\Dataset\!masks_for_training\12,efficientnet,EfficientNet,ok,before_top1_label,dirty,str,projekt-base,C:\Coding\AI\projekt\conda_envs\base.yml,
12,C:\Coding\AI\Dataset\!masks_for_training\12,efficientnet,EfficientNet,ok,after_top1_label,dirty,str,projekt-base,C:\Coding\AI\projekt\conda_envs\base.yml,
12,C:\Coding\AI\Dataset\!masks_for_training\12,efficientnet,EfficientNet,ok,before_top1_prob,0.682229,float,projekt-base,C:\Coding\AI\projekt\conda_envs\base.yml,
12,C:\Coding\AI\Dataset\!masks_for_training\12,efficientnet,EfficientNet,ok,after_top1_prob,0.602929,float,projekt-base,C:\Coding\AI\projekt\conda_envs\base.yml,
12,C:\Coding\AI\Dataset\!masks_for_training\12,efficientnet,EfficientNet,ok,before_entropy_norm,0.967881,float,projekt-base,C:\Coding\AI\projekt\conda_envs\base.yml,
12,C:\Coding\AI\Dataset\!masks_for_training\12,efficientnet,EfficientNet,ok,after_entropy_norm,0.988646,float,projekt-base,C:\Coding\AI\projekt\conda_envs\base.yml,
12,C:\Coding\AI\Dataset\!masks_for_training\12,efficientnet,EfficientNet,ok,before_inference_ms,0,float,projekt-base,C:\Coding\AI\projekt\conda_envs\base.yml,
12,C:\Coding\AI\Dataset\!masks_for_training\12,efficientnet,EfficientNet,ok,after_inference_ms,0,float,projekt-base,C:\Coding\AI\projekt\conda_envs\base.yml,
12,C:\Coding\AI\Dataset\!masks_for_training\12,efficientnet,EfficientNet,ok,inference_ms_total,0,float,projekt-base,C:\Coding\AI\projekt\conda_envs\base.yml,
12,C:\Coding\AI\Dataset\!masks_for_training\12,sift_ransac,SIFT + RANSAC + difference map,error,,,,projekt-base,C:\Coding\AI\projekt\conda_envs\base.yml,"ValueError: operands could not be broadcast together with shapes (496,1020,1) (496,1020) "
12,C:\Coding\AI\Dataset\!masks_for_training\12,siamese_unet,Siamese U-Net,error,,,,projekt-base,C:\Coding\AI\projekt\conda_envs\base.yml,"ValueError: operands could not be broadcast together with shapes (496,1020,1) (496,1020) "
12,C:\Coding\AI\Dataset\!masks_for_training\12,yolov8_seg,YOLOv8-seg,ok,analysis_mode,yolov8_seg_pair,str,projekt-base,C:\Coding\AI\projekt\conda_envs\base.yml,
12,C:\Coding\AI\Dataset\!masks_for_training\12,yolov8_seg,YOLOv8-seg,ok,model_name,C:\Coding\AI\projekt\weights\yolov8m_trash_finetuned.pt,str,projekt-base,C:\Coding\AI\projekt\conda_envs\base.yml,
12,C:\Coding\AI\Dataset\!masks_for_training\12,yolov8_seg,YOLOv8-seg,ok,model_source,C:\Coding\AI\projekt\weights\yolov8m_seg_best_new+fine-tune.pt,str,projekt-base,C:\Coding\AI\projekt\conda_envs\base.yml,
12,C:\Coding\AI\Dataset\!masks_for_training\12,yolov8_seg,YOLOv8-seg,ok,device_requested,auto,str,projekt-base,C:\Coding\AI\projekt\conda_envs\base.yml,
12,C:\Coding\AI\Dataset\!masks_for_training\12,yolov8_seg,YOLOv8-seg,ok,device_used,cuda,str,projekt-base,C:\Coding\AI\projekt\conda_envs\base.yml,
12,C:\Coding\AI\Dataset\!masks_for_training\12,yolov8_seg,YOLOv8-seg,ok,force_cpu,False,bool,projekt-base,C:\Coding\AI\projekt\conda_envs\base.yml,
12,C:\Coding\AI\Dataset\!masks_for_training\12,yolov8_seg,YOLOv8-seg,ok,cuda_available,True,bool,projekt-base,C:\Coding\AI\projekt\conda_envs\base.yml,
12,C:\Coding\AI\Dataset\!masks_for_training\12,yolov8_seg,YOLOv8-seg,ok,image_size,1536,int,projekt-base,C:\Coding\AI\projekt\conda_envs\base.yml,
12,C:\Coding\AI\Dataset\!masks_for_training\12,yolov8_seg,YOLOv8-seg,ok,confidence_threshold,0.35,float,projekt-base,C:\Coding\AI\projekt\conda_envs\base.yml,
12,C:\Coding\AI\Dataset\!masks_for_training\12,yolov8_seg,YOLOv8-seg,ok,iou_threshold,0.4,float,projekt-base,C:\Coding\AI\projekt\conda_envs\base.yml,
12,C:\Coding\AI\Dataset\!masks_for_training\12,yolov8_seg,YOLOv8-seg,ok,tile_inference_mode,auto,str,projekt-base,C:\Coding\AI\projekt\conda_envs\base.yml,
12,C:\Coding\AI\Dataset\!masks_for_training\12,yolov8_seg,YOLOv8-seg,ok,tile_size,640,int,projekt-base,C:\Coding\AI\projekt\conda_envs\base.yml,
12,C:\Coding\AI\Dataset\!masks_for_training\12,yolov8_seg,YOLOv8-seg,ok,tile_overlap_ratio,0.5,float,projekt-base,C:\Coding\AI\projekt\conda_envs\base.yml,
12,C:\Coding\AI\Dataset\!masks_for_training\12,yolov8_seg,YOLOv8-seg,ok,before_tile_count,3,int,projekt-base,C:\Coding\AI\projekt\conda_envs\base.yml,
12,C:\Coding\AI\Dataset\!masks_for_training\12,yolov8_seg,YOLOv8-seg,ok,after_tile_count,3,int,projekt-base,C:\Coding\AI\projekt\conda_envs\base.yml,
12,C:\Coding\AI\Dataset\!masks_for_training\12,yolov8_seg,YOLOv8-seg,ok,selected_class_count,0,int,projekt-base,C:\Coding\AI\projekt\conda_envs\base.yml,
12,C:\Coding\AI\Dataset\!masks_for_training\12,yolov8_seg,YOLOv8-seg,ok,selected_class_ids,[],list,projekt-base,C:\Coding\AI\projekt\conda_envs\base.yml,
12,C:\Coding\AI\Dataset\!masks_for_training\12,yolov8_seg,YOLOv8-seg,ok,taco_dataset_root,C:\Coding\AI\projekt\datasets\TACO,str,projekt-base,C:\Coding\AI\projekt\conda_envs\base.yml,
12,C:\Coding\AI\Dataset\!masks_for_training\12,yolov8_seg,YOLOv8-seg,ok,taco_annotations_path,C:\Coding\AI\projekt\datasets\TACO\data\annotations.json,str,projekt-base,C:\Coding\AI\projekt\conda_envs\base.yml,
12,C:\Coding\AI\Dataset\!masks_for_training\12,yolov8_seg,YOLOv8-seg,ok,taco_export_root,C:\Coding\AI\projekt\datasets\TACO\yolo_seg,str,projekt-base,C:\Coding\AI\projekt\conda_envs\base.yml,
12,C:\Coding\AI\Dataset\!masks_for_training\12,yolov8_seg,YOLOv8-seg,ok,taco_data_yaml,C:\Coding\AI\projekt\datasets\TACO\yolo_seg\data.yaml,str,projekt-base,C:\Coding\AI\projekt\conda_envs\base.yml,
12,C:\Coding\AI\Dataset\!masks_for_training\12,yolov8_seg,YOLOv8-seg,ok,taco_source_images,1500,int,projekt-base,C:\Coding\AI\projekt\conda_envs\base.yml,
12,C:\Coding\AI\Dataset\!masks_for_training\12,yolov8_seg,YOLOv8-seg,ok,taco_exported_images,1500,int,projekt-base,C:\Coding\AI\projekt\conda_envs\base.yml,
12,C:\Coding\AI\Dataset\!masks_for_training\12,yolov8_seg,YOLOv8-seg,ok,taco_exported_labels,1500,int,projekt-base,C:\Coding\AI\projekt\conda_envs\base.yml,
12,C:\Coding\AI\Dataset\!masks_for_training\12,yolov8_seg,YOLOv8-seg,ok,taco_skipped_missing_images,0,int,projekt-base,C:\Coding\AI\projekt\conda_envs\base.yml,
12,C:\Coding\AI\Dataset\!masks_for_training\12,yolov8_seg,YOLOv8-seg,ok,taco_skipped_invalid_polygons,0,int,projekt-base,C:\Coding\AI\projekt\conda_envs\base.yml,
12,C:\Coding\AI\Dataset\!masks_for_training\12,yolov8_seg,YOLOv8-seg,ok,before_instance_count,15,int,projekt-base,C:\Coding\AI\projekt\conda_envs\base.yml,
12,C:\Coding\AI\Dataset\!masks_for_training\12,yolov8_seg,YOLOv8-seg,ok,after_instance_count,0,int,projekt-base,C:\Coding\AI\projekt\conda_envs\base.yml,
12,C:\Coding\AI\Dataset\!masks_for_training\12,yolov8_seg,YOLOv8-seg,ok,instance_count_total,15,int,projekt-base,C:\Coding\AI\projekt\conda_envs\base.yml,
12,C:\Coding\AI\Dataset\!masks_for_training\12,yolov8_seg,YOLOv8-seg,ok,before_mask_area_px,32642,int,projekt-base,C:\Coding\AI\projekt\conda_envs\base.yml,
12,C:\Coding\AI\Dataset\!masks_for_training\12,yolov8_seg,YOLOv8-seg,ok,after_mask_area_px,0,int,projekt-base,C:\Coding\AI\projekt\conda_envs\base.yml,
12,C:\Coding\AI\Dataset\!masks_for_training\12,yolov8_seg,YOLOv8-seg,ok,before_mask_area_ratio,0.06452,float,projekt-base,C:\Coding\AI\projekt\conda_envs\base.yml,
12,C:\Coding\AI\Dataset\!masks_for_training\12,yolov8_seg,YOLOv8-seg,ok,after_mask_area_ratio,0,float,projekt-base,C:\Coding\AI\projekt\conda_envs\base.yml,
12,C:\Coding\AI\Dataset\!masks_for_training\12,yolov8_seg,YOLOv8-seg,ok,mask_area_delta_px,-32642,int,projekt-base,C:\Coding\AI\projekt\conda_envs\base.yml,
12,C:\Coding\AI\Dataset\!masks_for_training\12,yolov8_seg,YOLOv8-seg,ok,mask_area_delta_ratio,-0.06452,float,projekt-base,C:\Coding\AI\projekt\conda_envs\base.yml,
12,C:\Coding\AI\Dataset\!masks_for_training\12,yolov8_seg,YOLOv8-seg,ok,before_bbox_area_px,64516,int,projekt-base,C:\Coding\AI\projekt\conda_envs\base.yml,
12,C:\Coding\AI\Dataset\!masks_for_training\12,yolov8_seg,YOLOv8-seg,ok,after_bbox_area_px,0,int,projekt-base,C:\Coding\AI\projekt\conda_envs\base.yml,
12,C:\Coding\AI\Dataset\!masks_for_training\12,yolov8_seg,YOLOv8-seg,ok,before_mean_confidence,0.593369,float,projekt-base,C:\Coding\AI\projekt\conda_envs\base.yml,
12,C:\Coding\AI\Dataset\!masks_for_training\12,yolov8_seg,YOLOv8-seg,ok,after_mean_confidence,0,float,projekt-base,C:\Coding\AI\projekt\conda_envs\base.yml,
12,C:\Coding\AI\Dataset\!masks_for_training\12,yolov8_seg,YOLOv8-seg,ok,before_inference_ms,148.866,float,projekt-base,C:\Coding\AI\projekt\conda_envs\base.yml,
12,C:\Coding\AI\Dataset\!masks_for_training\12,yolov8_seg,YOLOv8-seg,ok,after_inference_ms,47.234,float,projekt-base,C:\Coding\AI\projekt\conda_envs\base.yml,
12,C:\Coding\AI\Dataset\!masks_for_training\12,yolov8_seg,YOLOv8-seg,ok,inference_ms_total,196.101,float,projekt-base,C:\Coding\AI\projekt\conda_envs\base.yml,
13,C:\Coding\AI\Dataset\!masks_for_training\13,changeformer,ChangeFormer,error,,,,projekt-base,C:\Coding\AI\projekt\conda_envs\base.yml,"ValueError: operands could not be broadcast together with shapes (371,750,1) (371,750) "
13,C:\Coding\AI\Dataset\!masks_for_training\13,efficientnet,EfficientNet,ok,analysis_mode,efficientnet_cls_pair,str,projekt-base,C:\Coding\AI\projekt\conda_envs\base.yml,
13,C:\Coding\AI\Dataset\!masks_for_training\13,efficientnet,EfficientNet,ok,inference_mode,heuristic_fallback,str,projekt-base,C:\Coding\AI\projekt\conda_envs\base.yml,
13,C:\Coding\AI\Dataset\!masks_for_training\13,efficientnet,EfficientNet,ok,model_name,efficientnet_b0,str,projekt-base,C:\Coding\AI\projekt\conda_envs\base.yml,
13,C:\Coding\AI\Dataset\!masks_for_training\13,efficientnet,EfficientNet,ok,model_source,None,str,projekt-base,C:\Coding\AI\projekt\conda_envs\base.yml,
13,C:\Coding\AI\Dataset\!masks_for_training\13,efficientnet,EfficientNet,ok,weights_path,C:\Coding\AI\projekt\weights\efficientnet_best.pt,str,projekt-base,C:\Coding\AI\projekt\conda_envs\base.yml,
13,C:\Coding\AI\Dataset\!masks_for_training\13,efficientnet,EfficientNet,ok,device_requested,auto,str,projekt-base,C:\Coding\AI\projekt\conda_envs\base.yml,
13,C:\Coding\AI\Dataset\!masks_for_training\13,efficientnet,EfficientNet,ok,device_used,cpu,str,projekt-base,C:\Coding\AI\projekt\conda_envs\base.yml,
13,C:\Coding\AI\Dataset\!masks_for_training\13,efficientnet,EfficientNet,ok,force_cpu,False,bool,projekt-base,C:\Coding\AI\projekt\conda_envs\base.yml,
13,C:\Coding\AI\Dataset\!masks_for_training\13,efficientnet,EfficientNet,ok,cuda_available,True,bool,projekt-base,C:\Coding\AI\projekt\conda_envs\base.yml,
13,C:\Coding\AI\Dataset\!masks_for_training\13,efficientnet,EfficientNet,ok,input_size,224,int,projekt-base,C:\Coding\AI\projekt\conda_envs\base.yml,
13,C:\Coding\AI\Dataset\!masks_for_training\13,efficientnet,EfficientNet,ok,dirty_threshold,0.42,float,projekt-base,C:\Coding\AI\projekt\conda_envs\base.yml,
13,C:\Coding\AI\Dataset\!masks_for_training\13,efficientnet,EfficientNet,ok,dirty_keyword_classes,2,int,projekt-base,C:\Coding\AI\projekt\conda_envs\base.yml,
13,C:\Coding\AI\Dataset\!masks_for_training\13,efficientnet,EfficientNet,ok,before_crop_count,6,int,projekt-base,C:\Coding\AI\projekt\conda_envs\base.yml,
13,C:\Coding\AI\Dataset\!masks_for_training\13,efficientnet,EfficientNet,ok,after_crop_count,6,int,projekt-base,C:\Coding\AI\projekt\conda_envs\base.yml,
13,C:\Coding\AI\Dataset\!masks_for_training\13,efficientnet,EfficientNet,ok,before_crop_dirty_prob_mean,0.602765,float,projekt-base,C:\Coding\AI\projekt\conda_envs\base.yml,
13,C:\Coding\AI\Dataset\!masks_for_training\13,efficientnet,EfficientNet,ok,after_crop_dirty_prob_mean,0.640875,float,projekt-base,C:\Coding\AI\projekt\conda_envs\base.yml,
13,C:\Coding\AI\Dataset\!masks_for_training\13,efficientnet,EfficientNet,ok,before_crop_dirty_prob_max,0.683882,float,projekt-base,C:\Coding\AI\projekt\conda_envs\base.yml,
13,C:\Coding\AI\Dataset\!masks_for_training\13,efficientnet,EfficientNet,ok,after_crop_dirty_prob_max,0.683069,float,projekt-base,C:\Coding\AI\projekt\conda_envs\base.yml,
13,C:\Coding\AI\Dataset\!masks_for_training\13,efficientnet,EfficientNet,ok,before_crop_support_ratio,1,float,projekt-base,C:\Coding\AI\projekt\conda_envs\base.yml,
13,C:\Coding\AI\Dataset\!masks_for_training\13,efficientnet,EfficientNet,ok,after_crop_support_ratio,1,float,projekt-base,C:\Coding\AI\projekt\conda_envs\base.yml,
13,C:\Coding\AI\Dataset\!masks_for_training\13,efficientnet,EfficientNet,ok,before_dirty_prob,0.661169,float,projekt-base,C:\Coding\AI\projekt\conda_envs\base.yml,
13,C:\Coding\AI\Dataset\!masks_for_training\13,efficientnet,EfficientNet,ok,after_dirty_prob,0.671255,float,projekt-base,C:\Coding\AI\projekt\conda_envs\base.yml,
13,C:\Coding\AI\Dataset\!masks_for_training\13,efficientnet,EfficientNet,ok,before_clean_prob,0.338831,float,projekt-base,C:\Coding\AI\projekt\conda_envs\base.yml,
13,C:\Coding\AI\Dataset\!masks_for_training\13,efficientnet,EfficientNet,ok,after_clean_prob,0.328745,float,projekt-base,C:\Coding\AI\projekt\conda_envs\base.yml,
13,C:\Coding\AI\Dataset\!masks_for_training\13,efficientnet,EfficientNet,ok,cleanup_delta,-0.010086,float,projekt-base,C:\Coding\AI\projekt\conda_envs\base.yml,
13,C:\Coding\AI\Dataset\!masks_for_training\13,efficientnet,EfficientNet,ok,cleanup_score,0,float,projekt-base,C:\Coding\AI\projekt\conda_envs\base.yml,
13,C:\Coding\AI\Dataset\!masks_for_training\13,efficientnet,EfficientNet,ok,dirty_prob_delta,0.010086,float,projekt-base,C:\Coding\AI\projekt\conda_envs\base.yml,
13,C:\Coding\AI\Dataset\!masks_for_training\13,efficientnet,EfficientNet,ok,dirty_prob_abs_delta,0.010086,float,projekt-base,C:\Coding\AI\projekt\conda_envs\base.yml,
13,C:\Coding\AI\Dataset\!masks_for_training\13,efficientnet,EfficientNet,ok,before_pred_label,dirty,str,projekt-base,C:\Coding\AI\projekt\conda_envs\base.yml,
13,C:\Coding\AI\Dataset\!masks_for_training\13,efficientnet,EfficientNet,ok,after_pred_label,dirty,str,projekt-base,C:\Coding\AI\projekt\conda_envs\base.yml,
13,C:\Coding\AI\Dataset\!masks_for_training\13,efficientnet,EfficientNet,ok,before_top1_label,dirty,str,projekt-base,C:\Coding\AI\projekt\conda_envs\base.yml,
13,C:\Coding\AI\Dataset\!masks_for_training\13,efficientnet,EfficientNet,ok,after_top1_label,dirty,str,projekt-base,C:\Coding\AI\projekt\conda_envs\base.yml,
13,C:\Coding\AI\Dataset\!masks_for_training\13,efficientnet,EfficientNet,ok,before_top1_prob,0.683882,float,projekt-base,C:\Coding\AI\projekt\conda_envs\base.yml,
13,C:\Coding\AI\Dataset\!masks_for_training\13,efficientnet,EfficientNet,ok,after_top1_prob,0.683069,float,projekt-base,C:\Coding\AI\projekt\conda_envs\base.yml,
13,C:\Coding\AI\Dataset\!masks_for_training\13,efficientnet,EfficientNet,ok,before_entropy_norm,0.958683,float,projekt-base,C:\Coding\AI\projekt\conda_envs\base.yml,
13,C:\Coding\AI\Dataset\!masks_for_training\13,efficientnet,EfficientNet,ok,after_entropy_norm,0.93111,float,projekt-base,C:\Coding\AI\projekt\conda_envs\base.yml,
13,C:\Coding\AI\Dataset\!masks_for_training\13,efficientnet,EfficientNet,ok,before_inference_ms,0,float,projekt-base,C:\Coding\AI\projekt\conda_envs\base.yml,
13,C:\Coding\AI\Dataset\!masks_for_training\13,efficientnet,EfficientNet,ok,after_inference_ms,0,float,projekt-base,C:\Coding\AI\projekt\conda_envs\base.yml,
13,C:\Coding\AI\Dataset\!masks_for_training\13,efficientnet,EfficientNet,ok,inference_ms_total,0,float,projekt-base,C:\Coding\AI\projekt\conda_envs\base.yml,
13,C:\Coding\AI\Dataset\!masks_for_training\13,sift_ransac,SIFT + RANSAC + difference map,error,,,,projekt-base,C:\Coding\AI\projekt\conda_envs\base.yml,"ValueError: operands could not be broadcast together with shapes (371,750,1) (371,750) "
13,C:\Coding\AI\Dataset\!masks_for_training\13,siamese_unet,Siamese U-Net,error,,,,projekt-base,C:\Coding\AI\projekt\conda_envs\base.yml,"ValueError: operands could not be broadcast together with shapes (371,750,1) (371,750) "
13,C:\Coding\AI\Dataset\!masks_for_training\13,yolov8_seg,YOLOv8-seg,ok,analysis_mode,yolov8_seg_pair,str,projekt-base,C:\Coding\AI\projekt\conda_envs\base.yml,
13,C:\Coding\AI\Dataset\!masks_for_training\13,yolov8_seg,YOLOv8-seg,ok,model_name,C:\Coding\AI\projekt\weights\yolov8m_trash_finetuned.pt,str,projekt-base,C:\Coding\AI\projekt\conda_envs\base.yml,
13,C:\Coding\AI\Dataset\!masks_for_training\13,yolov8_seg,YOLOv8-seg,ok,model_source,C:\Coding\AI\projekt\weights\yolov8m_seg_best_new+fine-tune.pt,str,projekt-base,C:\Coding\AI\projekt\conda_envs\base.yml,
13,C:\Coding\AI\Dataset\!masks_for_training\13,yolov8_seg,YOLOv8-seg,ok,device_requested,auto,str,projekt-base,C:\Coding\AI\projekt\conda_envs\base.yml,
13,C:\Coding\AI\Dataset\!masks_for_training\13,yolov8_seg,YOLOv8-seg,ok,device_used,cuda,str,projekt-base,C:\Coding\AI\projekt\conda_envs\base.yml,
13,C:\Coding\AI\Dataset\!masks_for_training\13,yolov8_seg,YOLOv8-seg,ok,force_cpu,False,bool,projekt-base,C:\Coding\AI\projekt\conda_envs\base.yml,
13,C:\Coding\AI\Dataset\!masks_for_training\13,yolov8_seg,YOLOv8-seg,ok,cuda_available,True,bool,projekt-base,C:\Coding\AI\projekt\conda_envs\base.yml,
13,C:\Coding\AI\Dataset\!masks_for_training\13,yolov8_seg,YOLOv8-seg,ok,image_size,1536,int,projekt-base,C:\Coding\AI\projekt\conda_envs\base.yml,
13,C:\Coding\AI\Dataset\!masks_for_training\13,yolov8_seg,YOLOv8-seg,ok,confidence_threshold,0.35,float,projekt-base,C:\Coding\AI\projekt\conda_envs\base.yml,
13,C:\Coding\AI\Dataset\!masks_for_training\13,yolov8_seg,YOLOv8-seg,ok,iou_threshold,0.4,float,projekt-base,C:\Coding\AI\projekt\conda_envs\base.yml,
13,C:\Coding\AI\Dataset\!masks_for_training\13,yolov8_seg,YOLOv8-seg,ok,tile_inference_mode,auto,str,projekt-base,C:\Coding\AI\projekt\conda_envs\base.yml,
13,C:\Coding\AI\Dataset\!masks_for_training\13,yolov8_seg,YOLOv8-seg,ok,tile_size,640,int,projekt-base,C:\Coding\AI\projekt\conda_envs\base.yml,
13,C:\Coding\AI\Dataset\!masks_for_training\13,yolov8_seg,YOLOv8-seg,ok,tile_overlap_ratio,0.5,float,projekt-base,C:\Coding\AI\projekt\conda_envs\base.yml,
13,C:\Coding\AI\Dataset\!masks_for_training\13,yolov8_seg,YOLOv8-seg,ok,before_tile_count,1,int,projekt-base,C:\Coding\AI\projekt\conda_envs\base.yml,
13,C:\Coding\AI\Dataset\!masks_for_training\13,yolov8_seg,YOLOv8-seg,ok,after_tile_count,1,int,projekt-base,C:\Coding\AI\projekt\conda_envs\base.yml,
13,C:\Coding\AI\Dataset\!masks_for_training\13,yolov8_seg,YOLOv8-seg,ok,selected_class_count,0,int,projekt-base,C:\Coding\AI\projekt\conda_envs\base.yml,
13,C:\Coding\AI\Dataset\!masks_for_training\13,yolov8_seg,YOLOv8-seg,ok,selected_class_ids,[],list,projekt-base,C:\Coding\AI\projekt\conda_envs\base.yml,
13,C:\Coding\AI\Dataset\!masks_for_training\13,yolov8_seg,YOLOv8-seg,ok,taco_dataset_root,C:\Coding\AI\projekt\datasets\TACO,str,projekt-base,C:\Coding\AI\projekt\conda_envs\base.yml,
13,C:\Coding\AI\Dataset\!masks_for_training\13,yolov8_seg,YOLOv8-seg,ok,taco_annotations_path,C:\Coding\AI\projekt\datasets\TACO\data\annotations.json,str,projekt-base,C:\Coding\AI\projekt\conda_envs\base.yml,
13,C:\Coding\AI\Dataset\!masks_for_training\13,yolov8_seg,YOLOv8-seg,ok,taco_export_root,C:\Coding\AI\projekt\datasets\TACO\yolo_seg,str,projekt-base,C:\Coding\AI\projekt\conda_envs\base.yml,
13,C:\Coding\AI\Dataset\!masks_for_training\13,yolov8_seg,YOLOv8-seg,ok,taco_data_yaml,C:\Coding\AI\projekt\datasets\TACO\yolo_seg\data.yaml,str,projekt-base,C:\Coding\AI\projekt\conda_envs\base.yml,
13,C:\Coding\AI\Dataset\!masks_for_training\13,yolov8_seg,YOLOv8-seg,ok,taco_source_images,1500,int,projekt-base,C:\Coding\AI\projekt\conda_envs\base.yml,
13,C:\Coding\AI\Dataset\!masks_for_training\13,yolov8_seg,YOLOv8-seg,ok,taco_exported_images,1500,int,projekt-base,C:\Coding\AI\projekt\conda_envs\base.yml,
13,C:\Coding\AI\Dataset\!masks_for_training\13,yolov8_seg,YOLOv8-seg,ok,taco_exported_labels,1500,int,projekt-base,C:\Coding\AI\projekt\conda_envs\base.yml,
13,C:\Coding\AI\Dataset\!masks_for_training\13,yolov8_seg,YOLOv8-seg,ok,taco_skipped_missing_images,0,int,projekt-base,C:\Coding\AI\projekt\conda_envs\base.yml,
13,C:\Coding\AI\Dataset\!masks_for_training\13,yolov8_seg,YOLOv8-seg,ok,taco_skipped_invalid_polygons,0,int,projekt-base,C:\Coding\AI\projekt\conda_envs\base.yml,
13,C:\Coding\AI\Dataset\!masks_for_training\13,yolov8_seg,YOLOv8-seg,ok,before_instance_count,3,int,projekt-base,C:\Coding\AI\projekt\conda_envs\base.yml,
13,C:\Coding\AI\Dataset\!masks_for_training\13,yolov8_seg,YOLOv8-seg,ok,after_instance_count,0,int,projekt-base,C:\Coding\AI\projekt\conda_envs\base.yml,
13,C:\Coding\AI\Dataset\!masks_for_training\13,yolov8_seg,YOLOv8-seg,ok,instance_count_total,3,int,projekt-base,C:\Coding\AI\projekt\conda_envs\base.yml,
13,C:\Coding\AI\Dataset\!masks_for_training\13,yolov8_seg,YOLOv8-seg,ok,before_mask_area_px,2698,int,projekt-base,C:\Coding\AI\projekt\conda_envs\base.yml,
13,C:\Coding\AI\Dataset\!masks_for_training\13,yolov8_seg,YOLOv8-seg,ok,after_mask_area_px,0,int,projekt-base,C:\Coding\AI\projekt\conda_envs\base.yml,
13,C:\Coding\AI\Dataset\!masks_for_training\13,yolov8_seg,YOLOv8-seg,ok,before_mask_area_ratio,0.00967,float,projekt-base,C:\Coding\AI\projekt\conda_envs\base.yml,
13,C:\Coding\AI\Dataset\!masks_for_training\13,yolov8_seg,YOLOv8-seg,ok,after_mask_area_ratio,0,float,projekt-base,C:\Coding\AI\projekt\conda_envs\base.yml,
13,C:\Coding\AI\Dataset\!masks_for_training\13,yolov8_seg,YOLOv8-seg,ok,mask_area_delta_px,-2698,int,projekt-base,C:\Coding\AI\projekt\conda_envs\base.yml,
13,C:\Coding\AI\Dataset\!masks_for_training\13,yolov8_seg,YOLOv8-seg,ok,mask_area_delta_ratio,-0.00967,float,projekt-base,C:\Coding\AI\projekt\conda_envs\base.yml,
13,C:\Coding\AI\Dataset\!masks_for_training\13,yolov8_seg,YOLOv8-seg,ok,before_bbox_area_px,3893,int,projekt-base,C:\Coding\AI\projekt\conda_envs\base.yml,
13,C:\Coding\AI\Dataset\!masks_for_training\13,yolov8_seg,YOLOv8-seg,ok,after_bbox_area_px,0,int,projekt-base,C:\Coding\AI\projekt\conda_envs\base.yml,
13,C:\Coding\AI\Dataset\!masks_for_training\13,yolov8_seg,YOLOv8-seg,ok,before_mean_confidence,0.595943,float,projekt-base,C:\Coding\AI\projekt\conda_envs\base.yml,
13,C:\Coding\AI\Dataset\!masks_for_training\13,yolov8_seg,YOLOv8-seg,ok,after_mean_confidence,0,float,projekt-base,C:\Coding\AI\projekt\conda_envs\base.yml,
13,C:\Coding\AI\Dataset\!masks_for_training\13,yolov8_seg,YOLOv8-seg,ok,before_inference_ms,84.476,float,projekt-base,C:\Coding\AI\projekt\conda_envs\base.yml,
13,C:\Coding\AI\Dataset\!masks_for_training\13,yolov8_seg,YOLOv8-seg,ok,after_inference_ms,54.121,float,projekt-base,C:\Coding\AI\projekt\conda_envs\base.yml,
13,C:\Coding\AI\Dataset\!masks_for_training\13,yolov8_seg,YOLOv8-seg,ok,inference_ms_total,138.597,float,projekt-base,C:\Coding\AI\projekt\conda_envs\base.yml,
14,C:\Coding\AI\Dataset\!masks_for_training\14,changeformer,ChangeFormer,error,,,,projekt-base,C:\Coding\AI\projekt\conda_envs\base.yml,"ValueError: operands could not be broadcast together with shapes (477,960,1) (477,960) "
14,C:\Coding\AI\Dataset\!masks_for_training\14,efficientnet,EfficientNet,ok,analysis_mode,efficientnet_cls_pair,str,projekt-base,C:\Coding\AI\projekt\conda_envs\base.yml,
14,C:\Coding\AI\Dataset\!masks_for_training\14,efficientnet,EfficientNet,ok,inference_mode,heuristic_fallback,str,projekt-base,C:\Coding\AI\projekt\conda_envs\base.yml,
14,C:\Coding\AI\Dataset\!masks_for_training\14,efficientnet,EfficientNet,ok,model_name,efficientnet_b0,str,projekt-base,C:\Coding\AI\projekt\conda_envs\base.yml,
14,C:\Coding\AI\Dataset\!masks_for_training\14,efficientnet,EfficientNet,ok,model_source,None,str,projekt-base,C:\Coding\AI\projekt\conda_envs\base.yml,
14,C:\Coding\AI\Dataset\!masks_for_training\14,efficientnet,EfficientNet,ok,weights_path,C:\Coding\AI\projekt\weights\efficientnet_best.pt,str,projekt-base,C:\Coding\AI\projekt\conda_envs\base.yml,
14,C:\Coding\AI\Dataset\!masks_for_training\14,efficientnet,EfficientNet,ok,device_requested,auto,str,projekt-base,C:\Coding\AI\projekt\conda_envs\base.yml,
14,C:\Coding\AI\Dataset\!masks_for_training\14,efficientnet,EfficientNet,ok,device_used,cpu,str,projekt-base,C:\Coding\AI\projekt\conda_envs\base.yml,
14,C:\Coding\AI\Dataset\!masks_for_training\14,efficientnet,EfficientNet,ok,force_cpu,False,bool,projekt-base,C:\Coding\AI\projekt\conda_envs\base.yml,
14,C:\Coding\AI\Dataset\!masks_for_training\14,efficientnet,EfficientNet,ok,cuda_available,True,bool,projekt-base,C:\Coding\AI\projekt\conda_envs\base.yml,
14,C:\Coding\AI\Dataset\!masks_for_training\14,efficientnet,EfficientNet,ok,input_size,224,int,projekt-base,C:\Coding\AI\projekt\conda_envs\base.yml,
14,C:\Coding\AI\Dataset\!masks_for_training\14,efficientnet,EfficientNet,ok,dirty_threshold,0.42,float,projekt-base,C:\Coding\AI\projekt\conda_envs\base.yml,
14,C:\Coding\AI\Dataset\!masks_for_training\14,efficientnet,EfficientNet,ok,dirty_keyword_classes,2,int,projekt-base,C:\Coding\AI\projekt\conda_envs\base.yml,
14,C:\Coding\AI\Dataset\!masks_for_training\14,efficientnet,EfficientNet,ok,before_crop_count,6,int,projekt-base,C:\Coding\AI\projekt\conda_envs\base.yml,
14,C:\Coding\AI\Dataset\!masks_for_training\14,efficientnet,EfficientNet,ok,after_crop_count,6,int,projekt-base,C:\Coding\AI\projekt\conda_envs\base.yml,
14,C:\Coding\AI\Dataset\!masks_for_training\14,efficientnet,EfficientNet,ok,before_crop_dirty_prob_mean,0.510038,float,projekt-base,C:\Coding\AI\projekt\conda_envs\base.yml,
14,C:\Coding\AI\Dataset\!masks_for_training\14,efficientnet,EfficientNet,ok,after_crop_dirty_prob_mean,0.515553,float,projekt-base,C:\Coding\AI\projekt\conda_envs\base.yml,
14,C:\Coding\AI\Dataset\!masks_for_training\14,efficientnet,EfficientNet,ok,before_crop_dirty_prob_max,0.559921,float,projekt-base,C:\Coding\AI\projekt\conda_envs\base.yml,
14,C:\Coding\AI\Dataset\!masks_for_training\14,efficientnet,EfficientNet,ok,after_crop_dirty_prob_max,0.559859,float,projekt-base,C:\Coding\AI\projekt\conda_envs\base.yml,
14,C:\Coding\AI\Dataset\!masks_for_training\14,efficientnet,EfficientNet,ok,before_crop_support_ratio,1,float,projekt-base,C:\Coding\AI\projekt\conda_envs\base.yml,
14,C:\Coding\AI\Dataset\!masks_for_training\14,efficientnet,EfficientNet,ok,after_crop_support_ratio,0.833333,float,projekt-base,C:\Coding\AI\projekt\conda_envs\base.yml,
14,C:\Coding\AI\Dataset\!masks_for_training\14,efficientnet,EfficientNet,ok,before_dirty_prob,0.545954,float,projekt-base,C:\Coding\AI\projekt\conda_envs\base.yml,
14,C:\Coding\AI\Dataset\!masks_for_training\14,efficientnet,EfficientNet,ok,after_dirty_prob,0.547454,float,projekt-base,C:\Coding\AI\projekt\conda_envs\base.yml,
14,C:\Coding\AI\Dataset\!masks_for_training\14,efficientnet,EfficientNet,ok,before_clean_prob,0.454046,float,projekt-base,C:\Coding\AI\projekt\conda_envs\base.yml,
14,C:\Coding\AI\Dataset\!masks_for_training\14,efficientnet,EfficientNet,ok,after_clean_prob,0.452546,float,projekt-base,C:\Coding\AI\projekt\conda_envs\base.yml,
14,C:\Coding\AI\Dataset\!masks_for_training\14,efficientnet,EfficientNet,ok,cleanup_delta,-0.0015,float,projekt-base,C:\Coding\AI\projekt\conda_envs\base.yml,
14,C:\Coding\AI\Dataset\!masks_for_training\14,efficientnet,EfficientNet,ok,cleanup_score,0,float,projekt-base,C:\Coding\AI\projekt\conda_envs\base.yml,
14,C:\Coding\AI\Dataset\!masks_for_training\14,efficientnet,EfficientNet,ok,dirty_prob_delta,0.0015,float,projekt-base,C:\Coding\AI\projekt\conda_envs\base.yml,
14,C:\Coding\AI\Dataset\!masks_for_training\14,efficientnet,EfficientNet,ok,dirty_prob_abs_delta,0.0015,float,projekt-base,C:\Coding\AI\projekt\conda_envs\base.yml,
14,C:\Coding\AI\Dataset\!masks_for_training\14,efficientnet,EfficientNet,ok,before_pred_label,dirty,str,projekt-base,C:\Coding\AI\projekt\conda_envs\base.yml,
14,C:\Coding\AI\Dataset\!masks_for_training\14,efficientnet,EfficientNet,ok,after_pred_label,dirty,str,projekt-base,C:\Coding\AI\projekt\conda_envs\base.yml,
14,C:\Coding\AI\Dataset\!masks_for_training\14,efficientnet,EfficientNet,ok,before_top1_label,dirty,str,projekt-base,C:\Coding\AI\projekt\conda_envs\base.yml,
14,C:\Coding\AI\Dataset\!masks_for_training\14,efficientnet,EfficientNet,ok,after_top1_label,dirty,str,projekt-base,C:\Coding\AI\projekt\conda_envs\base.yml,
14,C:\Coding\AI\Dataset\!masks_for_training\14,efficientnet,EfficientNet,ok,before_top1_prob,0.559921,float,projekt-base,C:\Coding\AI\projekt\conda_envs\base.yml,
14,C:\Coding\AI\Dataset\!masks_for_training\14,efficientnet,EfficientNet,ok,after_top1_prob,0.621603,float,projekt-base,C:\Coding\AI\projekt\conda_envs\base.yml,
14,C:\Coding\AI\Dataset\!masks_for_training\14,efficientnet,EfficientNet,ok,before_entropy_norm,0.994665,float,projekt-base,C:\Coding\AI\projekt\conda_envs\base.yml,
14,C:\Coding\AI\Dataset\!masks_for_training\14,efficientnet,EfficientNet,ok,after_entropy_norm,0.987501,float,projekt-base,C:\Coding\AI\projekt\conda_envs\base.yml,
14,C:\Coding\AI\Dataset\!masks_for_training\14,efficientnet,EfficientNet,ok,before_inference_ms,0,float,projekt-base,C:\Coding\AI\projekt\conda_envs\base.yml,
14,C:\Coding\AI\Dataset\!masks_for_training\14,efficientnet,EfficientNet,ok,after_inference_ms,0,float,projekt-base,C:\Coding\AI\projekt\conda_envs\base.yml,
14,C:\Coding\AI\Dataset\!masks_for_training\14,efficientnet,EfficientNet,ok,inference_ms_total,0,float,projekt-base,C:\Coding\AI\projekt\conda_envs\base.yml,
14,C:\Coding\AI\Dataset\!masks_for_training\14,sift_ransac,SIFT + RANSAC + difference map,error,,,,projekt-base,C:\Coding\AI\projekt\conda_envs\base.yml,"ValueError: operands could not be broadcast together with shapes (477,960,1) (477,960) "
14,C:\Coding\AI\Dataset\!masks_for_training\14,siamese_unet,Siamese U-Net,error,,,,projekt-base,C:\Coding\AI\projekt\conda_envs\base.yml,"ValueError: operands could not be broadcast together with shapes (477,960,1) (477,960) "
14,C:\Coding\AI\Dataset\!masks_for_training\14,yolov8_seg,YOLOv8-seg,ok,analysis_mode,yolov8_seg_pair,str,projekt-base,C:\Coding\AI\projekt\conda_envs\base.yml,
14,C:\Coding\AI\Dataset\!masks_for_training\14,yolov8_seg,YOLOv8-seg,ok,model_name,C:\Coding\AI\projekt\weights\yolov8m_trash_finetuned.pt,str,projekt-base,C:\Coding\AI\projekt\conda_envs\base.yml,
14,C:\Coding\AI\Dataset\!masks_for_training\14,yolov8_seg,YOLOv8-seg,ok,model_source,C:\Coding\AI\projekt\weights\yolov8m_seg_best_new+fine-tune.pt,str,projekt-base,C:\Coding\AI\projekt\conda_envs\base.yml,
14,C:\Coding\AI\Dataset\!masks_for_training\14,yolov8_seg,YOLOv8-seg,ok,device_requested,auto,str,projekt-base,C:\Coding\AI\projekt\conda_envs\base.yml,
14,C:\Coding\AI\Dataset\!masks_for_training\14,yolov8_seg,YOLOv8-seg,ok,device_used,cuda,str,projekt-base,C:\Coding\AI\projekt\conda_envs\base.yml,
14,C:\Coding\AI\Dataset\!masks_for_training\14,yolov8_seg,YOLOv8-seg,ok,force_cpu,False,bool,projekt-base,C:\Coding\AI\projekt\conda_envs\base.yml,
14,C:\Coding\AI\Dataset\!masks_for_training\14,yolov8_seg,YOLOv8-seg,ok,cuda_available,True,bool,projekt-base,C:\Coding\AI\projekt\conda_envs\base.yml,
14,C:\Coding\AI\Dataset\!masks_for_training\14,yolov8_seg,YOLOv8-seg,ok,image_size,1536,int,projekt-base,C:\Coding\AI\projekt\conda_envs\base.yml,
14,C:\Coding\AI\Dataset\!masks_for_training\14,yolov8_seg,YOLOv8-seg,ok,confidence_threshold,0.35,float,projekt-base,C:\Coding\AI\projekt\conda_envs\base.yml,
14,C:\Coding\AI\Dataset\!masks_for_training\14,yolov8_seg,YOLOv8-seg,ok,iou_threshold,0.4,float,projekt-base,C:\Coding\AI\projekt\conda_envs\base.yml,
14,C:\Coding\AI\Dataset\!masks_for_training\14,yolov8_seg,YOLOv8-seg,ok,tile_inference_mode,auto,str,projekt-base,C:\Coding\AI\projekt\conda_envs\base.yml,
14,C:\Coding\AI\Dataset\!masks_for_training\14,yolov8_seg,YOLOv8-seg,ok,tile_size,640,int,projekt-base,C:\Coding\AI\projekt\conda_envs\base.yml,
14,C:\Coding\AI\Dataset\!masks_for_training\14,yolov8_seg,YOLOv8-seg,ok,tile_overlap_ratio,0.5,float,projekt-base,C:\Coding\AI\projekt\conda_envs\base.yml,
14,C:\Coding\AI\Dataset\!masks_for_training\14,yolov8_seg,YOLOv8-seg,ok,before_tile_count,2,int,projekt-base,C:\Coding\AI\projekt\conda_envs\base.yml,
14,C:\Coding\AI\Dataset\!masks_for_training\14,yolov8_seg,YOLOv8-seg,ok,after_tile_count,2,int,projekt-base,C:\Coding\AI\projekt\conda_envs\base.yml,
14,C:\Coding\AI\Dataset\!masks_for_training\14,yolov8_seg,YOLOv8-seg,ok,selected_class_count,0,int,projekt-base,C:\Coding\AI\projekt\conda_envs\base.yml,
14,C:\Coding\AI\Dataset\!masks_for_training\14,yolov8_seg,YOLOv8-seg,ok,selected_class_ids,[],list,projekt-base,C:\Coding\AI\projekt\conda_envs\base.yml,
14,C:\Coding\AI\Dataset\!masks_for_training\14,yolov8_seg,YOLOv8-seg,ok,taco_dataset_root,C:\Coding\AI\projekt\datasets\TACO,str,projekt-base,C:\Coding\AI\projekt\conda_envs\base.yml,
14,C:\Coding\AI\Dataset\!masks_for_training\14,yolov8_seg,YOLOv8-seg,ok,taco_annotations_path,C:\Coding\AI\projekt\datasets\TACO\data\annotations.json,str,projekt-base,C:\Coding\AI\projekt\conda_envs\base.yml,
14,C:\Coding\AI\Dataset\!masks_for_training\14,yolov8_seg,YOLOv8-seg,ok,taco_export_root,C:\Coding\AI\projekt\datasets\TACO\yolo_seg,str,projekt-base,C:\Coding\AI\projekt\conda_envs\base.yml,
14,C:\Coding\AI\Dataset\!masks_for_training\14,yolov8_seg,YOLOv8-seg,ok,taco_data_yaml,C:\Coding\AI\projekt\datasets\TACO\yolo_seg\data.yaml,str,projekt-base,C:\Coding\AI\projekt\conda_envs\base.yml,
14,C:\Coding\AI\Dataset\!masks_for_training\14,yolov8_seg,YOLOv8-seg,ok,taco_source_images,1500,int,projekt-base,C:\Coding\AI\projekt\conda_envs\base.yml,
14,C:\Coding\AI\Dataset\!masks_for_training\14,yolov8_seg,YOLOv8-seg,ok,taco_exported_images,1500,int,projekt-base,C:\Coding\AI\projekt\conda_envs\base.yml,
14,C:\Coding\AI\Dataset\!masks_for_training\14,yolov8_seg,YOLOv8-seg,ok,taco_exported_labels,1500,int,projekt-base,C:\Coding\AI\projekt\conda_envs\base.yml,
14,C:\Coding\AI\Dataset\!masks_for_training\14,yolov8_seg,YOLOv8-seg,ok,taco_skipped_missing_images,0,int,projekt-base,C:\Coding\AI\projekt\conda_envs\base.yml,
14,C:\Coding\AI\Dataset\!masks_for_training\14,yolov8_seg,YOLOv8-seg,ok,taco_skipped_invalid_polygons,0,int,projekt-base,C:\Coding\AI\projekt\conda_envs\base.yml,
14,C:\Coding\AI\Dataset\!masks_for_training\14,yolov8_seg,YOLOv8-seg,ok,before_instance_count,3,int,projekt-base,C:\Coding\AI\projekt\conda_envs\base.yml,
14,C:\Coding\AI\Dataset\!masks_for_training\14,yolov8_seg,YOLOv8-seg,ok,after_instance_count,1,int,projekt-base,C:\Coding\AI\projekt\conda_envs\base.yml,
14,C:\Coding\AI\Dataset\!masks_for_training\14,yolov8_seg,YOLOv8-seg,ok,instance_count_total,4,int,projekt-base,C:\Coding\AI\projekt\conda_envs\base.yml,
14,C:\Coding\AI\Dataset\!masks_for_training\14,yolov8_seg,YOLOv8-seg,ok,before_mask_area_px,71577,int,projekt-base,C:\Coding\AI\projekt\conda_envs\base.yml,
14,C:\Coding\AI\Dataset\!masks_for_training\14,yolov8_seg,YOLOv8-seg,ok,after_mask_area_px,312,int,projekt-base,C:\Coding\AI\projekt\conda_envs\base.yml,
14,C:\Coding\AI\Dataset\!masks_for_training\14,yolov8_seg,YOLOv8-seg,ok,before_mask_area_ratio,0.156309,float,projekt-base,C:\Coding\AI\projekt\conda_envs\base.yml,
14,C:\Coding\AI\Dataset\!masks_for_training\14,yolov8_seg,YOLOv8-seg,ok,after_mask_area_ratio,0.000677,float,projekt-base,C:\Coding\AI\projekt\conda_envs\base.yml,
14,C:\Coding\AI\Dataset\!masks_for_training\14,yolov8_seg,YOLOv8-seg,ok,mask_area_delta_px,-71265,int,projekt-base,C:\Coding\AI\projekt\conda_envs\base.yml,
14,C:\Coding\AI\Dataset\!masks_for_training\14,yolov8_seg,YOLOv8-seg,ok,mask_area_delta_ratio,-0.155632,float,projekt-base,C:\Coding\AI\projekt\conda_envs\base.yml,
14,C:\Coding\AI\Dataset\!masks_for_training\14,yolov8_seg,YOLOv8-seg,ok,before_bbox_area_px,166490,int,projekt-base,C:\Coding\AI\projekt\conda_envs\base.yml,
14,C:\Coding\AI\Dataset\!masks_for_training\14,yolov8_seg,YOLOv8-seg,ok,after_bbox_area_px,320,int,projekt-base,C:\Coding\AI\projekt\conda_envs\base.yml,
14,C:\Coding\AI\Dataset\!masks_for_training\14,yolov8_seg,YOLOv8-seg,ok,before_mean_confidence,0.452736,float,projekt-base,C:\Coding\AI\projekt\conda_envs\base.yml,
14,C:\Coding\AI\Dataset\!masks_for_training\14,yolov8_seg,YOLOv8-seg,ok,after_mean_confidence,0.375568,float,projekt-base,C:\Coding\AI\projekt\conda_envs\base.yml,
14,C:\Coding\AI\Dataset\!masks_for_training\14,yolov8_seg,YOLOv8-seg,ok,before_inference_ms,171.615,float,projekt-base,C:\Coding\AI\projekt\conda_envs\base.yml,
14,C:\Coding\AI\Dataset\!masks_for_training\14,yolov8_seg,YOLOv8-seg,ok,after_inference_ms,52.987,float,projekt-base,C:\Coding\AI\projekt\conda_envs\base.yml,
14,C:\Coding\AI\Dataset\!masks_for_training\14,yolov8_seg,YOLOv8-seg,ok,inference_ms_total,224.602,float,projekt-base,C:\Coding\AI\projekt\conda_envs\base.yml,
15,C:\Coding\AI\Dataset\!masks_for_training\15,changeformer,ChangeFormer,error,,,,projekt-base,C:\Coding\AI\projekt\conda_envs\base.yml,"ValueError: operands could not be broadcast together with shapes (521,449,1) (521,449) "
15,C:\Coding\AI\Dataset\!masks_for_training\15,efficientnet,EfficientNet,ok,analysis_mode,efficientnet_cls_pair,str,projekt-base,C:\Coding\AI\projekt\conda_envs\base.yml,
15,C:\Coding\AI\Dataset\!masks_for_training\15,efficientnet,EfficientNet,ok,inference_mode,heuristic_fallback,str,projekt-base,C:\Coding\AI\projekt\conda_envs\base.yml,
15,C:\Coding\AI\Dataset\!masks_for_training\15,efficientnet,EfficientNet,ok,model_name,efficientnet_b0,str,projekt-base,C:\Coding\AI\projekt\conda_envs\base.yml,
15,C:\Coding\AI\Dataset\!masks_for_training\15,efficientnet,EfficientNet,ok,model_source,None,str,projekt-base,C:\Coding\AI\projekt\conda_envs\base.yml,
15,C:\Coding\AI\Dataset\!masks_for_training\15,efficientnet,EfficientNet,ok,weights_path,C:\Coding\AI\projekt\weights\efficientnet_best.pt,str,projekt-base,C:\Coding\AI\projekt\conda_envs\base.yml,
15,C:\Coding\AI\Dataset\!masks_for_training\15,efficientnet,EfficientNet,ok,device_requested,auto,str,projekt-base,C:\Coding\AI\projekt\conda_envs\base.yml,
15,C:\Coding\AI\Dataset\!masks_for_training\15,efficientnet,EfficientNet,ok,device_used,cpu,str,projekt-base,C:\Coding\AI\projekt\conda_envs\base.yml,
15,C:\Coding\AI\Dataset\!masks_for_training\15,efficientnet,EfficientNet,ok,force_cpu,False,bool,projekt-base,C:\Coding\AI\projekt\conda_envs\base.yml,
15,C:\Coding\AI\Dataset\!masks_for_training\15,efficientnet,EfficientNet,ok,cuda_available,True,bool,projekt-base,C:\Coding\AI\projekt\conda_envs\base.yml,
15,C:\Coding\AI\Dataset\!masks_for_training\15,efficientnet,EfficientNet,ok,input_size,224,int,projekt-base,C:\Coding\AI\projekt\conda_envs\base.yml,
15,C:\Coding\AI\Dataset\!masks_for_training\15,efficientnet,EfficientNet,ok,dirty_threshold,0.42,float,projekt-base,C:\Coding\AI\projekt\conda_envs\base.yml,
15,C:\Coding\AI\Dataset\!masks_for_training\15,efficientnet,EfficientNet,ok,dirty_keyword_classes,2,int,projekt-base,C:\Coding\AI\projekt\conda_envs\base.yml,
15,C:\Coding\AI\Dataset\!masks_for_training\15,efficientnet,EfficientNet,ok,before_crop_count,6,int,projekt-base,C:\Coding\AI\projekt\conda_envs\base.yml,
15,C:\Coding\AI\Dataset\!masks_for_training\15,efficientnet,EfficientNet,ok,after_crop_count,6,int,projekt-base,C:\Coding\AI\projekt\conda_envs\base.yml,
15,C:\Coding\AI\Dataset\!masks_for_training\15,efficientnet,EfficientNet,ok,before_crop_dirty_prob_mean,0.557237,float,projekt-base,C:\Coding\AI\projekt\conda_envs\base.yml,
15,C:\Coding\AI\Dataset\!masks_for_training\15,efficientnet,EfficientNet,ok,after_crop_dirty_prob_mean,0.593739,float,projekt-base,C:\Coding\AI\projekt\conda_envs\base.yml,
15,C:\Coding\AI\Dataset\!masks_for_training\15,efficientnet,EfficientNet,ok,before_crop_dirty_prob_max,0.630253,float,projekt-base,C:\Coding\AI\projekt\conda_envs\base.yml,
15,C:\Coding\AI\Dataset\!masks_for_training\15,efficientnet,EfficientNet,ok,after_crop_dirty_prob_max,0.672077,float,projekt-base,C:\Coding\AI\projekt\conda_envs\base.yml,
15,C:\Coding\AI\Dataset\!masks_for_training\15,efficientnet,EfficientNet,ok,before_crop_support_ratio,1,float,projekt-base,C:\Coding\AI\projekt\conda_envs\base.yml,
15,C:\Coding\AI\Dataset\!masks_for_training\15,efficientnet,EfficientNet,ok,after_crop_support_ratio,1,float,projekt-base,C:\Coding\AI\projekt\conda_envs\base.yml,
15,C:\Coding\AI\Dataset\!masks_for_training\15,efficientnet,EfficientNet,ok,before_dirty_prob,0.609809,float,projekt-base,C:\Coding\AI\projekt\conda_envs\base.yml,
15,C:\Coding\AI\Dataset\!masks_for_training\15,efficientnet,EfficientNet,ok,after_dirty_prob,0.650143,float,projekt-base,C:\Coding\AI\projekt\conda_envs\base.yml,
15,C:\Coding\AI\Dataset\!masks_for_training\15,efficientnet,EfficientNet,ok,before_clean_prob,0.390191,float,projekt-base,C:\Coding\AI\projekt\conda_envs\base.yml,
15,C:\Coding\AI\Dataset\!masks_for_training\15,efficientnet,EfficientNet,ok,after_clean_prob,0.349857,float,projekt-base,C:\Coding\AI\projekt\conda_envs\base.yml,
15,C:\Coding\AI\Dataset\!masks_for_training\15,efficientnet,EfficientNet,ok,cleanup_delta,-0.040334,float,projekt-base,C:\Coding\AI\projekt\conda_envs\base.yml,
15,C:\Coding\AI\Dataset\!masks_for_training\15,efficientnet,EfficientNet,ok,cleanup_score,0,float,projekt-base,C:\Coding\AI\projekt\conda_envs\base.yml,
15,C:\Coding\AI\Dataset\!masks_for_training\15,efficientnet,EfficientNet,ok,dirty_prob_delta,0.040334,float,projekt-base,C:\Coding\AI\projekt\conda_envs\base.yml,
15,C:\Coding\AI\Dataset\!masks_for_training\15,efficientnet,EfficientNet,ok,dirty_prob_abs_delta,0.040334,float,projekt-base,C:\Coding\AI\projekt\conda_envs\base.yml,
15,C:\Coding\AI\Dataset\!masks_for_training\15,efficientnet,EfficientNet,ok,before_pred_label,dirty,str,projekt-base,C:\Coding\AI\projekt\conda_envs\base.yml,
15,C:\Coding\AI\Dataset\!masks_for_training\15,efficientnet,EfficientNet,ok,after_pred_label,dirty,str,projekt-base,C:\Coding\AI\projekt\conda_envs\base.yml,
15,C:\Coding\AI\Dataset\!masks_for_training\15,efficientnet,EfficientNet,ok,before_top1_label,dirty,str,projekt-base,C:\Coding\AI\projekt\conda_envs\base.yml,
15,C:\Coding\AI\Dataset\!masks_for_training\15,efficientnet,EfficientNet,ok,after_top1_label,dirty,str,projekt-base,C:\Coding\AI\projekt\conda_envs\base.yml,
15,C:\Coding\AI\Dataset\!masks_for_training\15,efficientnet,EfficientNet,ok,before_top1_prob,0.630253,float,projekt-base,C:\Coding\AI\projekt\conda_envs\base.yml,
15,C:\Coding\AI\Dataset\!masks_for_training\15,efficientnet,EfficientNet,ok,after_top1_prob,0.672077,float,projekt-base,C:\Coding\AI\projekt\conda_envs\base.yml,
15,C:\Coding\AI\Dataset\!masks_for_training\15,efficientnet,EfficientNet,ok,before_entropy_norm,0.981309,float,projekt-base,C:\Coding\AI\projekt\conda_envs\base.yml,
15,C:\Coding\AI\Dataset\!masks_for_training\15,efficientnet,EfficientNet,ok,after_entropy_norm,0.966066,float,projekt-base,C:\Coding\AI\projekt\conda_envs\base.yml,
15,C:\Coding\AI\Dataset\!masks_for_training\15,efficientnet,EfficientNet,ok,before_inference_ms,0,float,projekt-base,C:\Coding\AI\projekt\conda_envs\base.yml,
15,C:\Coding\AI\Dataset\!masks_for_training\15,efficientnet,EfficientNet,ok,after_inference_ms,0,float,projekt-base,C:\Coding\AI\projekt\conda_envs\base.yml,
15,C:\Coding\AI\Dataset\!masks_for_training\15,efficientnet,EfficientNet,ok,inference_ms_total,0,float,projekt-base,C:\Coding\AI\projekt\conda_envs\base.yml,
15,C:\Coding\AI\Dataset\!masks_for_training\15,sift_ransac,SIFT + RANSAC + difference map,ok,alignment_mode,resize_fallback,str,projekt-base,C:\Coding\AI\projekt\conda_envs\base.yml,
15,C:\Coding\AI\Dataset\!masks_for_training\15,sift_ransac,SIFT + RANSAC + difference map,ok,fallback_reason,homography_sanity_failed,str,projekt-base,C:\Coding\AI\projekt\conda_envs\base.yml,
15,C:\Coding\AI\Dataset\!masks_for_training\15,sift_ransac,SIFT + RANSAC + difference map,ok,keypoints_before,3396,int,projekt-base,C:\Coding\AI\projekt\conda_envs\base.yml,
15,C:\Coding\AI\Dataset\!masks_for_training\15,sift_ransac,SIFT + RANSAC + difference map,ok,keypoints_after,3633,int,projekt-base,C:\Coding\AI\projekt\conda_envs\base.yml,
15,C:\Coding\AI\Dataset\!masks_for_training\15,sift_ransac,SIFT + RANSAC + difference map,ok,raw_matches,3396,int,projekt-base,C:\Coding\AI\projekt\conda_envs\base.yml,
15,C:\Coding\AI\Dataset\!masks_for_training\15,sift_ransac,SIFT + RANSAC + difference map,ok,good_matches,22,int,projekt-base,C:\Coding\AI\projekt\conda_envs\base.yml,
15,C:\Coding\AI\Dataset\!masks_for_training\15,sift_ransac,SIFT + RANSAC + difference map,ok,inliers,0,int,projekt-base,C:\Coding\AI\projekt\conda_envs\base.yml,
15,C:\Coding\AI\Dataset\!masks_for_training\15,sift_ransac,SIFT + RANSAC + difference map,ok,inlier_ratio,0,float,projekt-base,C:\Coding\AI\projekt\conda_envs\base.yml,
15,C:\Coding\AI\Dataset\!masks_for_training\15,sift_ransac,SIFT + RANSAC + difference map,ok,change_pixels,28137,int,projekt-base,C:\Coding\AI\projekt\conda_envs\base.yml,
15,C:\Coding\AI\Dataset\!masks_for_training\15,sift_ransac,SIFT + RANSAC + difference map,ok,overlap_pixels,233929,int,projekt-base,C:\Coding\AI\projekt\conda_envs\base.yml,
15,C:\Coding\AI\Dataset\!masks_for_training\15,sift_ransac,SIFT + RANSAC + difference map,ok,canvas_pixels,233929,int,projekt-base,C:\Coding\AI\projekt\conda_envs\base.yml,
15,C:\Coding\AI\Dataset\!masks_for_training\15,sift_ransac,SIFT + RANSAC + difference map,ok,overlap_ratio,1,float,projekt-base,C:\Coding\AI\projekt\conda_envs\base.yml,
15,C:\Coding\AI\Dataset\!masks_for_training\15,sift_ransac,SIFT + RANSAC + difference map,ok,change_ratio,0.12028,float,projekt-base,C:\Coding\AI\projekt\conda_envs\base.yml,
15,C:\Coding\AI\Dataset\!masks_for_training\15,sift_ransac,SIFT + RANSAC + difference map,ok,otsu_threshold,55,float,projekt-base,C:\Coding\AI\projekt\conda_envs\base.yml,
15,C:\Coding\AI\Dataset\!masks_for_training\15,sift_ransac,SIFT + RANSAC + difference map,ok,segm_gt_pixels,79865,float,projekt-base,C:\Coding\AI\projekt\conda_envs\base.yml,
15,C:\Coding\AI\Dataset\!masks_for_training\15,sift_ransac,SIFT + RANSAC + difference map,ok,segm_pred_pixels,28137,float,projekt-base,C:\Coding\AI\projekt\conda_envs\base.yml,
15,C:\Coding\AI\Dataset\!masks_for_training\15,sift_ransac,SIFT + RANSAC + difference map,ok,segm_intersection_pixels,19919,float,projekt-base,C:\Coding\AI\projekt\conda_envs\base.yml,
15,C:\Coding\AI\Dataset\!masks_for_training\15,sift_ransac,SIFT + RANSAC + difference map,ok,segm_union_pixels,88083,float,projekt-base,C:\Coding\AI\projekt\conda_envs\base.yml,
15,C:\Coding\AI\Dataset\!masks_for_training\15,sift_ransac,SIFT + RANSAC + difference map,ok,segm_iou,0.226139,float,projekt-base,C:\Coding\AI\projekt\conda_envs\base.yml,
15,C:\Coding\AI\Dataset\!masks_for_training\15,sift_ransac,SIFT + RANSAC + difference map,ok,segm_dice,0.368864,float,projekt-base,C:\Coding\AI\projekt\conda_envs\base.yml,
15,C:\Coding\AI\Dataset\!masks_for_training\15,sift_ransac,SIFT + RANSAC + difference map,ok,qty_pixels_ground_truth,79865,float,projekt-base,C:\Coding\AI\projekt\conda_envs\base.yml,
15,C:\Coding\AI\Dataset\!masks_for_training\15,sift_ransac,SIFT + RANSAC + difference map,ok,qty_pixels_predicted,28137,float,projekt-base,C:\Coding\AI\projekt\conda_envs\base.yml,
15,C:\Coding\AI\Dataset\!masks_for_training\15,sift_ransac,SIFT + RANSAC + difference map,ok,qty_pixels_absolute_error,51728,float,projekt-base,C:\Coding\AI\projekt\conda_envs\base.yml,
15,C:\Coding\AI\Dataset\!masks_for_training\15,sift_ransac,SIFT + RANSAC + difference map,ok,qty_pixels_mae,51728,float,projekt-base,C:\Coding\AI\projekt\conda_envs\base.yml,
15,C:\Coding\AI\Dataset\!masks_for_training\15,sift_ransac,SIFT + RANSAC + difference map,ok,qty_pixels_mape,64.7693,float,projekt-base,C:\Coding\AI\projekt\conda_envs\base.yml,
15,C:\Coding\AI\Dataset\!masks_for_training\15,sift_ransac,SIFT + RANSAC + difference map,ok,qty_pixels_percentage_error,64.7693,float,projekt-base,C:\Coding\AI\projekt\conda_envs\base.yml,
15,C:\Coding\AI\Dataset\!masks_for_training\15,sift_ransac,SIFT + RANSAC + difference map,ok,qty_ratio_ground_truth,0.341407,float,projekt-base,C:\Coding\AI\projekt\conda_envs\base.yml,
15,C:\Coding\AI\Dataset\!masks_for_training\15,sift_ransac,SIFT + RANSAC + difference map,ok,qty_ratio_predicted,0.12028,float,projekt-base,C:\Coding\AI\projekt\conda_envs\base.yml,
15,C:\Coding\AI\Dataset\!masks_for_training\15,sift_ransac,SIFT + RANSAC + difference map,ok,qty_ratio_absolute_error,0.221127,float,projekt-base,C:\Coding\AI\projekt\conda_envs\base.yml,
15,C:\Coding\AI\Dataset\!masks_for_training\15,sift_ransac,SIFT + RANSAC + difference map,ok,qty_ratio_mae,0.221127,float,projekt-base,C:\Coding\AI\projekt\conda_envs\base.yml,
15,C:\Coding\AI\Dataset\!masks_for_training\15,sift_ransac,SIFT + RANSAC + difference map,ok,qty_ratio_mape,64.7693,float,projekt-base,C:\Coding\AI\projekt\conda_envs\base.yml,
15,C:\Coding\AI\Dataset\!masks_for_training\15,sift_ransac,SIFT + RANSAC + difference map,ok,qty_ratio_percentage_error,64.7693,float,projekt-base,C:\Coding\AI\projekt\conda_envs\base.yml,
15,C:\Coding\AI\Dataset\!masks_for_training\15,siamese_unet,Siamese U-Net,ok,analysis_mode,siamese_unet_cd_pair,str,projekt-base,C:\Coding\AI\projekt\conda_envs\base.yml,
15,C:\Coding\AI\Dataset\!masks_for_training\15,siamese_unet,Siamese U-Net,ok,model_source,C:\Coding\AI\projekt\weights\siamese_unet_cd_real17_finetuned_best.pt,str,projekt-base,C:\Coding\AI\projekt\conda_envs\base.yml,
15,C:\Coding\AI\Dataset\!masks_for_training\15,siamese_unet,Siamese U-Net,ok,device_requested,auto,str,projekt-base,C:\Coding\AI\projekt\conda_envs\base.yml,
15,C:\Coding\AI\Dataset\!masks_for_training\15,siamese_unet,Siamese U-Net,ok,device_used,cuda,str,projekt-base,C:\Coding\AI\projekt\conda_envs\base.yml,
15,C:\Coding\AI\Dataset\!masks_for_training\15,siamese_unet,Siamese U-Net,ok,force_cpu,False,bool,projekt-base,C:\Coding\AI\projekt\conda_envs\base.yml,
15,C:\Coding\AI\Dataset\!masks_for_training\15,siamese_unet,Siamese U-Net,ok,input_size,384,int,projekt-base,C:\Coding\AI\projekt\conda_envs\base.yml,
15,C:\Coding\AI\Dataset\!masks_for_training\15,siamese_unet,Siamese U-Net,ok,threshold,0.65,float,projekt-base,C:\Coding\AI\projekt\conda_envs\base.yml,
15,C:\Coding\AI\Dataset\!masks_for_training\15,siamese_unet,Siamese U-Net,ok,alignment_mode,resize_fallback,str,projekt-base,C:\Coding\AI\projekt\conda_envs\base.yml,
15,C:\Coding\AI\Dataset\!masks_for_training\15,siamese_unet,Siamese U-Net,ok,change_pixels,36213,int,projekt-base,C:\Coding\AI\projekt\conda_envs\base.yml,
15,C:\Coding\AI\Dataset\!masks_for_training\15,siamese_unet,Siamese U-Net,ok,overlap_pixels,233929,int,projekt-base,C:\Coding\AI\projekt\conda_envs\base.yml,
15,C:\Coding\AI\Dataset\!masks_for_training\15,siamese_unet,Siamese U-Net,ok,canvas_pixels,233929,int,projekt-base,C:\Coding\AI\projekt\conda_envs\base.yml,
15,C:\Coding\AI\Dataset\!masks_for_training\15,siamese_unet,Siamese U-Net,ok,overlap_ratio,1,float,projekt-base,C:\Coding\AI\projekt\conda_envs\base.yml,
15,C:\Coding\AI\Dataset\!masks_for_training\15,siamese_unet,Siamese U-Net,ok,change_ratio,0.154803,float,projekt-base,C:\Coding\AI\projekt\conda_envs\base.yml,
15,C:\Coding\AI\Dataset\!masks_for_training\15,siamese_unet,Siamese U-Net,ok,inference_ms,49.352,float,projekt-base,C:\Coding\AI\projekt\conda_envs\base.yml,
15,C:\Coding\AI\Dataset\!masks_for_training\15,siamese_unet,Siamese U-Net,ok,weights_path,,NoneType,projekt-base,C:\Coding\AI\projekt\conda_envs\base.yml,
15,C:\Coding\AI\Dataset\!masks_for_training\15,siamese_unet,Siamese U-Net,ok,dinov2_hint_used,False,bool,projekt-base,C:\Coding\AI\projekt\conda_envs\base.yml,
15,C:\Coding\AI\Dataset\!masks_for_training\15,siamese_unet,Siamese U-Net,ok,segm_gt_pixels,79865,float,projekt-base,C:\Coding\AI\projekt\conda_envs\base.yml,
15,C:\Coding\AI\Dataset\!masks_for_training\15,siamese_unet,Siamese U-Net,ok,segm_pred_pixels,36213,float,projekt-base,C:\Coding\AI\projekt\conda_envs\base.yml,
15,C:\Coding\AI\Dataset\!masks_for_training\15,siamese_unet,Siamese U-Net,ok,segm_intersection_pixels,18115,float,projekt-base,C:\Coding\AI\projekt\conda_envs\base.yml,
15,C:\Coding\AI\Dataset\!masks_for_training\15,siamese_unet,Siamese U-Net,ok,segm_union_pixels,97963,float,projekt-base,C:\Coding\AI\projekt\conda_envs\base.yml,
15,C:\Coding\AI\Dataset\!masks_for_training\15,siamese_unet,Siamese U-Net,ok,segm_iou,0.184917,float,projekt-base,C:\Coding\AI\projekt\conda_envs\base.yml,
15,C:\Coding\AI\Dataset\!masks_for_training\15,siamese_unet,Siamese U-Net,ok,segm_dice,0.312118,float,projekt-base,C:\Coding\AI\projekt\conda_envs\base.yml,
15,C:\Coding\AI\Dataset\!masks_for_training\15,siamese_unet,Siamese U-Net,ok,qty_pixels_ground_truth,79865,float,projekt-base,C:\Coding\AI\projekt\conda_envs\base.yml,
15,C:\Coding\AI\Dataset\!masks_for_training\15,siamese_unet,Siamese U-Net,ok,qty_pixels_predicted,36213,float,projekt-base,C:\Coding\AI\projekt\conda_envs\base.yml,
15,C:\Coding\AI\Dataset\!masks_for_training\15,siamese_unet,Siamese U-Net,ok,qty_pixels_absolute_error,43652,float,projekt-base,C:\Coding\AI\projekt\conda_envs\base.yml,
15,C:\Coding\AI\Dataset\!masks_for_training\15,siamese_unet,Siamese U-Net,ok,qty_pixels_mae,43652,float,projekt-base,C:\Coding\AI\projekt\conda_envs\base.yml,
15,C:\Coding\AI\Dataset\!masks_for_training\15,siamese_unet,Siamese U-Net,ok,qty_pixels_mape,54.6572,float,projekt-base,C:\Coding\AI\projekt\conda_envs\base.yml,
15,C:\Coding\AI\Dataset\!masks_for_training\15,siamese_unet,Siamese U-Net,ok,qty_pixels_percentage_error,54.6572,float,projekt-base,C:\Coding\AI\projekt\conda_envs\base.yml,
15,C:\Coding\AI\Dataset\!masks_for_training\15,siamese_unet,Siamese U-Net,ok,qty_ratio_ground_truth,0.341407,float,projekt-base,C:\Coding\AI\projekt\conda_envs\base.yml,
15,C:\Coding\AI\Dataset\!masks_for_training\15,siamese_unet,Siamese U-Net,ok,qty_ratio_predicted,0.154803,float,projekt-base,C:\Coding\AI\projekt\conda_envs\base.yml,
15,C:\Coding\AI\Dataset\!masks_for_training\15,siamese_unet,Siamese U-Net,ok,qty_ratio_absolute_error,0.186604,float,projekt-base,C:\Coding\AI\projekt\conda_envs\base.yml,
15,C:\Coding\AI\Dataset\!masks_for_training\15,siamese_unet,Siamese U-Net,ok,qty_ratio_mae,0.186604,float,projekt-base,C:\Coding\AI\projekt\conda_envs\base.yml,
15,C:\Coding\AI\Dataset\!masks_for_training\15,siamese_unet,Siamese U-Net,ok,qty_ratio_mape,54.6572,float,projekt-base,C:\Coding\AI\projekt\conda_envs\base.yml,
15,C:\Coding\AI\Dataset\!masks_for_training\15,siamese_unet,Siamese U-Net,ok,qty_ratio_percentage_error,54.6572,float,projekt-base,C:\Coding\AI\projekt\conda_envs\base.yml,
15,C:\Coding\AI\Dataset\!masks_for_training\15,yolov8_seg,YOLOv8-seg,ok,analysis_mode,yolov8_seg_pair,str,projekt-base,C:\Coding\AI\projekt\conda_envs\base.yml,
15,C:\Coding\AI\Dataset\!masks_for_training\15,yolov8_seg,YOLOv8-seg,ok,model_name,C:\Coding\AI\projekt\weights\yolov8m_trash_finetuned.pt,str,projekt-base,C:\Coding\AI\projekt\conda_envs\base.yml,
15,C:\Coding\AI\Dataset\!masks_for_training\15,yolov8_seg,YOLOv8-seg,ok,model_source,C:\Coding\AI\projekt\weights\yolov8m_seg_best_new+fine-tune.pt,str,projekt-base,C:\Coding\AI\projekt\conda_envs\base.yml,
15,C:\Coding\AI\Dataset\!masks_for_training\15,yolov8_seg,YOLOv8-seg,ok,device_requested,auto,str,projekt-base,C:\Coding\AI\projekt\conda_envs\base.yml,
15,C:\Coding\AI\Dataset\!masks_for_training\15,yolov8_seg,YOLOv8-seg,ok,device_used,cuda,str,projekt-base,C:\Coding\AI\projekt\conda_envs\base.yml,
15,C:\Coding\AI\Dataset\!masks_for_training\15,yolov8_seg,YOLOv8-seg,ok,force_cpu,False,bool,projekt-base,C:\Coding\AI\projekt\conda_envs\base.yml,
15,C:\Coding\AI\Dataset\!masks_for_training\15,yolov8_seg,YOLOv8-seg,ok,cuda_available,True,bool,projekt-base,C:\Coding\AI\projekt\conda_envs\base.yml,
15,C:\Coding\AI\Dataset\!masks_for_training\15,yolov8_seg,YOLOv8-seg,ok,image_size,1536,int,projekt-base,C:\Coding\AI\projekt\conda_envs\base.yml,
15,C:\Coding\AI\Dataset\!masks_for_training\15,yolov8_seg,YOLOv8-seg,ok,confidence_threshold,0.35,float,projekt-base,C:\Coding\AI\projekt\conda_envs\base.yml,
15,C:\Coding\AI\Dataset\!masks_for_training\15,yolov8_seg,YOLOv8-seg,ok,iou_threshold,0.4,float,projekt-base,C:\Coding\AI\projekt\conda_envs\base.yml,
15,C:\Coding\AI\Dataset\!masks_for_training\15,yolov8_seg,YOLOv8-seg,ok,tile_inference_mode,auto,str,projekt-base,C:\Coding\AI\projekt\conda_envs\base.yml,
15,C:\Coding\AI\Dataset\!masks_for_training\15,yolov8_seg,YOLOv8-seg,ok,tile_size,640,int,projekt-base,C:\Coding\AI\projekt\conda_envs\base.yml,
15,C:\Coding\AI\Dataset\!masks_for_training\15,yolov8_seg,YOLOv8-seg,ok,tile_overlap_ratio,0.5,float,projekt-base,C:\Coding\AI\projekt\conda_envs\base.yml,
15,C:\Coding\AI\Dataset\!masks_for_training\15,yolov8_seg,YOLOv8-seg,ok,before_tile_count,1,int,projekt-base,C:\Coding\AI\projekt\conda_envs\base.yml,
15,C:\Coding\AI\Dataset\!masks_for_training\15,yolov8_seg,YOLOv8-seg,ok,after_tile_count,1,int,projekt-base,C:\Coding\AI\projekt\conda_envs\base.yml,
15,C:\Coding\AI\Dataset\!masks_for_training\15,yolov8_seg,YOLOv8-seg,ok,selected_class_count,0,int,projekt-base,C:\Coding\AI\projekt\conda_envs\base.yml,
15,C:\Coding\AI\Dataset\!masks_for_training\15,yolov8_seg,YOLOv8-seg,ok,selected_class_ids,[],list,projekt-base,C:\Coding\AI\projekt\conda_envs\base.yml,
15,C:\Coding\AI\Dataset\!masks_for_training\15,yolov8_seg,YOLOv8-seg,ok,taco_dataset_root,C:\Coding\AI\projekt\datasets\TACO,str,projekt-base,C:\Coding\AI\projekt\conda_envs\base.yml,
15,C:\Coding\AI\Dataset\!masks_for_training\15,yolov8_seg,YOLOv8-seg,ok,taco_annotations_path,C:\Coding\AI\projekt\datasets\TACO\data\annotations.json,str,projekt-base,C:\Coding\AI\projekt\conda_envs\base.yml,
15,C:\Coding\AI\Dataset\!masks_for_training\15,yolov8_seg,YOLOv8-seg,ok,taco_export_root,C:\Coding\AI\projekt\datasets\TACO\yolo_seg,str,projekt-base,C:\Coding\AI\projekt\conda_envs\base.yml,
15,C:\Coding\AI\Dataset\!masks_for_training\15,yolov8_seg,YOLOv8-seg,ok,taco_data_yaml,C:\Coding\AI\projekt\datasets\TACO\yolo_seg\data.yaml,str,projekt-base,C:\Coding\AI\projekt\conda_envs\base.yml,
15,C:\Coding\AI\Dataset\!masks_for_training\15,yolov8_seg,YOLOv8-seg,ok,taco_source_images,1500,int,projekt-base,C:\Coding\AI\projekt\conda_envs\base.yml,
15,C:\Coding\AI\Dataset\!masks_for_training\15,yolov8_seg,YOLOv8-seg,ok,taco_exported_images,1500,int,projekt-base,C:\Coding\AI\projekt\conda_envs\base.yml,
15,C:\Coding\AI\Dataset\!masks_for_training\15,yolov8_seg,YOLOv8-seg,ok,taco_exported_labels,1500,int,projekt-base,C:\Coding\AI\projekt\conda_envs\base.yml,
15,C:\Coding\AI\Dataset\!masks_for_training\15,yolov8_seg,YOLOv8-seg,ok,taco_skipped_missing_images,0,int,projekt-base,C:\Coding\AI\projekt\conda_envs\base.yml,
15,C:\Coding\AI\Dataset\!masks_for_training\15,yolov8_seg,YOLOv8-seg,ok,taco_skipped_invalid_polygons,0,int,projekt-base,C:\Coding\AI\projekt\conda_envs\base.yml,
15,C:\Coding\AI\Dataset\!masks_for_training\15,yolov8_seg,YOLOv8-seg,ok,before_instance_count,6,int,projekt-base,C:\Coding\AI\projekt\conda_envs\base.yml,
15,C:\Coding\AI\Dataset\!masks_for_training\15,yolov8_seg,YOLOv8-seg,ok,after_instance_count,0,int,projekt-base,C:\Coding\AI\projekt\conda_envs\base.yml,
15,C:\Coding\AI\Dataset\!masks_for_training\15,yolov8_seg,YOLOv8-seg,ok,instance_count_total,6,int,projekt-base,C:\Coding\AI\projekt\conda_envs\base.yml,
15,C:\Coding\AI\Dataset\!masks_for_training\15,yolov8_seg,YOLOv8-seg,ok,before_mask_area_px,5544,int,projekt-base,C:\Coding\AI\projekt\conda_envs\base.yml,
15,C:\Coding\AI\Dataset\!masks_for_training\15,yolov8_seg,YOLOv8-seg,ok,after_mask_area_px,0,int,projekt-base,C:\Coding\AI\projekt\conda_envs\base.yml,
15,C:\Coding\AI\Dataset\!masks_for_training\15,yolov8_seg,YOLOv8-seg,ok,before_mask_area_ratio,0.023699,float,projekt-base,C:\Coding\AI\projekt\conda_envs\base.yml,
15,C:\Coding\AI\Dataset\!masks_for_training\15,yolov8_seg,YOLOv8-seg,ok,after_mask_area_ratio,0,float,projekt-base,C:\Coding\AI\projekt\conda_envs\base.yml,
15,C:\Coding\AI\Dataset\!masks_for_training\15,yolov8_seg,YOLOv8-seg,ok,mask_area_delta_px,-5544,int,projekt-base,C:\Coding\AI\projekt\conda_envs\base.yml,
15,C:\Coding\AI\Dataset\!masks_for_training\15,yolov8_seg,YOLOv8-seg,ok,mask_area_delta_ratio,-0.023699,float,projekt-base,C:\Coding\AI\projekt\conda_envs\base.yml,
15,C:\Coding\AI\Dataset\!masks_for_training\15,yolov8_seg,YOLOv8-seg,ok,before_bbox_area_px,10208,int,projekt-base,C:\Coding\AI\projekt\conda_envs\base.yml,
15,C:\Coding\AI\Dataset\!masks_for_training\15,yolov8_seg,YOLOv8-seg,ok,after_bbox_area_px,0,int,projekt-base,C:\Coding\AI\projekt\conda_envs\base.yml,
15,C:\Coding\AI\Dataset\!masks_for_training\15,yolov8_seg,YOLOv8-seg,ok,before_mean_confidence,0.473231,float,projekt-base,C:\Coding\AI\projekt\conda_envs\base.yml,
15,C:\Coding\AI\Dataset\!masks_for_training\15,yolov8_seg,YOLOv8-seg,ok,after_mean_confidence,0,float,projekt-base,C:\Coding\AI\projekt\conda_envs\base.yml,
15,C:\Coding\AI\Dataset\!masks_for_training\15,yolov8_seg,YOLOv8-seg,ok,before_inference_ms,188.258,float,projekt-base,C:\Coding\AI\projekt\conda_envs\base.yml,
15,C:\Coding\AI\Dataset\!masks_for_training\15,yolov8_seg,YOLOv8-seg,ok,after_inference_ms,102.224,float,projekt-base,C:\Coding\AI\projekt\conda_envs\base.yml,
15,C:\Coding\AI\Dataset\!masks_for_training\15,yolov8_seg,YOLOv8-seg,ok,inference_ms_total,290.482,float,projekt-base,C:\Coding\AI\projekt\conda_envs\base.yml,
16,C:\Coding\AI\Dataset\!masks_for_training\16,changeformer,ChangeFormer,error,,,,projekt-base,C:\Coding\AI\projekt\conda_envs\base.yml,"ValueError: operands could not be broadcast together with shapes (807,516,1) (807,516) "
16,C:\Coding\AI\Dataset\!masks_for_training\16,efficientnet,EfficientNet,ok,analysis_mode,efficientnet_cls_pair,str,projekt-base,C:\Coding\AI\projekt\conda_envs\base.yml,
16,C:\Coding\AI\Dataset\!masks_for_training\16,efficientnet,EfficientNet,ok,inference_mode,heuristic_fallback,str,projekt-base,C:\Coding\AI\projekt\conda_envs\base.yml,
16,C:\Coding\AI\Dataset\!masks_for_training\16,efficientnet,EfficientNet,ok,model_name,efficientnet_b0,str,projekt-base,C:\Coding\AI\projekt\conda_envs\base.yml,
16,C:\Coding\AI\Dataset\!masks_for_training\16,efficientnet,EfficientNet,ok,model_source,None,str,projekt-base,C:\Coding\AI\projekt\conda_envs\base.yml,
16,C:\Coding\AI\Dataset\!masks_for_training\16,efficientnet,EfficientNet,ok,weights_path,C:\Coding\AI\projekt\weights\efficientnet_best.pt,str,projekt-base,C:\Coding\AI\projekt\conda_envs\base.yml,
16,C:\Coding\AI\Dataset\!masks_for_training\16,efficientnet,EfficientNet,ok,device_requested,auto,str,projekt-base,C:\Coding\AI\projekt\conda_envs\base.yml,
16,C:\Coding\AI\Dataset\!masks_for_training\16,efficientnet,EfficientNet,ok,device_used,cpu,str,projekt-base,C:\Coding\AI\projekt\conda_envs\base.yml,
16,C:\Coding\AI\Dataset\!masks_for_training\16,efficientnet,EfficientNet,ok,force_cpu,False,bool,projekt-base,C:\Coding\AI\projekt\conda_envs\base.yml,
16,C:\Coding\AI\Dataset\!masks_for_training\16,efficientnet,EfficientNet,ok,cuda_available,True,bool,projekt-base,C:\Coding\AI\projekt\conda_envs\base.yml,
16,C:\Coding\AI\Dataset\!masks_for_training\16,efficientnet,EfficientNet,ok,input_size,224,int,projekt-base,C:\Coding\AI\projekt\conda_envs\base.yml,
16,C:\Coding\AI\Dataset\!masks_for_training\16,efficientnet,EfficientNet,ok,dirty_threshold,0.42,float,projekt-base,C:\Coding\AI\projekt\conda_envs\base.yml,
16,C:\Coding\AI\Dataset\!masks_for_training\16,efficientnet,EfficientNet,ok,dirty_keyword_classes,2,int,projekt-base,C:\Coding\AI\projekt\conda_envs\base.yml,
16,C:\Coding\AI\Dataset\!masks_for_training\16,efficientnet,EfficientNet,ok,before_crop_count,6,int,projekt-base,C:\Coding\AI\projekt\conda_envs\base.yml,
16,C:\Coding\AI\Dataset\!masks_for_training\16,efficientnet,EfficientNet,ok,after_crop_count,6,int,projekt-base,C:\Coding\AI\projekt\conda_envs\base.yml,
16,C:\Coding\AI\Dataset\!masks_for_training\16,efficientnet,EfficientNet,ok,before_crop_dirty_prob_mean,0.658129,float,projekt-base,C:\Coding\AI\projekt\conda_envs\base.yml,
16,C:\Coding\AI\Dataset\!masks_for_training\16,efficientnet,EfficientNet,ok,after_crop_dirty_prob_mean,0.615271,float,projekt-base,C:\Coding\AI\projekt\conda_envs\base.yml,
16,C:\Coding\AI\Dataset\!masks_for_training\16,efficientnet,EfficientNet,ok,before_crop_dirty_prob_max,0.685951,float,projekt-base,C:\Coding\AI\projekt\conda_envs\base.yml,
16,C:\Coding\AI\Dataset\!masks_for_training\16,efficientnet,EfficientNet,ok,after_crop_dirty_prob_max,0.639652,float,projekt-base,C:\Coding\AI\projekt\conda_envs\base.yml,
16,C:\Coding\AI\Dataset\!masks_for_training\16,efficientnet,EfficientNet,ok,before_crop_support_ratio,1,float,projekt-base,C:\Coding\AI\projekt\conda_envs\base.yml,
16,C:\Coding\AI\Dataset\!masks_for_training\16,efficientnet,EfficientNet,ok,after_crop_support_ratio,1,float,projekt-base,C:\Coding\AI\projekt\conda_envs\base.yml,
16,C:\Coding\AI\Dataset\!masks_for_training\16,efficientnet,EfficientNet,ok,before_dirty_prob,0.678161,float,projekt-base,C:\Coding\AI\projekt\conda_envs\base.yml,
16,C:\Coding\AI\Dataset\!masks_for_training\16,efficientnet,EfficientNet,ok,after_dirty_prob,0.632825,float,projekt-base,C:\Coding\AI\projekt\conda_envs\base.yml,
16,C:\Coding\AI\Dataset\!masks_for_training\16,efficientnet,EfficientNet,ok,before_clean_prob,0.321839,float,projekt-base,C:\Coding\AI\projekt\conda_envs\base.yml,
16,C:\Coding\AI\Dataset\!masks_for_training\16,efficientnet,EfficientNet,ok,after_clean_prob,0.367175,float,projekt-base,C:\Coding\AI\projekt\conda_envs\base.yml,
16,C:\Coding\AI\Dataset\!masks_for_training\16,efficientnet,EfficientNet,ok,cleanup_delta,0.045336,float,projekt-base,C:\Coding\AI\projekt\conda_envs\base.yml,
16,C:\Coding\AI\Dataset\!masks_for_training\16,efficientnet,EfficientNet,ok,cleanup_score,0.045336,float,projekt-base,C:\Coding\AI\projekt\conda_envs\base.yml,
16,C:\Coding\AI\Dataset\!masks_for_training\16,efficientnet,EfficientNet,ok,dirty_prob_delta,-0.045336,float,projekt-base,C:\Coding\AI\projekt\conda_envs\base.yml,
16,C:\Coding\AI\Dataset\!masks_for_training\16,efficientnet,EfficientNet,ok,dirty_prob_abs_delta,0.045336,float,projekt-base,C:\Coding\AI\projekt\conda_envs\base.yml,
16,C:\Coding\AI\Dataset\!masks_for_training\16,efficientnet,EfficientNet,ok,before_pred_label,dirty,str,projekt-base,C:\Coding\AI\projekt\conda_envs\base.yml,
16,C:\Coding\AI\Dataset\!masks_for_training\16,efficientnet,EfficientNet,ok,after_pred_label,dirty,str,projekt-base,C:\Coding\AI\projekt\conda_envs\base.yml,
16,C:\Coding\AI\Dataset\!masks_for_training\16,efficientnet,EfficientNet,ok,before_top1_label,dirty,str,projekt-base,C:\Coding\AI\projekt\conda_envs\base.yml,
16,C:\Coding\AI\Dataset\!masks_for_training\16,efficientnet,EfficientNet,ok,after_top1_label,dirty,str,projekt-base,C:\Coding\AI\projekt\conda_envs\base.yml,
16,C:\Coding\AI\Dataset\!masks_for_training\16,efficientnet,EfficientNet,ok,before_top1_prob,0.685951,float,projekt-base,C:\Coding\AI\projekt\conda_envs\base.yml,
16,C:\Coding\AI\Dataset\!masks_for_training\16,efficientnet,EfficientNet,ok,after_top1_prob,0.639652,float,projekt-base,C:\Coding\AI\projekt\conda_envs\base.yml,
16,C:\Coding\AI\Dataset\!masks_for_training\16,efficientnet,EfficientNet,ok,before_entropy_norm,0.924287,float,projekt-base,C:\Coding\AI\projekt\conda_envs\base.yml,
16,C:\Coding\AI\Dataset\!masks_for_training\16,efficientnet,EfficientNet,ok,after_entropy_norm,0.959107,float,projekt-base,C:\Coding\AI\projekt\conda_envs\base.yml,
16,C:\Coding\AI\Dataset\!masks_for_training\16,efficientnet,EfficientNet,ok,before_inference_ms,0,float,projekt-base,C:\Coding\AI\projekt\conda_envs\base.yml,
16,C:\Coding\AI\Dataset\!masks_for_training\16,efficientnet,EfficientNet,ok,after_inference_ms,0,float,projekt-base,C:\Coding\AI\projekt\conda_envs\base.yml,
16,C:\Coding\AI\Dataset\!masks_for_training\16,efficientnet,EfficientNet,ok,inference_ms_total,0,float,projekt-base,C:\Coding\AI\projekt\conda_envs\base.yml,
16,C:\Coding\AI\Dataset\!masks_for_training\16,sift_ransac,SIFT + RANSAC + difference map,error,,,,projekt-base,C:\Coding\AI\projekt\conda_envs\base.yml,"ValueError: operands could not be broadcast together with shapes (807,516,1) (807,516) "
16,C:\Coding\AI\Dataset\!masks_for_training\16,siamese_unet,Siamese U-Net,error,,,,projekt-base,C:\Coding\AI\projekt\conda_envs\base.yml,"ValueError: operands could not be broadcast together with shapes (807,516,1) (807,516) "
16,C:\Coding\AI\Dataset\!masks_for_training\16,yolov8_seg,YOLOv8-seg,ok,analysis_mode,yolov8_seg_pair,str,projekt-base,C:\Coding\AI\projekt\conda_envs\base.yml,
16,C:\Coding\AI\Dataset\!masks_for_training\16,yolov8_seg,YOLOv8-seg,ok,model_name,C:\Coding\AI\projekt\weights\yolov8m_trash_finetuned.pt,str,projekt-base,C:\Coding\AI\projekt\conda_envs\base.yml,
16,C:\Coding\AI\Dataset\!masks_for_training\16,yolov8_seg,YOLOv8-seg,ok,model_source,C:\Coding\AI\projekt\weights\yolov8m_seg_best_new+fine-tune.pt,str,projekt-base,C:\Coding\AI\projekt\conda_envs\base.yml,
16,C:\Coding\AI\Dataset\!masks_for_training\16,yolov8_seg,YOLOv8-seg,ok,device_requested,auto,str,projekt-base,C:\Coding\AI\projekt\conda_envs\base.yml,
16,C:\Coding\AI\Dataset\!masks_for_training\16,yolov8_seg,YOLOv8-seg,ok,device_used,cuda,str,projekt-base,C:\Coding\AI\projekt\conda_envs\base.yml,
16,C:\Coding\AI\Dataset\!masks_for_training\16,yolov8_seg,YOLOv8-seg,ok,force_cpu,False,bool,projekt-base,C:\Coding\AI\projekt\conda_envs\base.yml,
16,C:\Coding\AI\Dataset\!masks_for_training\16,yolov8_seg,YOLOv8-seg,ok,cuda_available,True,bool,projekt-base,C:\Coding\AI\projekt\conda_envs\base.yml,
16,C:\Coding\AI\Dataset\!masks_for_training\16,yolov8_seg,YOLOv8-seg,ok,image_size,1536,int,projekt-base,C:\Coding\AI\projekt\conda_envs\base.yml,
16,C:\Coding\AI\Dataset\!masks_for_training\16,yolov8_seg,YOLOv8-seg,ok,confidence_threshold,0.35,float,projekt-base,C:\Coding\AI\projekt\conda_envs\base.yml,
16,C:\Coding\AI\Dataset\!masks_for_training\16,yolov8_seg,YOLOv8-seg,ok,iou_threshold,0.4,float,projekt-base,C:\Coding\AI\projekt\conda_envs\base.yml,
16,C:\Coding\AI\Dataset\!masks_for_training\16,yolov8_seg,YOLOv8-seg,ok,tile_inference_mode,auto,str,projekt-base,C:\Coding\AI\projekt\conda_envs\base.yml,
16,C:\Coding\AI\Dataset\!masks_for_training\16,yolov8_seg,YOLOv8-seg,ok,tile_size,640,int,projekt-base,C:\Coding\AI\projekt\conda_envs\base.yml,
16,C:\Coding\AI\Dataset\!masks_for_training\16,yolov8_seg,YOLOv8-seg,ok,tile_overlap_ratio,0.5,float,projekt-base,C:\Coding\AI\projekt\conda_envs\base.yml,
16,C:\Coding\AI\Dataset\!masks_for_training\16,yolov8_seg,YOLOv8-seg,ok,before_tile_count,2,int,projekt-base,C:\Coding\AI\projekt\conda_envs\base.yml,
16,C:\Coding\AI\Dataset\!masks_for_training\16,yolov8_seg,YOLOv8-seg,ok,after_tile_count,2,int,projekt-base,C:\Coding\AI\projekt\conda_envs\base.yml,
16,C:\Coding\AI\Dataset\!masks_for_training\16,yolov8_seg,YOLOv8-seg,ok,selected_class_count,0,int,projekt-base,C:\Coding\AI\projekt\conda_envs\base.yml,
16,C:\Coding\AI\Dataset\!masks_for_training\16,yolov8_seg,YOLOv8-seg,ok,selected_class_ids,[],list,projekt-base,C:\Coding\AI\projekt\conda_envs\base.yml,
16,C:\Coding\AI\Dataset\!masks_for_training\16,yolov8_seg,YOLOv8-seg,ok,taco_dataset_root,C:\Coding\AI\projekt\datasets\TACO,str,projekt-base,C:\Coding\AI\projekt\conda_envs\base.yml,
16,C:\Coding\AI\Dataset\!masks_for_training\16,yolov8_seg,YOLOv8-seg,ok,taco_annotations_path,C:\Coding\AI\projekt\datasets\TACO\data\annotations.json,str,projekt-base,C:\Coding\AI\projekt\conda_envs\base.yml,
16,C:\Coding\AI\Dataset\!masks_for_training\16,yolov8_seg,YOLOv8-seg,ok,taco_export_root,C:\Coding\AI\projekt\datasets\TACO\yolo_seg,str,projekt-base,C:\Coding\AI\projekt\conda_envs\base.yml,
16,C:\Coding\AI\Dataset\!masks_for_training\16,yolov8_seg,YOLOv8-seg,ok,taco_data_yaml,C:\Coding\AI\projekt\datasets\TACO\yolo_seg\data.yaml,str,projekt-base,C:\Coding\AI\projekt\conda_envs\base.yml,
16,C:\Coding\AI\Dataset\!masks_for_training\16,yolov8_seg,YOLOv8-seg,ok,taco_source_images,1500,int,projekt-base,C:\Coding\AI\projekt\conda_envs\base.yml,
16,C:\Coding\AI\Dataset\!masks_for_training\16,yolov8_seg,YOLOv8-seg,ok,taco_exported_images,1500,int,projekt-base,C:\Coding\AI\projekt\conda_envs\base.yml,
16,C:\Coding\AI\Dataset\!masks_for_training\16,yolov8_seg,YOLOv8-seg,ok,taco_exported_labels,1500,int,projekt-base,C:\Coding\AI\projekt\conda_envs\base.yml,
16,C:\Coding\AI\Dataset\!masks_for_training\16,yolov8_seg,YOLOv8-seg,ok,taco_skipped_missing_images,0,int,projekt-base,C:\Coding\AI\projekt\conda_envs\base.yml,
16,C:\Coding\AI\Dataset\!masks_for_training\16,yolov8_seg,YOLOv8-seg,ok,taco_skipped_invalid_polygons,0,int,projekt-base,C:\Coding\AI\projekt\conda_envs\base.yml,
16,C:\Coding\AI\Dataset\!masks_for_training\16,yolov8_seg,YOLOv8-seg,ok,before_instance_count,5,int,projekt-base,C:\Coding\AI\projekt\conda_envs\base.yml,
16,C:\Coding\AI\Dataset\!masks_for_training\16,yolov8_seg,YOLOv8-seg,ok,after_instance_count,0,int,projekt-base,C:\Coding\AI\projekt\conda_envs\base.yml,
16,C:\Coding\AI\Dataset\!masks_for_training\16,yolov8_seg,YOLOv8-seg,ok,instance_count_total,5,int,projekt-base,C:\Coding\AI\projekt\conda_envs\base.yml,
16,C:\Coding\AI\Dataset\!masks_for_training\16,yolov8_seg,YOLOv8-seg,ok,before_mask_area_px,48419,int,projekt-base,C:\Coding\AI\projekt\conda_envs\base.yml,
16,C:\Coding\AI\Dataset\!masks_for_training\16,yolov8_seg,YOLOv8-seg,ok,after_mask_area_px,0,int,projekt-base,C:\Coding\AI\projekt\conda_envs\base.yml,
16,C:\Coding\AI\Dataset\!masks_for_training\16,yolov8_seg,YOLOv8-seg,ok,before_mask_area_ratio,0.116277,float,projekt-base,C:\Coding\AI\projekt\conda_envs\base.yml,
16,C:\Coding\AI\Dataset\!masks_for_training\16,yolov8_seg,YOLOv8-seg,ok,after_mask_area_ratio,0,float,projekt-base,C:\Coding\AI\projekt\conda_envs\base.yml,
16,C:\Coding\AI\Dataset\!masks_for_training\16,yolov8_seg,YOLOv8-seg,ok,mask_area_delta_px,-48419,int,projekt-base,C:\Coding\AI\projekt\conda_envs\base.yml,
16,C:\Coding\AI\Dataset\!masks_for_training\16,yolov8_seg,YOLOv8-seg,ok,mask_area_delta_ratio,-0.116277,float,projekt-base,C:\Coding\AI\projekt\conda_envs\base.yml,
16,C:\Coding\AI\Dataset\!masks_for_training\16,yolov8_seg,YOLOv8-seg,ok,before_bbox_area_px,130001,int,projekt-base,C:\Coding\AI\projekt\conda_envs\base.yml,
16,C:\Coding\AI\Dataset\!masks_for_training\16,yolov8_seg,YOLOv8-seg,ok,after_bbox_area_px,0,int,projekt-base,C:\Coding\AI\projekt\conda_envs\base.yml,
16,C:\Coding\AI\Dataset\!masks_for_training\16,yolov8_seg,YOLOv8-seg,ok,before_mean_confidence,0.615211,float,projekt-base,C:\Coding\AI\projekt\conda_envs\base.yml,
16,C:\Coding\AI\Dataset\!masks_for_training\16,yolov8_seg,YOLOv8-seg,ok,after_mean_confidence,0,float,projekt-base,C:\Coding\AI\projekt\conda_envs\base.yml,
16,C:\Coding\AI\Dataset\!masks_for_training\16,yolov8_seg,YOLOv8-seg,ok,before_inference_ms,235.39,float,projekt-base,C:\Coding\AI\projekt\conda_envs\base.yml,
16,C:\Coding\AI\Dataset\!masks_for_training\16,yolov8_seg,YOLOv8-seg,ok,after_inference_ms,49.488,float,projekt-base,C:\Coding\AI\projekt\conda_envs\base.yml,
16,C:\Coding\AI\Dataset\!masks_for_training\16,yolov8_seg,YOLOv8-seg,ok,inference_ms_total,284.877,float,projekt-base,C:\Coding\AI\projekt\conda_envs\base.yml,
17,C:\Coding\AI\Dataset\!masks_for_training\17,changeformer,ChangeFormer,ok,analysis_mode,changeformer_pair,str,projekt-base,C:\Coding\AI\projekt\conda_envs\base.yml,
17,C:\Coding\AI\Dataset\!masks_for_training\17,changeformer,ChangeFormer,ok,inference_mode,trained_checkpoint,str,projekt-base,C:\Coding\AI\projekt\conda_envs\base.yml,
17,C:\Coding\AI\Dataset\!masks_for_training\17,changeformer,ChangeFormer,ok,model_name,pvt_v2_b0,str,projekt-base,C:\Coding\AI\projekt\conda_envs\base.yml,
17,C:\Coding\AI\Dataset\!masks_for_training\17,changeformer,ChangeFormer,ok,model_source,C:\Coding\AI\projekt\weights\changeformer_best.pt,str,projekt-base,C:\Coding\AI\projekt\conda_envs\base.yml,
17,C:\Coding\AI\Dataset\!masks_for_training\17,changeformer,ChangeFormer,ok,python_executable,C:\Users\jetgera\miniconda3\envs\projekt-base\python.exe,str,projekt-base,C:\Coding\AI\projekt\conda_envs\base.yml,
17,C:\Coding\AI\Dataset\!masks_for_training\17,changeformer,ChangeFormer,ok,torch_import_ok,True,bool,projekt-base,C:\Coding\AI\projekt\conda_envs\base.yml,
17,C:\Coding\AI\Dataset\!masks_for_training\17,changeformer,ChangeFormer,ok,timm_import_ok,True,bool,projekt-base,C:\Coding\AI\projekt\conda_envs\base.yml,
17,C:\Coding\AI\Dataset\!masks_for_training\17,changeformer,ChangeFormer,ok,torch_version,2.12.0+cu132,TorchVersion,projekt-base,C:\Coding\AI\projekt\conda_envs\base.yml,
17,C:\Coding\AI\Dataset\!masks_for_training\17,changeformer,ChangeFormer,ok,timm_version,1.0.27,str,projekt-base,C:\Coding\AI\projekt\conda_envs\base.yml,
17,C:\Coding\AI\Dataset\!masks_for_training\17,changeformer,ChangeFormer,ok,torch_import_error,,NoneType,projekt-base,C:\Coding\AI\projekt\conda_envs\base.yml,
17,C:\Coding\AI\Dataset\!masks_for_training\17,changeformer,ChangeFormer,ok,timm_import_error,,NoneType,projekt-base,C:\Coding\AI\projekt\conda_envs\base.yml,
17,C:\Coding\AI\Dataset\!masks_for_training\17,changeformer,ChangeFormer,ok,weights_path,C:\Coding\AI\projekt\weights\changeformer_best.pt,str,projekt-base,C:\Coding\AI\projekt\conda_envs\base.yml,
17,C:\Coding\AI\Dataset\!masks_for_training\17,changeformer,ChangeFormer,ok,device_requested,auto,str,projekt-base,C:\Coding\AI\projekt\conda_envs\base.yml,
17,C:\Coding\AI\Dataset\!masks_for_training\17,changeformer,ChangeFormer,ok,device_used,cuda,str,projekt-base,C:\Coding\AI\projekt\conda_envs\base.yml,
17,C:\Coding\AI\Dataset\!masks_for_training\17,changeformer,ChangeFormer,ok,force_cpu,False,bool,projekt-base,C:\Coding\AI\projekt\conda_envs\base.yml,
17,C:\Coding\AI\Dataset\!masks_for_training\17,changeformer,ChangeFormer,ok,cuda_available,True,bool,projekt-base,C:\Coding\AI\projekt\conda_envs\base.yml,
17,C:\Coding\AI\Dataset\!masks_for_training\17,changeformer,ChangeFormer,ok,input_size,512,int,projekt-base,C:\Coding\AI\projekt\conda_envs\base.yml,
17,C:\Coding\AI\Dataset\!masks_for_training\17,changeformer,ChangeFormer,ok,threshold_percentile,93,float,projekt-base,C:\Coding\AI\projekt\conda_envs\base.yml,
17,C:\Coding\AI\Dataset\!masks_for_training\17,changeformer,ChangeFormer,ok,threshold_value,0.395098,float,projekt-base,C:\Coding\AI\projekt\conda_envs\base.yml,
17,C:\Coding\AI\Dataset\!masks_for_training\17,changeformer,ChangeFormer,ok,alignment_mode,sift_homography_ransac,str,projekt-base,C:\Coding\AI\projekt\conda_envs\base.yml,
17,C:\Coding\AI\Dataset\!masks_for_training\17,changeformer,ChangeFormer,ok,alignment_ecc_score,,NoneType,projekt-base,C:\Coding\AI\projekt\conda_envs\base.yml,
17,C:\Coding\AI\Dataset\!masks_for_training\17,changeformer,ChangeFormer,ok,alignment_quality,0.894353,float,projekt-base,C:\Coding\AI\projekt\conda_envs\base.yml,
17,C:\Coding\AI\Dataset\!masks_for_training\17,changeformer,ChangeFormer,ok,alignment_rotation_deg,0,int,projekt-base,C:\Coding\AI\projekt\conda_envs\base.yml,
17,C:\Coding\AI\Dataset\!masks_for_training\17,changeformer,ChangeFormer,ok,scene_consistency,0.895823,float,projekt-base,C:\Coding\AI\projekt\conda_envs\base.yml,
17,C:\Coding\AI\Dataset\!masks_for_training\17,changeformer,ChangeFormer,ok,scene_mismatch_suppressed,False,bool,projekt-base,C:\Coding\AI\projekt\conda_envs\base.yml,
17,C:\Coding\AI\Dataset\!masks_for_training\17,changeformer,ChangeFormer,ok,fallback_reason,,NoneType,projekt-base,C:\Coding\AI\projekt\conda_envs\base.yml,
17,C:\Coding\AI\Dataset\!masks_for_training\17,changeformer,ChangeFormer,ok,change_pixels,45537,int,projekt-base,C:\Coding\AI\projekt\conda_envs\base.yml,
17,C:\Coding\AI\Dataset\!masks_for_training\17,changeformer,ChangeFormer,ok,overlap_pixels,1048576,int,projekt-base,C:\Coding\AI\projekt\conda_envs\base.yml,
17,C:\Coding\AI\Dataset\!masks_for_training\17,changeformer,ChangeFormer,ok,canvas_pixels,1048576,int,projekt-base,C:\Coding\AI\projekt\conda_envs\base.yml,
17,C:\Coding\AI\Dataset\!masks_for_training\17,changeformer,ChangeFormer,ok,overlap_ratio,1,float,projekt-base,C:\Coding\AI\projekt\conda_envs\base.yml,
17,C:\Coding\AI\Dataset\!masks_for_training\17,changeformer,ChangeFormer,ok,change_ratio,0.043427,float,projekt-base,C:\Coding\AI\projekt\conda_envs\base.yml,
17,C:\Coding\AI\Dataset\!masks_for_training\17,changeformer,ChangeFormer,ok,inference_ms,455.264,float,projekt-base,C:\Coding\AI\projekt\conda_envs\base.yml,
17,C:\Coding\AI\Dataset\!masks_for_training\17,changeformer,ChangeFormer,ok,segm_gt_pixels,47343,float,projekt-base,C:\Coding\AI\projekt\conda_envs\base.yml,
17,C:\Coding\AI\Dataset\!masks_for_training\17,changeformer,ChangeFormer,ok,segm_pred_pixels,45537,float,projekt-base,C:\Coding\AI\projekt\conda_envs\base.yml,
17,C:\Coding\AI\Dataset\!masks_for_training\17,changeformer,ChangeFormer,ok,segm_intersection_pixels,37478,float,projekt-base,C:\Coding\AI\projekt\conda_envs\base.yml,
17,C:\Coding\AI\Dataset\!masks_for_training\17,changeformer,ChangeFormer,ok,segm_union_pixels,55402,float,projekt-base,C:\Coding\AI\projekt\conda_envs\base.yml,
17,C:\Coding\AI\Dataset\!masks_for_training\17,changeformer,ChangeFormer,ok,segm_iou,0.676474,float,projekt-base,C:\Coding\AI\projekt\conda_envs\base.yml,
17,C:\Coding\AI\Dataset\!masks_for_training\17,changeformer,ChangeFormer,ok,segm_dice,0.80702,float,projekt-base,C:\Coding\AI\projekt\conda_envs\base.yml,
17,C:\Coding\AI\Dataset\!masks_for_training\17,changeformer,ChangeFormer,ok,qty_pixels_ground_truth,47343,float,projekt-base,C:\Coding\AI\projekt\conda_envs\base.yml,
17,C:\Coding\AI\Dataset\!masks_for_training\17,changeformer,ChangeFormer,ok,qty_pixels_predicted,45537,float,projekt-base,C:\Coding\AI\projekt\conda_envs\base.yml,
17,C:\Coding\AI\Dataset\!masks_for_training\17,changeformer,ChangeFormer,ok,qty_pixels_absolute_error,1806,float,projekt-base,C:\Coding\AI\projekt\conda_envs\base.yml,
17,C:\Coding\AI\Dataset\!masks_for_training\17,changeformer,ChangeFormer,ok,qty_pixels_mae,1806,float,projekt-base,C:\Coding\AI\projekt\conda_envs\base.yml,
17,C:\Coding\AI\Dataset\!masks_for_training\17,changeformer,ChangeFormer,ok,qty_pixels_mape,3.81471,float,projekt-base,C:\Coding\AI\projekt\conda_envs\base.yml,
17,C:\Coding\AI\Dataset\!masks_for_training\17,changeformer,ChangeFormer,ok,qty_pixels_percentage_error,3.81471,float,projekt-base,C:\Coding\AI\projekt\conda_envs\base.yml,
17,C:\Coding\AI\Dataset\!masks_for_training\17,changeformer,ChangeFormer,ok,qty_ratio_ground_truth,0.0451498,float,projekt-base,C:\Coding\AI\projekt\conda_envs\base.yml,
17,C:\Coding\AI\Dataset\!masks_for_training\17,changeformer,ChangeFormer,ok,qty_ratio_predicted,0.0434275,float,projekt-base,C:\Coding\AI\projekt\conda_envs\base.yml,
17,C:\Coding\AI\Dataset\!masks_for_training\17,changeformer,ChangeFormer,ok,qty_ratio_absolute_error,0.00172234,float,projekt-base,C:\Coding\AI\projekt\conda_envs\base.yml,
17,C:\Coding\AI\Dataset\!masks_for_training\17,changeformer,ChangeFormer,ok,qty_ratio_mae,0.00172234,float,projekt-base,C:\Coding\AI\projekt\conda_envs\base.yml,
17,C:\Coding\AI\Dataset\!masks_for_training\17,changeformer,ChangeFormer,ok,qty_ratio_mape,3.81471,float,projekt-base,C:\Coding\AI\projekt\conda_envs\base.yml,
17,C:\Coding\AI\Dataset\!masks_for_training\17,changeformer,ChangeFormer,ok,qty_ratio_percentage_error,3.81471,float,projekt-base,C:\Coding\AI\projekt\conda_envs\base.yml,
17,C:\Coding\AI\Dataset\!masks_for_training\17,efficientnet,EfficientNet,ok,analysis_mode,efficientnet_cls_pair,str,projekt-base,C:\Coding\AI\projekt\conda_envs\base.yml,
17,C:\Coding\AI\Dataset\!masks_for_training\17,efficientnet,EfficientNet,ok,inference_mode,heuristic_fallback,str,projekt-base,C:\Coding\AI\projekt\conda_envs\base.yml,
17,C:\Coding\AI\Dataset\!masks_for_training\17,efficientnet,EfficientNet,ok,model_name,efficientnet_b0,str,projekt-base,C:\Coding\AI\projekt\conda_envs\base.yml,
17,C:\Coding\AI\Dataset\!masks_for_training\17,efficientnet,EfficientNet,ok,model_source,None,str,projekt-base,C:\Coding\AI\projekt\conda_envs\base.yml,
17,C:\Coding\AI\Dataset\!masks_for_training\17,efficientnet,EfficientNet,ok,weights_path,C:\Coding\AI\projekt\weights\efficientnet_best.pt,str,projekt-base,C:\Coding\AI\projekt\conda_envs\base.yml,
17,C:\Coding\AI\Dataset\!masks_for_training\17,efficientnet,EfficientNet,ok,device_requested,auto,str,projekt-base,C:\Coding\AI\projekt\conda_envs\base.yml,
17,C:\Coding\AI\Dataset\!masks_for_training\17,efficientnet,EfficientNet,ok,device_used,cpu,str,projekt-base,C:\Coding\AI\projekt\conda_envs\base.yml,
17,C:\Coding\AI\Dataset\!masks_for_training\17,efficientnet,EfficientNet,ok,force_cpu,False,bool,projekt-base,C:\Coding\AI\projekt\conda_envs\base.yml,
17,C:\Coding\AI\Dataset\!masks_for_training\17,efficientnet,EfficientNet,ok,cuda_available,True,bool,projekt-base,C:\Coding\AI\projekt\conda_envs\base.yml,
17,C:\Coding\AI\Dataset\!masks_for_training\17,efficientnet,EfficientNet,ok,input_size,224,int,projekt-base,C:\Coding\AI\projekt\conda_envs\base.yml,
17,C:\Coding\AI\Dataset\!masks_for_training\17,efficientnet,EfficientNet,ok,dirty_threshold,0.42,float,projekt-base,C:\Coding\AI\projekt\conda_envs\base.yml,
17,C:\Coding\AI\Dataset\!masks_for_training\17,efficientnet,EfficientNet,ok,dirty_keyword_classes,2,int,projekt-base,C:\Coding\AI\projekt\conda_envs\base.yml,
17,C:\Coding\AI\Dataset\!masks_for_training\17,efficientnet,EfficientNet,ok,before_crop_count,6,int,projekt-base,C:\Coding\AI\projekt\conda_envs\base.yml,
17,C:\Coding\AI\Dataset\!masks_for_training\17,efficientnet,EfficientNet,ok,after_crop_count,6,int,projekt-base,C:\Coding\AI\projekt\conda_envs\base.yml,
17,C:\Coding\AI\Dataset\!masks_for_training\17,efficientnet,EfficientNet,ok,before_crop_dirty_prob_mean,0.739463,float,projekt-base,C:\Coding\AI\projekt\conda_envs\base.yml,
17,C:\Coding\AI\Dataset\!masks_for_training\17,efficientnet,EfficientNet,ok,after_crop_dirty_prob_mean,0.735342,float,projekt-base,C:\Coding\AI\projekt\conda_envs\base.yml,
17,C:\Coding\AI\Dataset\!masks_for_training\17,efficientnet,EfficientNet,ok,before_crop_dirty_prob_max,0.760365,float,projekt-base,C:\Coding\AI\projekt\conda_envs\base.yml,
17,C:\Coding\AI\Dataset\!masks_for_training\17,efficientnet,EfficientNet,ok,after_crop_dirty_prob_max,0.752147,float,projekt-base,C:\Coding\AI\projekt\conda_envs\base.yml,
17,C:\Coding\AI\Dataset\!masks_for_training\17,efficientnet,EfficientNet,ok,before_crop_support_ratio,1,float,projekt-base,C:\Coding\AI\projekt\conda_envs\base.yml,
17,C:\Coding\AI\Dataset\!masks_for_training\17,efficientnet,EfficientNet,ok,after_crop_support_ratio,1,float,projekt-base,C:\Coding\AI\projekt\conda_envs\base.yml,
17,C:\Coding\AI\Dataset\!masks_for_training\17,efficientnet,EfficientNet,ok,before_dirty_prob,0.754512,float,projekt-base,C:\Coding\AI\projekt\conda_envs\base.yml,
17,C:\Coding\AI\Dataset\!masks_for_training\17,efficientnet,EfficientNet,ok,after_dirty_prob,0.747442,float,projekt-base,C:\Coding\AI\projekt\conda_envs\base.yml,
17,C:\Coding\AI\Dataset\!masks_for_training\17,efficientnet,EfficientNet,ok,before_clean_prob,0.245488,float,projekt-base,C:\Coding\AI\projekt\conda_envs\base.yml,
17,C:\Coding\AI\Dataset\!masks_for_training\17,efficientnet,EfficientNet,ok,after_clean_prob,0.252558,float,projekt-base,C:\Coding\AI\projekt\conda_envs\base.yml,
17,C:\Coding\AI\Dataset\!masks_for_training\17,efficientnet,EfficientNet,ok,cleanup_delta,0.00707,float,projekt-base,C:\Coding\AI\projekt\conda_envs\base.yml,
17,C:\Coding\AI\Dataset\!masks_for_training\17,efficientnet,EfficientNet,ok,cleanup_score,0.00707,float,projekt-base,C:\Coding\AI\projekt\conda_envs\base.yml,
17,C:\Coding\AI\Dataset\!masks_for_training\17,efficientnet,EfficientNet,ok,dirty_prob_delta,-0.00707,float,projekt-base,C:\Coding\AI\projekt\conda_envs\base.yml,
17,C:\Coding\AI\Dataset\!masks_for_training\17,efficientnet,EfficientNet,ok,dirty_prob_abs_delta,0.00707,float,projekt-base,C:\Coding\AI\projekt\conda_envs\base.yml,
17,C:\Coding\AI\Dataset\!masks_for_training\17,efficientnet,EfficientNet,ok,before_pred_label,dirty,str,projekt-base,C:\Coding\AI\projekt\conda_envs\base.yml,
17,C:\Coding\AI\Dataset\!masks_for_training\17,efficientnet,EfficientNet,ok,after_pred_label,dirty,str,projekt-base,C:\Coding\AI\projekt\conda_envs\base.yml,
17,C:\Coding\AI\Dataset\!masks_for_training\17,efficientnet,EfficientNet,ok,before_top1_label,dirty,str,projekt-base,C:\Coding\AI\projekt\conda_envs\base.yml,
17,C:\Coding\AI\Dataset\!masks_for_training\17,efficientnet,EfficientNet,ok,after_top1_label,dirty,str,projekt-base,C:\Coding\AI\projekt\conda_envs\base.yml,
17,C:\Coding\AI\Dataset\!masks_for_training\17,efficientnet,EfficientNet,ok,before_top1_prob,0.760365,float,projekt-base,C:\Coding\AI\projekt\conda_envs\base.yml,
17,C:\Coding\AI\Dataset\!masks_for_training\17,efficientnet,EfficientNet,ok,after_top1_prob,0.752147,float,projekt-base,C:\Coding\AI\projekt\conda_envs\base.yml,
17,C:\Coding\AI\Dataset\!masks_for_training\17,efficientnet,EfficientNet,ok,before_entropy_norm,0.826569,float,projekt-base,C:\Coding\AI\projekt\conda_envs\base.yml,
17,C:\Coding\AI\Dataset\!masks_for_training\17,efficientnet,EfficientNet,ok,after_entropy_norm,0.833104,float,projekt-base,C:\Coding\AI\projekt\conda_envs\base.yml,
17,C:\Coding\AI\Dataset\!masks_for_training\17,efficientnet,EfficientNet,ok,before_inference_ms,0,float,projekt-base,C:\Coding\AI\projekt\conda_envs\base.yml,
17,C:\Coding\AI\Dataset\!masks_for_training\17,efficientnet,EfficientNet,ok,after_inference_ms,0,float,projekt-base,C:\Coding\AI\projekt\conda_envs\base.yml,
17,C:\Coding\AI\Dataset\!masks_for_training\17,efficientnet,EfficientNet,ok,inference_ms_total,0,float,projekt-base,C:\Coding\AI\projekt\conda_envs\base.yml,
17,C:\Coding\AI\Dataset\!masks_for_training\17,sift_ransac,SIFT + RANSAC + difference map,ok,alignment_mode,homography_ransac,str,projekt-base,C:\Coding\AI\projekt\conda_envs\base.yml,
17,C:\Coding\AI\Dataset\!masks_for_training\17,sift_ransac,SIFT + RANSAC + difference map,ok,fallback_reason,none,str,projekt-base,C:\Coding\AI\projekt\conda_envs\base.yml,
17,C:\Coding\AI\Dataset\!masks_for_training\17,sift_ransac,SIFT + RANSAC + difference map,ok,keypoints_before,15143,int,projekt-base,C:\Coding\AI\projekt\conda_envs\base.yml,
17,C:\Coding\AI\Dataset\!masks_for_training\17,sift_ransac,SIFT + RANSAC + difference map,ok,keypoints_after,15746,int,projekt-base,C:\Coding\AI\projekt\conda_envs\base.yml,
17,C:\Coding\AI\Dataset\!masks_for_training\17,sift_ransac,SIFT + RANSAC + difference map,ok,raw_matches,15143,int,projekt-base,C:\Coding\AI\projekt\conda_envs\base.yml,
17,C:\Coding\AI\Dataset\!masks_for_training\17,sift_ransac,SIFT + RANSAC + difference map,ok,good_matches,3225,int,projekt-base,C:\Coding\AI\projekt\conda_envs\base.yml,
17,C:\Coding\AI\Dataset\!masks_for_training\17,sift_ransac,SIFT + RANSAC + difference map,ok,inliers,3219,int,projekt-base,C:\Coding\AI\projekt\conda_envs\base.yml,
17,C:\Coding\AI\Dataset\!masks_for_training\17,sift_ransac,SIFT + RANSAC + difference map,ok,inlier_ratio,0.9981,float,projekt-base,C:\Coding\AI\projekt\conda_envs\base.yml,
17,C:\Coding\AI\Dataset\!masks_for_training\17,sift_ransac,SIFT + RANSAC + difference map,ok,change_pixels,57476,int,projekt-base,C:\Coding\AI\projekt\conda_envs\base.yml,
17,C:\Coding\AI\Dataset\!masks_for_training\17,sift_ransac,SIFT + RANSAC + difference map,ok,overlap_pixels,1040400,int,projekt-base,C:\Coding\AI\projekt\conda_envs\base.yml,
17,C:\Coding\AI\Dataset\!masks_for_training\17,sift_ransac,SIFT + RANSAC + difference map,ok,canvas_pixels,1048576,int,projekt-base,C:\Coding\AI\projekt\conda_envs\base.yml,
17,C:\Coding\AI\Dataset\!masks_for_training\17,sift_ransac,SIFT + RANSAC + difference map,ok,overlap_ratio,0.9922,float,projekt-base,C:\Coding\AI\projekt\conda_envs\base.yml,
17,C:\Coding\AI\Dataset\!masks_for_training\17,sift_ransac,SIFT + RANSAC + difference map,ok,change_ratio,0.055244,float,projekt-base,C:\Coding\AI\projekt\conda_envs\base.yml,
17,C:\Coding\AI\Dataset\!masks_for_training\17,sift_ransac,SIFT + RANSAC + difference map,ok,otsu_threshold,61,float,projekt-base,C:\Coding\AI\projekt\conda_envs\base.yml,
17,C:\Coding\AI\Dataset\!masks_for_training\17,sift_ransac,SIFT + RANSAC + difference map,ok,segm_gt_pixels,47343,float,projekt-base,C:\Coding\AI\projekt\conda_envs\base.yml,
17,C:\Coding\AI\Dataset\!masks_for_training\17,sift_ransac,SIFT + RANSAC + difference map,ok,segm_pred_pixels,57476,float,projekt-base,C:\Coding\AI\projekt\conda_envs\base.yml,
17,C:\Coding\AI\Dataset\!masks_for_training\17,sift_ransac,SIFT + RANSAC + difference map,ok,segm_intersection_pixels,25867,float,projekt-base,C:\Coding\AI\projekt\conda_envs\base.yml,
17,C:\Coding\AI\Dataset\!masks_for_training\17,sift_ransac,SIFT + RANSAC + difference map,ok,segm_union_pixels,78952,float,projekt-base,C:\Coding\AI\projekt\conda_envs\base.yml,
17,C:\Coding\AI\Dataset\!masks_for_training\17,sift_ransac,SIFT + RANSAC + difference map,ok,segm_iou,0.327629,float,projekt-base,C:\Coding\AI\projekt\conda_envs\base.yml,
17,C:\Coding\AI\Dataset\!masks_for_training\17,sift_ransac,SIFT + RANSAC + difference map,ok,segm_dice,0.493556,float,projekt-base,C:\Coding\AI\projekt\conda_envs\base.yml,
17,C:\Coding\AI\Dataset\!masks_for_training\17,sift_ransac,SIFT + RANSAC + difference map,ok,qty_pixels_ground_truth,47343,float,projekt-base,C:\Coding\AI\projekt\conda_envs\base.yml,
17,C:\Coding\AI\Dataset\!masks_for_training\17,sift_ransac,SIFT + RANSAC + difference map,ok,qty_pixels_predicted,57476,float,projekt-base,C:\Coding\AI\projekt\conda_envs\base.yml,
17,C:\Coding\AI\Dataset\!masks_for_training\17,sift_ransac,SIFT + RANSAC + difference map,ok,qty_pixels_absolute_error,10133,float,projekt-base,C:\Coding\AI\projekt\conda_envs\base.yml,
17,C:\Coding\AI\Dataset\!masks_for_training\17,sift_ransac,SIFT + RANSAC + difference map,ok,qty_pixels_mae,10133,float,projekt-base,C:\Coding\AI\projekt\conda_envs\base.yml,
17,C:\Coding\AI\Dataset\!masks_for_training\17,sift_ransac,SIFT + RANSAC + difference map,ok,qty_pixels_mape,21.4034,float,projekt-base,C:\Coding\AI\projekt\conda_envs\base.yml,
17,C:\Coding\AI\Dataset\!masks_for_training\17,sift_ransac,SIFT + RANSAC + difference map,ok,qty_pixels_percentage_error,21.4034,float,projekt-base,C:\Coding\AI\projekt\conda_envs\base.yml,
17,C:\Coding\AI\Dataset\!masks_for_training\17,sift_ransac,SIFT + RANSAC + difference map,ok,qty_ratio_ground_truth,0.0451498,float,projekt-base,C:\Coding\AI\projekt\conda_envs\base.yml,
17,C:\Coding\AI\Dataset\!masks_for_training\17,sift_ransac,SIFT + RANSAC + difference map,ok,qty_ratio_predicted,0.0548134,float,projekt-base,C:\Coding\AI\projekt\conda_envs\base.yml,
17,C:\Coding\AI\Dataset\!masks_for_training\17,sift_ransac,SIFT + RANSAC + difference map,ok,qty_ratio_absolute_error,0.00966358,float,projekt-base,C:\Coding\AI\projekt\conda_envs\base.yml,
17,C:\Coding\AI\Dataset\!masks_for_training\17,sift_ransac,SIFT + RANSAC + difference map,ok,qty_ratio_mae,0.00966358,float,projekt-base,C:\Coding\AI\projekt\conda_envs\base.yml,
17,C:\Coding\AI\Dataset\!masks_for_training\17,sift_ransac,SIFT + RANSAC + difference map,ok,qty_ratio_mape,21.4034,float,projekt-base,C:\Coding\AI\projekt\conda_envs\base.yml,
17,C:\Coding\AI\Dataset\!masks_for_training\17,sift_ransac,SIFT + RANSAC + difference map,ok,qty_ratio_percentage_error,21.4034,float,projekt-base,C:\Coding\AI\projekt\conda_envs\base.yml,
17,C:\Coding\AI\Dataset\!masks_for_training\17,siamese_unet,Siamese U-Net,ok,analysis_mode,siamese_unet_cd_pair,str,projekt-base,C:\Coding\AI\projekt\conda_envs\base.yml,
17,C:\Coding\AI\Dataset\!masks_for_training\17,siamese_unet,Siamese U-Net,ok,model_source,C:\Coding\AI\projekt\weights\siamese_unet_cd_real17_finetuned_best.pt,str,projekt-base,C:\Coding\AI\projekt\conda_envs\base.yml,
17,C:\Coding\AI\Dataset\!masks_for_training\17,siamese_unet,Siamese U-Net,ok,device_requested,auto,str,projekt-base,C:\Coding\AI\projekt\conda_envs\base.yml,
17,C:\Coding\AI\Dataset\!masks_for_training\17,siamese_unet,Siamese U-Net,ok,device_used,cuda,str,projekt-base,C:\Coding\AI\projekt\conda_envs\base.yml,
17,C:\Coding\AI\Dataset\!masks_for_training\17,siamese_unet,Siamese U-Net,ok,force_cpu,False,bool,projekt-base,C:\Coding\AI\projekt\conda_envs\base.yml,
17,C:\Coding\AI\Dataset\!masks_for_training\17,siamese_unet,Siamese U-Net,ok,input_size,384,int,projekt-base,C:\Coding\AI\projekt\conda_envs\base.yml,
17,C:\Coding\AI\Dataset\!masks_for_training\17,siamese_unet,Siamese U-Net,ok,threshold,0.65,float,projekt-base,C:\Coding\AI\projekt\conda_envs\base.yml,
17,C:\Coding\AI\Dataset\!masks_for_training\17,siamese_unet,Siamese U-Net,ok,alignment_mode,homography_ransac,str,projekt-base,C:\Coding\AI\projekt\conda_envs\base.yml,
17,C:\Coding\AI\Dataset\!masks_for_training\17,siamese_unet,Siamese U-Net,ok,change_pixels,29801,int,projekt-base,C:\Coding\AI\projekt\conda_envs\base.yml,
17,C:\Coding\AI\Dataset\!masks_for_training\17,siamese_unet,Siamese U-Net,ok,overlap_pixels,1040400,int,projekt-base,C:\Coding\AI\projekt\conda_envs\base.yml,
17,C:\Coding\AI\Dataset\!masks_for_training\17,siamese_unet,Siamese U-Net,ok,canvas_pixels,1048576,int,projekt-base,C:\Coding\AI\projekt\conda_envs\base.yml,
17,C:\Coding\AI\Dataset\!masks_for_training\17,siamese_unet,Siamese U-Net,ok,overlap_ratio,0.992203,float,projekt-base,C:\Coding\AI\projekt\conda_envs\base.yml,
17,C:\Coding\AI\Dataset\!masks_for_training\17,siamese_unet,Siamese U-Net,ok,change_ratio,0.028644,float,projekt-base,C:\Coding\AI\projekt\conda_envs\base.yml,
17,C:\Coding\AI\Dataset\!masks_for_training\17,siamese_unet,Siamese U-Net,ok,inference_ms,52.905,float,projekt-base,C:\Coding\AI\projekt\conda_envs\base.yml,
17,C:\Coding\AI\Dataset\!masks_for_training\17,siamese_unet,Siamese U-Net,ok,weights_path,,NoneType,projekt-base,C:\Coding\AI\projekt\conda_envs\base.yml,
17,C:\Coding\AI\Dataset\!masks_for_training\17,siamese_unet,Siamese U-Net,ok,dinov2_hint_used,False,bool,projekt-base,C:\Coding\AI\projekt\conda_envs\base.yml,
17,C:\Coding\AI\Dataset\!masks_for_training\17,siamese_unet,Siamese U-Net,ok,segm_gt_pixels,47343,float,projekt-base,C:\Coding\AI\projekt\conda_envs\base.yml,
17,C:\Coding\AI\Dataset\!masks_for_training\17,siamese_unet,Siamese U-Net,ok,segm_pred_pixels,29801,float,projekt-base,C:\Coding\AI\projekt\conda_envs\base.yml,
17,C:\Coding\AI\Dataset\!masks_for_training\17,siamese_unet,Siamese U-Net,ok,segm_intersection_pixels,25070,float,projekt-base,C:\Coding\AI\projekt\conda_envs\base.yml,
17,C:\Coding\AI\Dataset\!masks_for_training\17,siamese_unet,Siamese U-Net,ok,segm_union_pixels,52074,float,projekt-base,C:\Coding\AI\projekt\conda_envs\base.yml,
17,C:\Coding\AI\Dataset\!masks_for_training\17,siamese_unet,Siamese U-Net,ok,segm_iou,0.48143,float,projekt-base,C:\Coding\AI\projekt\conda_envs\base.yml,
17,C:\Coding\AI\Dataset\!masks_for_training\17,siamese_unet,Siamese U-Net,ok,segm_dice,0.649953,float,projekt-base,C:\Coding\AI\projekt\conda_envs\base.yml,
17,C:\Coding\AI\Dataset\!masks_for_training\17,siamese_unet,Siamese U-Net,ok,qty_pixels_ground_truth,47343,float,projekt-base,C:\Coding\AI\projekt\conda_envs\base.yml,
17,C:\Coding\AI\Dataset\!masks_for_training\17,siamese_unet,Siamese U-Net,ok,qty_pixels_predicted,29801,float,projekt-base,C:\Coding\AI\projekt\conda_envs\base.yml,
17,C:\Coding\AI\Dataset\!masks_for_training\17,siamese_unet,Siamese U-Net,ok,qty_pixels_absolute_error,17542,float,projekt-base,C:\Coding\AI\projekt\conda_envs\base.yml,
17,C:\Coding\AI\Dataset\!masks_for_training\17,siamese_unet,Siamese U-Net,ok,qty_pixels_mae,17542,float,projekt-base,C:\Coding\AI\projekt\conda_envs\base.yml,
17,C:\Coding\AI\Dataset\!masks_for_training\17,siamese_unet,Siamese U-Net,ok,qty_pixels_mape,37.053,float,projekt-base,C:\Coding\AI\projekt\conda_envs\base.yml,
17,C:\Coding\AI\Dataset\!masks_for_training\17,siamese_unet,Siamese U-Net,ok,qty_pixels_percentage_error,37.053,float,projekt-base,C:\Coding\AI\projekt\conda_envs\base.yml,
17,C:\Coding\AI\Dataset\!masks_for_training\17,siamese_unet,Siamese U-Net,ok,qty_ratio_ground_truth,0.0451498,float,projekt-base,C:\Coding\AI\projekt\conda_envs\base.yml,
17,C:\Coding\AI\Dataset\!masks_for_training\17,siamese_unet,Siamese U-Net,ok,qty_ratio_predicted,0.0284204,float,projekt-base,C:\Coding\AI\projekt\conda_envs\base.yml,
17,C:\Coding\AI\Dataset\!masks_for_training\17,siamese_unet,Siamese U-Net,ok,qty_ratio_absolute_error,0.0167294,float,projekt-base,C:\Coding\AI\projekt\conda_envs\base.yml,
17,C:\Coding\AI\Dataset\!masks_for_training\17,siamese_unet,Siamese U-Net,ok,qty_ratio_mae,0.0167294,float,projekt-base,C:\Coding\AI\projekt\conda_envs\base.yml,
17,C:\Coding\AI\Dataset\!masks_for_training\17,siamese_unet,Siamese U-Net,ok,qty_ratio_mape,37.053,float,projekt-base,C:\Coding\AI\projekt\conda_envs\base.yml,
17,C:\Coding\AI\Dataset\!masks_for_training\17,siamese_unet,Siamese U-Net,ok,qty_ratio_percentage_error,37.053,float,projekt-base,C:\Coding\AI\projekt\conda_envs\base.yml,
17,C:\Coding\AI\Dataset\!masks_for_training\17,yolov8_seg,YOLOv8-seg,ok,analysis_mode,yolov8_seg_pair,str,projekt-base,C:\Coding\AI\projekt\conda_envs\base.yml,
17,C:\Coding\AI\Dataset\!masks_for_training\17,yolov8_seg,YOLOv8-seg,ok,model_name,C:\Coding\AI\projekt\weights\yolov8m_trash_finetuned.pt,str,projekt-base,C:\Coding\AI\projekt\conda_envs\base.yml,
17,C:\Coding\AI\Dataset\!masks_for_training\17,yolov8_seg,YOLOv8-seg,ok,model_source,C:\Coding\AI\projekt\weights\yolov8m_seg_best_new+fine-tune.pt,str,projekt-base,C:\Coding\AI\projekt\conda_envs\base.yml,
17,C:\Coding\AI\Dataset\!masks_for_training\17,yolov8_seg,YOLOv8-seg,ok,device_requested,auto,str,projekt-base,C:\Coding\AI\projekt\conda_envs\base.yml,
17,C:\Coding\AI\Dataset\!masks_for_training\17,yolov8_seg,YOLOv8-seg,ok,device_used,cuda,str,projekt-base,C:\Coding\AI\projekt\conda_envs\base.yml,
17,C:\Coding\AI\Dataset\!masks_for_training\17,yolov8_seg,YOLOv8-seg,ok,force_cpu,False,bool,projekt-base,C:\Coding\AI\projekt\conda_envs\base.yml,
17,C:\Coding\AI\Dataset\!masks_for_training\17,yolov8_seg,YOLOv8-seg,ok,cuda_available,True,bool,projekt-base,C:\Coding\AI\projekt\conda_envs\base.yml,
17,C:\Coding\AI\Dataset\!masks_for_training\17,yolov8_seg,YOLOv8-seg,ok,image_size,1536,int,projekt-base,C:\Coding\AI\projekt\conda_envs\base.yml,
17,C:\Coding\AI\Dataset\!masks_for_training\17,yolov8_seg,YOLOv8-seg,ok,confidence_threshold,0.35,float,projekt-base,C:\Coding\AI\projekt\conda_envs\base.yml,
17,C:\Coding\AI\Dataset\!masks_for_training\17,yolov8_seg,YOLOv8-seg,ok,iou_threshold,0.4,float,projekt-base,C:\Coding\AI\projekt\conda_envs\base.yml,
17,C:\Coding\AI\Dataset\!masks_for_training\17,yolov8_seg,YOLOv8-seg,ok,tile_inference_mode,auto,str,projekt-base,C:\Coding\AI\projekt\conda_envs\base.yml,
17,C:\Coding\AI\Dataset\!masks_for_training\17,yolov8_seg,YOLOv8-seg,ok,tile_size,640,int,projekt-base,C:\Coding\AI\projekt\conda_envs\base.yml,
17,C:\Coding\AI\Dataset\!masks_for_training\17,yolov8_seg,YOLOv8-seg,ok,tile_overlap_ratio,0.5,float,projekt-base,C:\Coding\AI\projekt\conda_envs\base.yml,
17,C:\Coding\AI\Dataset\!masks_for_training\17,yolov8_seg,YOLOv8-seg,ok,before_tile_count,9,int,projekt-base,C:\Coding\AI\projekt\conda_envs\base.yml,
17,C:\Coding\AI\Dataset\!masks_for_training\17,yolov8_seg,YOLOv8-seg,ok,after_tile_count,9,int,projekt-base,C:\Coding\AI\projekt\conda_envs\base.yml,
17,C:\Coding\AI\Dataset\!masks_for_training\17,yolov8_seg,YOLOv8-seg,ok,selected_class_count,0,int,projekt-base,C:\Coding\AI\projekt\conda_envs\base.yml,
17,C:\Coding\AI\Dataset\!masks_for_training\17,yolov8_seg,YOLOv8-seg,ok,selected_class_ids,[],list,projekt-base,C:\Coding\AI\projekt\conda_envs\base.yml,
17,C:\Coding\AI\Dataset\!masks_for_training\17,yolov8_seg,YOLOv8-seg,ok,taco_dataset_root,C:\Coding\AI\projekt\datasets\TACO,str,projekt-base,C:\Coding\AI\projekt\conda_envs\base.yml,
17,C:\Coding\AI\Dataset\!masks_for_training\17,yolov8_seg,YOLOv8-seg,ok,taco_annotations_path,C:\Coding\AI\projekt\datasets\TACO\data\annotations.json,str,projekt-base,C:\Coding\AI\projekt\conda_envs\base.yml,
17,C:\Coding\AI\Dataset\!masks_for_training\17,yolov8_seg,YOLOv8-seg,ok,taco_export_root,C:\Coding\AI\projekt\datasets\TACO\yolo_seg,str,projekt-base,C:\Coding\AI\projekt\conda_envs\base.yml,
17,C:\Coding\AI\Dataset\!masks_for_training\17,yolov8_seg,YOLOv8-seg,ok,taco_data_yaml,C:\Coding\AI\projekt\datasets\TACO\yolo_seg\data.yaml,str,projekt-base,C:\Coding\AI\projekt\conda_envs\base.yml,
17,C:\Coding\AI\Dataset\!masks_for_training\17,yolov8_seg,YOLOv8-seg,ok,taco_source_images,1500,int,projekt-base,C:\Coding\AI\projekt\conda_envs\base.yml,
17,C:\Coding\AI\Dataset\!masks_for_training\17,yolov8_seg,YOLOv8-seg,ok,taco_exported_images,1500,int,projekt-base,C:\Coding\AI\projekt\conda_envs\base.yml,
17,C:\Coding\AI\Dataset\!masks_for_training\17,yolov8_seg,YOLOv8-seg,ok,taco_exported_labels,1500,int,projekt-base,C:\Coding\AI\projekt\conda_envs\base.yml,
17,C:\Coding\AI\Dataset\!masks_for_training\17,yolov8_seg,YOLOv8-seg,ok,taco_skipped_missing_images,0,int,projekt-base,C:\Coding\AI\projekt\conda_envs\base.yml,
17,C:\Coding\AI\Dataset\!masks_for_training\17,yolov8_seg,YOLOv8-seg,ok,taco_skipped_invalid_polygons,0,int,projekt-base,C:\Coding\AI\projekt\conda_envs\base.yml,
17,C:\Coding\AI\Dataset\!masks_for_training\17,yolov8_seg,YOLOv8-seg,ok,before_instance_count,0,int,projekt-base,C:\Coding\AI\projekt\conda_envs\base.yml,
17,C:\Coding\AI\Dataset\!masks_for_training\17,yolov8_seg,YOLOv8-seg,ok,after_instance_count,0,int,projekt-base,C:\Coding\AI\projekt\conda_envs\base.yml,
17,C:\Coding\AI\Dataset\!masks_for_training\17,yolov8_seg,YOLOv8-seg,ok,instance_count_total,0,int,projekt-base,C:\Coding\AI\projekt\conda_envs\base.yml,
17,C:\Coding\AI\Dataset\!masks_for_training\17,yolov8_seg,YOLOv8-seg,ok,before_mask_area_px,0,int,projekt-base,C:\Coding\AI\projekt\conda_envs\base.yml,
17,C:\Coding\AI\Dataset\!masks_for_training\17,yolov8_seg,YOLOv8-seg,ok,after_mask_area_px,0,int,projekt-base,C:\Coding\AI\projekt\conda_envs\base.yml,
17,C:\Coding\AI\Dataset\!masks_for_training\17,yolov8_seg,YOLOv8-seg,ok,before_mask_area_ratio,0,float,projekt-base,C:\Coding\AI\projekt\conda_envs\base.yml,
17,C:\Coding\AI\Dataset\!masks_for_training\17,yolov8_seg,YOLOv8-seg,ok,after_mask_area_ratio,0,float,projekt-base,C:\Coding\AI\projekt\conda_envs\base.yml,
17,C:\Coding\AI\Dataset\!masks_for_training\17,yolov8_seg,YOLOv8-seg,ok,mask_area_delta_px,0,int,projekt-base,C:\Coding\AI\projekt\conda_envs\base.yml,
17,C:\Coding\AI\Dataset\!masks_for_training\17,yolov8_seg,YOLOv8-seg,ok,mask_area_delta_ratio,0,float,projekt-base,C:\Coding\AI\projekt\conda_envs\base.yml,
17,C:\Coding\AI\Dataset\!masks_for_training\17,yolov8_seg,YOLOv8-seg,ok,before_bbox_area_px,0,int,projekt-base,C:\Coding\AI\projekt\conda_envs\base.yml,
17,C:\Coding\AI\Dataset\!masks_for_training\17,yolov8_seg,YOLOv8-seg,ok,after_bbox_area_px,0,int,projekt-base,C:\Coding\AI\projekt\conda_envs\base.yml,
17,C:\Coding\AI\Dataset\!masks_for_training\17,yolov8_seg,YOLOv8-seg,ok,before_mean_confidence,0,float,projekt-base,C:\Coding\AI\projekt\conda_envs\base.yml,
17,C:\Coding\AI\Dataset\!masks_for_training\17,yolov8_seg,YOLOv8-seg,ok,after_mean_confidence,0,float,projekt-base,C:\Coding\AI\projekt\conda_envs\base.yml,
17,C:\Coding\AI\Dataset\!masks_for_training\17,yolov8_seg,YOLOv8-seg,ok,before_inference_ms,272.235,float,projekt-base,C:\Coding\AI\projekt\conda_envs\base.yml,
17,C:\Coding\AI\Dataset\!masks_for_training\17,yolov8_seg,YOLOv8-seg,ok,after_inference_ms,222.548,float,projekt-base,C:\Coding\AI\projekt\conda_envs\base.yml,
17,C:\Coding\AI\Dataset\!masks_for_training\17,yolov8_seg,YOLOv8-seg,ok,inference_ms_total,494.783,float,projekt-base,C:\Coding\AI\projekt\conda_envs\base.yml,
18,C:\Coding\AI\Dataset\!masks_for_training\18,changeformer,ChangeFormer,error,,,,projekt-base,C:\Coding\AI\projekt\conda_envs\base.yml,"ValueError: operands could not be broadcast together with shapes (4032,3024,1) (4032,3024) "
18,C:\Coding\AI\Dataset\!masks_for_training\18,efficientnet,EfficientNet,ok,analysis_mode,efficientnet_cls_pair,str,projekt-base,C:\Coding\AI\projekt\conda_envs\base.yml,
18,C:\Coding\AI\Dataset\!masks_for_training\18,efficientnet,EfficientNet,ok,inference_mode,heuristic_fallback,str,projekt-base,C:\Coding\AI\projekt\conda_envs\base.yml,
18,C:\Coding\AI\Dataset\!masks_for_training\18,efficientnet,EfficientNet,ok,model_name,efficientnet_b0,str,projekt-base,C:\Coding\AI\projekt\conda_envs\base.yml,
18,C:\Coding\AI\Dataset\!masks_for_training\18,efficientnet,EfficientNet,ok,model_source,None,str,projekt-base,C:\Coding\AI\projekt\conda_envs\base.yml,
18,C:\Coding\AI\Dataset\!masks_for_training\18,efficientnet,EfficientNet,ok,weights_path,C:\Coding\AI\projekt\weights\efficientnet_best.pt,str,projekt-base,C:\Coding\AI\projekt\conda_envs\base.yml,
18,C:\Coding\AI\Dataset\!masks_for_training\18,efficientnet,EfficientNet,ok,device_requested,auto,str,projekt-base,C:\Coding\AI\projekt\conda_envs\base.yml,
18,C:\Coding\AI\Dataset\!masks_for_training\18,efficientnet,EfficientNet,ok,device_used,cpu,str,projekt-base,C:\Coding\AI\projekt\conda_envs\base.yml,
18,C:\Coding\AI\Dataset\!masks_for_training\18,efficientnet,EfficientNet,ok,force_cpu,False,bool,projekt-base,C:\Coding\AI\projekt\conda_envs\base.yml,
18,C:\Coding\AI\Dataset\!masks_for_training\18,efficientnet,EfficientNet,ok,cuda_available,True,bool,projekt-base,C:\Coding\AI\projekt\conda_envs\base.yml,
18,C:\Coding\AI\Dataset\!masks_for_training\18,efficientnet,EfficientNet,ok,input_size,224,int,projekt-base,C:\Coding\AI\projekt\conda_envs\base.yml,
18,C:\Coding\AI\Dataset\!masks_for_training\18,efficientnet,EfficientNet,ok,dirty_threshold,0.42,float,projekt-base,C:\Coding\AI\projekt\conda_envs\base.yml,
18,C:\Coding\AI\Dataset\!masks_for_training\18,efficientnet,EfficientNet,ok,dirty_keyword_classes,2,int,projekt-base,C:\Coding\AI\projekt\conda_envs\base.yml,
18,C:\Coding\AI\Dataset\!masks_for_training\18,efficientnet,EfficientNet,ok,before_crop_count,6,int,projekt-base,C:\Coding\AI\projekt\conda_envs\base.yml,
18,C:\Coding\AI\Dataset\!masks_for_training\18,efficientnet,EfficientNet,ok,after_crop_count,6,int,projekt-base,C:\Coding\AI\projekt\conda_envs\base.yml,
18,C:\Coding\AI\Dataset\!masks_for_training\18,efficientnet,EfficientNet,ok,before_crop_dirty_prob_mean,0.589373,float,projekt-base,C:\Coding\AI\projekt\conda_envs\base.yml,
18,C:\Coding\AI\Dataset\!masks_for_training\18,efficientnet,EfficientNet,ok,after_crop_dirty_prob_mean,0.596699,float,projekt-base,C:\Coding\AI\projekt\conda_envs\base.yml,
18,C:\Coding\AI\Dataset\!masks_for_training\18,efficientnet,EfficientNet,ok,before_crop_dirty_prob_max,0.708377,float,projekt-base,C:\Coding\AI\projekt\conda_envs\base.yml,
18,C:\Coding\AI\Dataset\!masks_for_training\18,efficientnet,EfficientNet,ok,after_crop_dirty_prob_max,0.714291,float,projekt-base,C:\Coding\AI\projekt\conda_envs\base.yml,
18,C:\Coding\AI\Dataset\!masks_for_training\18,efficientnet,EfficientNet,ok,before_crop_support_ratio,0.833333,float,projekt-base,C:\Coding\AI\projekt\conda_envs\base.yml,
18,C:\Coding\AI\Dataset\!masks_for_training\18,efficientnet,EfficientNet,ok,after_crop_support_ratio,1,float,projekt-base,C:\Coding\AI\projekt\conda_envs\base.yml,
18,C:\Coding\AI\Dataset\!masks_for_training\18,efficientnet,EfficientNet,ok,before_dirty_prob,0.675056,float,projekt-base,C:\Coding\AI\projekt\conda_envs\base.yml,
18,C:\Coding\AI\Dataset\!masks_for_training\18,efficientnet,EfficientNet,ok,after_dirty_prob,0.681366,float,projekt-base,C:\Coding\AI\projekt\conda_envs\base.yml,
18,C:\Coding\AI\Dataset\!masks_for_training\18,efficientnet,EfficientNet,ok,before_clean_prob,0.324944,float,projekt-base,C:\Coding\AI\projekt\conda_envs\base.yml,
18,C:\Coding\AI\Dataset\!masks_for_training\18,efficientnet,EfficientNet,ok,after_clean_prob,0.318634,float,projekt-base,C:\Coding\AI\projekt\conda_envs\base.yml,
18,C:\Coding\AI\Dataset\!masks_for_training\18,efficientnet,EfficientNet,ok,cleanup_delta,-0.006309,float,projekt-base,C:\Coding\AI\projekt\conda_envs\base.yml,
18,C:\Coding\AI\Dataset\!masks_for_training\18,efficientnet,EfficientNet,ok,cleanup_score,0,float,projekt-base,C:\Coding\AI\projekt\conda_envs\base.yml,
18,C:\Coding\AI\Dataset\!masks_for_training\18,efficientnet,EfficientNet,ok,dirty_prob_delta,0.006309,float,projekt-base,C:\Coding\AI\projekt\conda_envs\base.yml,
18,C:\Coding\AI\Dataset\!masks_for_training\18,efficientnet,EfficientNet,ok,dirty_prob_abs_delta,0.006309,float,projekt-base,C:\Coding\AI\projekt\conda_envs\base.yml,
18,C:\Coding\AI\Dataset\!masks_for_training\18,efficientnet,EfficientNet,ok,before_pred_label,dirty,str,projekt-base,C:\Coding\AI\projekt\conda_envs\base.yml,
18,C:\Coding\AI\Dataset\!masks_for_training\18,efficientnet,EfficientNet,ok,after_pred_label,dirty,str,projekt-base,C:\Coding\AI\projekt\conda_envs\base.yml,
18,C:\Coding\AI\Dataset\!masks_for_training\18,efficientnet,EfficientNet,ok,before_top1_label,dirty,str,projekt-base,C:\Coding\AI\projekt\conda_envs\base.yml,
18,C:\Coding\AI\Dataset\!masks_for_training\18,efficientnet,EfficientNet,ok,after_top1_label,dirty,str,projekt-base,C:\Coding\AI\projekt\conda_envs\base.yml,
18,C:\Coding\AI\Dataset\!masks_for_training\18,efficientnet,EfficientNet,ok,before_top1_prob,0.708377,float,projekt-base,C:\Coding\AI\projekt\conda_envs\base.yml,
18,C:\Coding\AI\Dataset\!masks_for_training\18,efficientnet,EfficientNet,ok,after_top1_prob,0.714291,float,projekt-base,C:\Coding\AI\projekt\conda_envs\base.yml,
18,C:\Coding\AI\Dataset\!masks_for_training\18,efficientnet,EfficientNet,ok,before_entropy_norm,0.944922,float,projekt-base,C:\Coding\AI\projekt\conda_envs\base.yml,
18,C:\Coding\AI\Dataset\!masks_for_training\18,efficientnet,EfficientNet,ok,after_entropy_norm,0.939963,float,projekt-base,C:\Coding\AI\projekt\conda_envs\base.yml,
18,C:\Coding\AI\Dataset\!masks_for_training\18,efficientnet,EfficientNet,ok,before_inference_ms,0,float,projekt-base,C:\Coding\AI\projekt\conda_envs\base.yml,
18,C:\Coding\AI\Dataset\!masks_for_training\18,efficientnet,EfficientNet,ok,after_inference_ms,0,float,projekt-base,C:\Coding\AI\projekt\conda_envs\base.yml,
18,C:\Coding\AI\Dataset\!masks_for_training\18,efficientnet,EfficientNet,ok,inference_ms_total,0,float,projekt-base,C:\Coding\AI\projekt\conda_envs\base.yml,
18,C:\Coding\AI\Dataset\!masks_for_training\18,sift_ransac,SIFT + RANSAC + difference map,error,,,,projekt-base,C:\Coding\AI\projekt\conda_envs\base.yml,"ValueError: operands could not be broadcast together with shapes (4032,3024,1) (4032,3024) "
18,C:\Coding\AI\Dataset\!masks_for_training\18,siamese_unet,Siamese U-Net,error,,,,projekt-base,C:\Coding\AI\projekt\conda_envs\base.yml,"ValueError: operands could not be broadcast together with shapes (4032,3024,1) (4032,3024) "
18,C:\Coding\AI\Dataset\!masks_for_training\18,yolov8_seg,YOLOv8-seg,ok,analysis_mode,yolov8_seg_pair,str,projekt-base,C:\Coding\AI\projekt\conda_envs\base.yml,
18,C:\Coding\AI\Dataset\!masks_for_training\18,yolov8_seg,YOLOv8-seg,ok,model_name,C:\Coding\AI\projekt\weights\yolov8m_trash_finetuned.pt,str,projekt-base,C:\Coding\AI\projekt\conda_envs\base.yml,
18,C:\Coding\AI\Dataset\!masks_for_training\18,yolov8_seg,YOLOv8-seg,ok,model_source,C:\Coding\AI\projekt\weights\yolov8m_seg_best_new+fine-tune.pt,str,projekt-base,C:\Coding\AI\projekt\conda_envs\base.yml,
18,C:\Coding\AI\Dataset\!masks_for_training\18,yolov8_seg,YOLOv8-seg,ok,device_requested,auto,str,projekt-base,C:\Coding\AI\projekt\conda_envs\base.yml,
18,C:\Coding\AI\Dataset\!masks_for_training\18,yolov8_seg,YOLOv8-seg,ok,device_used,cuda,str,projekt-base,C:\Coding\AI\projekt\conda_envs\base.yml,
18,C:\Coding\AI\Dataset\!masks_for_training\18,yolov8_seg,YOLOv8-seg,ok,force_cpu,False,bool,projekt-base,C:\Coding\AI\projekt\conda_envs\base.yml,
18,C:\Coding\AI\Dataset\!masks_for_training\18,yolov8_seg,YOLOv8-seg,ok,cuda_available,True,bool,projekt-base,C:\Coding\AI\projekt\conda_envs\base.yml,
18,C:\Coding\AI\Dataset\!masks_for_training\18,yolov8_seg,YOLOv8-seg,ok,image_size,1536,int,projekt-base,C:\Coding\AI\projekt\conda_envs\base.yml,
18,C:\Coding\AI\Dataset\!masks_for_training\18,yolov8_seg,YOLOv8-seg,ok,confidence_threshold,0.35,float,projekt-base,C:\Coding\AI\projekt\conda_envs\base.yml,
18,C:\Coding\AI\Dataset\!masks_for_training\18,yolov8_seg,YOLOv8-seg,ok,iou_threshold,0.4,float,projekt-base,C:\Coding\AI\projekt\conda_envs\base.yml,
18,C:\Coding\AI\Dataset\!masks_for_training\18,yolov8_seg,YOLOv8-seg,ok,tile_inference_mode,auto,str,projekt-base,C:\Coding\AI\projekt\conda_envs\base.yml,
18,C:\Coding\AI\Dataset\!masks_for_training\18,yolov8_seg,YOLOv8-seg,ok,tile_size,640,int,projekt-base,C:\Coding\AI\projekt\conda_envs\base.yml,
18,C:\Coding\AI\Dataset\!masks_for_training\18,yolov8_seg,YOLOv8-seg,ok,tile_overlap_ratio,0.5,float,projekt-base,C:\Coding\AI\projekt\conda_envs\base.yml,
18,C:\Coding\AI\Dataset\!masks_for_training\18,yolov8_seg,YOLOv8-seg,ok,before_tile_count,108,int,projekt-base,C:\Coding\AI\projekt\conda_envs\base.yml,
18,C:\Coding\AI\Dataset\!masks_for_training\18,yolov8_seg,YOLOv8-seg,ok,after_tile_count,108,int,projekt-base,C:\Coding\AI\projekt\conda_envs\base.yml,
18,C:\Coding\AI\Dataset\!masks_for_training\18,yolov8_seg,YOLOv8-seg,ok,selected_class_count,0,int,projekt-base,C:\Coding\AI\projekt\conda_envs\base.yml,
18,C:\Coding\AI\Dataset\!masks_for_training\18,yolov8_seg,YOLOv8-seg,ok,selected_class_ids,[],list,projekt-base,C:\Coding\AI\projekt\conda_envs\base.yml,
18,C:\Coding\AI\Dataset\!masks_for_training\18,yolov8_seg,YOLOv8-seg,ok,taco_dataset_root,C:\Coding\AI\projekt\datasets\TACO,str,projekt-base,C:\Coding\AI\projekt\conda_envs\base.yml,
18,C:\Coding\AI\Dataset\!masks_for_training\18,yolov8_seg,YOLOv8-seg,ok,taco_annotations_path,C:\Coding\AI\projekt\datasets\TACO\data\annotations.json,str,projekt-base,C:\Coding\AI\projekt\conda_envs\base.yml,
18,C:\Coding\AI\Dataset\!masks_for_training\18,yolov8_seg,YOLOv8-seg,ok,taco_export_root,C:\Coding\AI\projekt\datasets\TACO\yolo_seg,str,projekt-base,C:\Coding\AI\projekt\conda_envs\base.yml,
18,C:\Coding\AI\Dataset\!masks_for_training\18,yolov8_seg,YOLOv8-seg,ok,taco_data_yaml,C:\Coding\AI\projekt\datasets\TACO\yolo_seg\data.yaml,str,projekt-base,C:\Coding\AI\projekt\conda_envs\base.yml,
18,C:\Coding\AI\Dataset\!masks_for_training\18,yolov8_seg,YOLOv8-seg,ok,taco_source_images,1500,int,projekt-base,C:\Coding\AI\projekt\conda_envs\base.yml,
18,C:\Coding\AI\Dataset\!masks_for_training\18,yolov8_seg,YOLOv8-seg,ok,taco_exported_images,1500,int,projekt-base,C:\Coding\AI\projekt\conda_envs\base.yml,
18,C:\Coding\AI\Dataset\!masks_for_training\18,yolov8_seg,YOLOv8-seg,ok,taco_exported_labels,1500,int,projekt-base,C:\Coding\AI\projekt\conda_envs\base.yml,
18,C:\Coding\AI\Dataset\!masks_for_training\18,yolov8_seg,YOLOv8-seg,ok,taco_skipped_missing_images,0,int,projekt-base,C:\Coding\AI\projekt\conda_envs\base.yml,
18,C:\Coding\AI\Dataset\!masks_for_training\18,yolov8_seg,YOLOv8-seg,ok,taco_skipped_invalid_polygons,0,int,projekt-base,C:\Coding\AI\projekt\conda_envs\base.yml,
18,C:\Coding\AI\Dataset\!masks_for_training\18,yolov8_seg,YOLOv8-seg,ok,before_instance_count,78,int,projekt-base,C:\Coding\AI\projekt\conda_envs\base.yml,
18,C:\Coding\AI\Dataset\!masks_for_training\18,yolov8_seg,YOLOv8-seg,ok,after_instance_count,39,int,projekt-base,C:\Coding\AI\projekt\conda_envs\base.yml,
18,C:\Coding\AI\Dataset\!masks_for_training\18,yolov8_seg,YOLOv8-seg,ok,instance_count_total,117,int,projekt-base,C:\Coding\AI\projekt\conda_envs\base.yml,
18,C:\Coding\AI\Dataset\!masks_for_training\18,yolov8_seg,YOLOv8-seg,ok,before_mask_area_px,88842,int,projekt-base,C:\Coding\AI\projekt\conda_envs\base.yml,
18,C:\Coding\AI\Dataset\!masks_for_training\18,yolov8_seg,YOLOv8-seg,ok,after_mask_area_px,23553,int,projekt-base,C:\Coding\AI\projekt\conda_envs\base.yml,
18,C:\Coding\AI\Dataset\!masks_for_training\18,yolov8_seg,YOLOv8-seg,ok,before_mask_area_ratio,0.007286,float,projekt-base,C:\Coding\AI\projekt\conda_envs\base.yml,
18,C:\Coding\AI\Dataset\!masks_for_training\18,yolov8_seg,YOLOv8-seg,ok,after_mask_area_ratio,0.001932,float,projekt-base,C:\Coding\AI\projekt\conda_envs\base.yml,
18,C:\Coding\AI\Dataset\!masks_for_training\18,yolov8_seg,YOLOv8-seg,ok,mask_area_delta_px,-65289,int,projekt-base,C:\Coding\AI\projekt\conda_envs\base.yml,
18,C:\Coding\AI\Dataset\!masks_for_training\18,yolov8_seg,YOLOv8-seg,ok,mask_area_delta_ratio,-0.005355,float,projekt-base,C:\Coding\AI\projekt\conda_envs\base.yml,
18,C:\Coding\AI\Dataset\!masks_for_training\18,yolov8_seg,YOLOv8-seg,ok,before_bbox_area_px,169727,int,projekt-base,C:\Coding\AI\projekt\conda_envs\base.yml,
18,C:\Coding\AI\Dataset\!masks_for_training\18,yolov8_seg,YOLOv8-seg,ok,after_bbox_area_px,47225,int,projekt-base,C:\Coding\AI\projekt\conda_envs\base.yml,
18,C:\Coding\AI\Dataset\!masks_for_training\18,yolov8_seg,YOLOv8-seg,ok,before_mean_confidence,0.511726,float,projekt-base,C:\Coding\AI\projekt\conda_envs\base.yml,
18,C:\Coding\AI\Dataset\!masks_for_training\18,yolov8_seg,YOLOv8-seg,ok,after_mean_confidence,0.508701,float,projekt-base,C:\Coding\AI\projekt\conda_envs\base.yml,
18,C:\Coding\AI\Dataset\!masks_for_training\18,yolov8_seg,YOLOv8-seg,ok,before_inference_ms,7776.22,float,projekt-base,C:\Coding\AI\projekt\conda_envs\base.yml,
18,C:\Coding\AI\Dataset\!masks_for_training\18,yolov8_seg,YOLOv8-seg,ok,after_inference_ms,4353.07,float,projekt-base,C:\Coding\AI\projekt\conda_envs\base.yml,
18,C:\Coding\AI\Dataset\!masks_for_training\18,yolov8_seg,YOLOv8-seg,ok,inference_ms_total,12129.3,float,projekt-base,C:\Coding\AI\projekt\conda_envs\base.yml,
19,C:\Coding\AI\Dataset\!masks_for_training\19,changeformer,ChangeFormer,error,,,,projekt-base,C:\Coding\AI\projekt\conda_envs\base.yml,"ValueError: operands could not be broadcast together with shapes (4032,3024,1) (4032,3024) "
19,C:\Coding\AI\Dataset\!masks_for_training\19,efficientnet,EfficientNet,ok,analysis_mode,efficientnet_cls_pair,str,projekt-base,C:\Coding\AI\projekt\conda_envs\base.yml,
19,C:\Coding\AI\Dataset\!masks_for_training\19,efficientnet,EfficientNet,ok,inference_mode,heuristic_fallback,str,projekt-base,C:\Coding\AI\projekt\conda_envs\base.yml,
19,C:\Coding\AI\Dataset\!masks_for_training\19,efficientnet,EfficientNet,ok,model_name,efficientnet_b0,str,projekt-base,C:\Coding\AI\projekt\conda_envs\base.yml,
19,C:\Coding\AI\Dataset\!masks_for_training\19,efficientnet,EfficientNet,ok,model_source,None,str,projekt-base,C:\Coding\AI\projekt\conda_envs\base.yml,
19,C:\Coding\AI\Dataset\!masks_for_training\19,efficientnet,EfficientNet,ok,weights_path,C:\Coding\AI\projekt\weights\efficientnet_best.pt,str,projekt-base,C:\Coding\AI\projekt\conda_envs\base.yml,
19,C:\Coding\AI\Dataset\!masks_for_training\19,efficientnet,EfficientNet,ok,device_requested,auto,str,projekt-base,C:\Coding\AI\projekt\conda_envs\base.yml,
19,C:\Coding\AI\Dataset\!masks_for_training\19,efficientnet,EfficientNet,ok,device_used,cpu,str,projekt-base,C:\Coding\AI\projekt\conda_envs\base.yml,
19,C:\Coding\AI\Dataset\!masks_for_training\19,efficientnet,EfficientNet,ok,force_cpu,False,bool,projekt-base,C:\Coding\AI\projekt\conda_envs\base.yml,
19,C:\Coding\AI\Dataset\!masks_for_training\19,efficientnet,EfficientNet,ok,cuda_available,True,bool,projekt-base,C:\Coding\AI\projekt\conda_envs\base.yml,
19,C:\Coding\AI\Dataset\!masks_for_training\19,efficientnet,EfficientNet,ok,input_size,224,int,projekt-base,C:\Coding\AI\projekt\conda_envs\base.yml,
19,C:\Coding\AI\Dataset\!masks_for_training\19,efficientnet,EfficientNet,ok,dirty_threshold,0.42,float,projekt-base,C:\Coding\AI\projekt\conda_envs\base.yml,
19,C:\Coding\AI\Dataset\!masks_for_training\19,efficientnet,EfficientNet,ok,dirty_keyword_classes,2,int,projekt-base,C:\Coding\AI\projekt\conda_envs\base.yml,
19,C:\Coding\AI\Dataset\!masks_for_training\19,efficientnet,EfficientNet,ok,before_crop_count,6,int,projekt-base,C:\Coding\AI\projekt\conda_envs\base.yml,
19,C:\Coding\AI\Dataset\!masks_for_training\19,efficientnet,EfficientNet,ok,after_crop_count,6,int,projekt-base,C:\Coding\AI\projekt\conda_envs\base.yml,
19,C:\Coding\AI\Dataset\!masks_for_training\19,efficientnet,EfficientNet,ok,before_crop_dirty_prob_mean,0.317938,float,projekt-base,C:\Coding\AI\projekt\conda_envs\base.yml,
19,C:\Coding\AI\Dataset\!masks_for_training\19,efficientnet,EfficientNet,ok,after_crop_dirty_prob_mean,0.338924,float,projekt-base,C:\Coding\AI\projekt\conda_envs\base.yml,
19,C:\Coding\AI\Dataset\!masks_for_training\19,efficientnet,EfficientNet,ok,before_crop_dirty_prob_max,0.355664,float,projekt-base,C:\Coding\AI\projekt\conda_envs\base.yml,
19,C:\Coding\AI\Dataset\!masks_for_training\19,efficientnet,EfficientNet,ok,after_crop_dirty_prob_max,0.356685,float,projekt-base,C:\Coding\AI\projekt\conda_envs\base.yml,
19,C:\Coding\AI\Dataset\!masks_for_training\19,efficientnet,EfficientNet,ok,before_crop_support_ratio,0,float,projekt-base,C:\Coding\AI\projekt\conda_envs\base.yml,
19,C:\Coding\AI\Dataset\!masks_for_training\19,efficientnet,EfficientNet,ok,after_crop_support_ratio,0,float,projekt-base,C:\Coding\AI\projekt\conda_envs\base.yml,
19,C:\Coding\AI\Dataset\!masks_for_training\19,efficientnet,EfficientNet,ok,before_dirty_prob,0.3451,float,projekt-base,C:\Coding\AI\projekt\conda_envs\base.yml,
19,C:\Coding\AI\Dataset\!masks_for_training\19,efficientnet,EfficientNet,ok,after_dirty_prob,0.351711,float,projekt-base,C:\Coding\AI\projekt\conda_envs\base.yml,
19,C:\Coding\AI\Dataset\!masks_for_training\19,efficientnet,EfficientNet,ok,before_clean_prob,0.6549,float,projekt-base,C:\Coding\AI\projekt\conda_envs\base.yml,
19,C:\Coding\AI\Dataset\!masks_for_training\19,efficientnet,EfficientNet,ok,after_clean_prob,0.648289,float,projekt-base,C:\Coding\AI\projekt\conda_envs\base.yml,
19,C:\Coding\AI\Dataset\!masks_for_training\19,efficientnet,EfficientNet,ok,cleanup_delta,-0.006611,float,projekt-base,C:\Coding\AI\projekt\conda_envs\base.yml,
19,C:\Coding\AI\Dataset\!masks_for_training\19,efficientnet,EfficientNet,ok,cleanup_score,0,float,projekt-base,C:\Coding\AI\projekt\conda_envs\base.yml,
19,C:\Coding\AI\Dataset\!masks_for_training\19,efficientnet,EfficientNet,ok,dirty_prob_delta,0.006611,float,projekt-base,C:\Coding\AI\projekt\conda_envs\base.yml,
19,C:\Coding\AI\Dataset\!masks_for_training\19,efficientnet,EfficientNet,ok,dirty_prob_abs_delta,0.006611,float,projekt-base,C:\Coding\AI\projekt\conda_envs\base.yml,
19,C:\Coding\AI\Dataset\!masks_for_training\19,efficientnet,EfficientNet,ok,before_pred_label,clean,str,projekt-base,C:\Coding\AI\projekt\conda_envs\base.yml,
19,C:\Coding\AI\Dataset\!masks_for_training\19,efficientnet,EfficientNet,ok,after_pred_label,clean,str,projekt-base,C:\Coding\AI\projekt\conda_envs\base.yml,
19,C:\Coding\AI\Dataset\!masks_for_training\19,efficientnet,EfficientNet,ok,before_top1_label,clean,str,projekt-base,C:\Coding\AI\projekt\conda_envs\base.yml,
19,C:\Coding\AI\Dataset\!masks_for_training\19,efficientnet,EfficientNet,ok,after_top1_label,clean,str,projekt-base,C:\Coding\AI\projekt\conda_envs\base.yml,
19,C:\Coding\AI\Dataset\!masks_for_training\19,efficientnet,EfficientNet,ok,before_top1_prob,0.716898,float,projekt-base,C:\Coding\AI\projekt\conda_envs\base.yml,
19,C:\Coding\AI\Dataset\!masks_for_training\19,efficientnet,EfficientNet,ok,after_top1_prob,0.684702,float,projekt-base,C:\Coding\AI\projekt\conda_envs\base.yml,
19,C:\Coding\AI\Dataset\!masks_for_training\19,efficientnet,EfficientNet,ok,before_entropy_norm,0.900011,float,projekt-base,C:\Coding\AI\projekt\conda_envs\base.yml,
19,C:\Coding\AI\Dataset\!masks_for_training\19,efficientnet,EfficientNet,ok,after_entropy_norm,0.923218,float,projekt-base,C:\Coding\AI\projekt\conda_envs\base.yml,
19,C:\Coding\AI\Dataset\!masks_for_training\19,efficientnet,EfficientNet,ok,before_inference_ms,0,float,projekt-base,C:\Coding\AI\projekt\conda_envs\base.yml,
19,C:\Coding\AI\Dataset\!masks_for_training\19,efficientnet,EfficientNet,ok,after_inference_ms,0,float,projekt-base,C:\Coding\AI\projekt\conda_envs\base.yml,
19,C:\Coding\AI\Dataset\!masks_for_training\19,efficientnet,EfficientNet,ok,inference_ms_total,0,float,projekt-base,C:\Coding\AI\projekt\conda_envs\base.yml,
19,C:\Coding\AI\Dataset\!masks_for_training\19,sift_ransac,SIFT + RANSAC + difference map,error,,,,projekt-base,C:\Coding\AI\projekt\conda_envs\base.yml,"ValueError: operands could not be broadcast together with shapes (4032,3024,1) (4032,3024) "
19,C:\Coding\AI\Dataset\!masks_for_training\19,siamese_unet,Siamese U-Net,error,,,,projekt-base,C:\Coding\AI\projekt\conda_envs\base.yml,"ValueError: operands could not be broadcast together with shapes (4032,3024,1) (4032,3024) "
19,C:\Coding\AI\Dataset\!masks_for_training\19,yolov8_seg,YOLOv8-seg,ok,analysis_mode,yolov8_seg_pair,str,projekt-base,C:\Coding\AI\projekt\conda_envs\base.yml,
19,C:\Coding\AI\Dataset\!masks_for_training\19,yolov8_seg,YOLOv8-seg,ok,model_name,C:\Coding\AI\projekt\weights\yolov8m_trash_finetuned.pt,str,projekt-base,C:\Coding\AI\projekt\conda_envs\base.yml,
19,C:\Coding\AI\Dataset\!masks_for_training\19,yolov8_seg,YOLOv8-seg,ok,model_source,C:\Coding\AI\projekt\weights\yolov8m_seg_best_new+fine-tune.pt,str,projekt-base,C:\Coding\AI\projekt\conda_envs\base.yml,
19,C:\Coding\AI\Dataset\!masks_for_training\19,yolov8_seg,YOLOv8-seg,ok,device_requested,auto,str,projekt-base,C:\Coding\AI\projekt\conda_envs\base.yml,
19,C:\Coding\AI\Dataset\!masks_for_training\19,yolov8_seg,YOLOv8-seg,ok,device_used,cuda,str,projekt-base,C:\Coding\AI\projekt\conda_envs\base.yml,
19,C:\Coding\AI\Dataset\!masks_for_training\19,yolov8_seg,YOLOv8-seg,ok,force_cpu,False,bool,projekt-base,C:\Coding\AI\projekt\conda_envs\base.yml,
19,C:\Coding\AI\Dataset\!masks_for_training\19,yolov8_seg,YOLOv8-seg,ok,cuda_available,True,bool,projekt-base,C:\Coding\AI\projekt\conda_envs\base.yml,
19,C:\Coding\AI\Dataset\!masks_for_training\19,yolov8_seg,YOLOv8-seg,ok,image_size,1536,int,projekt-base,C:\Coding\AI\projekt\conda_envs\base.yml,
19,C:\Coding\AI\Dataset\!masks_for_training\19,yolov8_seg,YOLOv8-seg,ok,confidence_threshold,0.35,float,projekt-base,C:\Coding\AI\projekt\conda_envs\base.yml,
19,C:\Coding\AI\Dataset\!masks_for_training\19,yolov8_seg,YOLOv8-seg,ok,iou_threshold,0.4,float,projekt-base,C:\Coding\AI\projekt\conda_envs\base.yml,
19,C:\Coding\AI\Dataset\!masks_for_training\19,yolov8_seg,YOLOv8-seg,ok,tile_inference_mode,auto,str,projekt-base,C:\Coding\AI\projekt\conda_envs\base.yml,
19,C:\Coding\AI\Dataset\!masks_for_training\19,yolov8_seg,YOLOv8-seg,ok,tile_size,640,int,projekt-base,C:\Coding\AI\projekt\conda_envs\base.yml,
19,C:\Coding\AI\Dataset\!masks_for_training\19,yolov8_seg,YOLOv8-seg,ok,tile_overlap_ratio,0.5,float,projekt-base,C:\Coding\AI\projekt\conda_envs\base.yml,
19,C:\Coding\AI\Dataset\!masks_for_training\19,yolov8_seg,YOLOv8-seg,ok,before_tile_count,108,int,projekt-base,C:\Coding\AI\projekt\conda_envs\base.yml,
19,C:\Coding\AI\Dataset\!masks_for_training\19,yolov8_seg,YOLOv8-seg,ok,after_tile_count,108,int,projekt-base,C:\Coding\AI\projekt\conda_envs\base.yml,
19,C:\Coding\AI\Dataset\!masks_for_training\19,yolov8_seg,YOLOv8-seg,ok,selected_class_count,0,int,projekt-base,C:\Coding\AI\projekt\conda_envs\base.yml,
19,C:\Coding\AI\Dataset\!masks_for_training\19,yolov8_seg,YOLOv8-seg,ok,selected_class_ids,[],list,projekt-base,C:\Coding\AI\projekt\conda_envs\base.yml,
19,C:\Coding\AI\Dataset\!masks_for_training\19,yolov8_seg,YOLOv8-seg,ok,taco_dataset_root,C:\Coding\AI\projekt\datasets\TACO,str,projekt-base,C:\Coding\AI\projekt\conda_envs\base.yml,
19,C:\Coding\AI\Dataset\!masks_for_training\19,yolov8_seg,YOLOv8-seg,ok,taco_annotations_path,C:\Coding\AI\projekt\datasets\TACO\data\annotations.json,str,projekt-base,C:\Coding\AI\projekt\conda_envs\base.yml,
19,C:\Coding\AI\Dataset\!masks_for_training\19,yolov8_seg,YOLOv8-seg,ok,taco_export_root,C:\Coding\AI\projekt\datasets\TACO\yolo_seg,str,projekt-base,C:\Coding\AI\projekt\conda_envs\base.yml,
19,C:\Coding\AI\Dataset\!masks_for_training\19,yolov8_seg,YOLOv8-seg,ok,taco_data_yaml,C:\Coding\AI\projekt\datasets\TACO\yolo_seg\data.yaml,str,projekt-base,C:\Coding\AI\projekt\conda_envs\base.yml,
19,C:\Coding\AI\Dataset\!masks_for_training\19,yolov8_seg,YOLOv8-seg,ok,taco_source_images,1500,int,projekt-base,C:\Coding\AI\projekt\conda_envs\base.yml,
19,C:\Coding\AI\Dataset\!masks_for_training\19,yolov8_seg,YOLOv8-seg,ok,taco_exported_images,1500,int,projekt-base,C:\Coding\AI\projekt\conda_envs\base.yml,
19,C:\Coding\AI\Dataset\!masks_for_training\19,yolov8_seg,YOLOv8-seg,ok,taco_exported_labels,1500,int,projekt-base,C:\Coding\AI\projekt\conda_envs\base.yml,
19,C:\Coding\AI\Dataset\!masks_for_training\19,yolov8_seg,YOLOv8-seg,ok,taco_skipped_missing_images,0,int,projekt-base,C:\Coding\AI\projekt\conda_envs\base.yml,
19,C:\Coding\AI\Dataset\!masks_for_training\19,yolov8_seg,YOLOv8-seg,ok,taco_skipped_invalid_polygons,0,int,projekt-base,C:\Coding\AI\projekt\conda_envs\base.yml,
19,C:\Coding\AI\Dataset\!masks_for_training\19,yolov8_seg,YOLOv8-seg,ok,before_instance_count,16,int,projekt-base,C:\Coding\AI\projekt\conda_envs\base.yml,
19,C:\Coding\AI\Dataset\!masks_for_training\19,yolov8_seg,YOLOv8-seg,ok,after_instance_count,27,int,projekt-base,C:\Coding\AI\projekt\conda_envs\base.yml,
19,C:\Coding\AI\Dataset\!masks_for_training\19,yolov8_seg,YOLOv8-seg,ok,instance_count_total,43,int,projekt-base,C:\Coding\AI\projekt\conda_envs\base.yml,
19,C:\Coding\AI\Dataset\!masks_for_training\19,yolov8_seg,YOLOv8-seg,ok,before_mask_area_px,22885,int,projekt-base,C:\Coding\AI\projekt\conda_envs\base.yml,
19,C:\Coding\AI\Dataset\!masks_for_training\19,yolov8_seg,YOLOv8-seg,ok,after_mask_area_px,25550,int,projekt-base,C:\Coding\AI\projekt\conda_envs\base.yml,
19,C:\Coding\AI\Dataset\!masks_for_training\19,yolov8_seg,YOLOv8-seg,ok,before_mask_area_ratio,0.001877,float,projekt-base,C:\Coding\AI\projekt\conda_envs\base.yml,
19,C:\Coding\AI\Dataset\!masks_for_training\19,yolov8_seg,YOLOv8-seg,ok,after_mask_area_ratio,0.002096,float,projekt-base,C:\Coding\AI\projekt\conda_envs\base.yml,
19,C:\Coding\AI\Dataset\!masks_for_training\19,yolov8_seg,YOLOv8-seg,ok,mask_area_delta_px,2665,int,projekt-base,C:\Coding\AI\projekt\conda_envs\base.yml,
19,C:\Coding\AI\Dataset\!masks_for_training\19,yolov8_seg,YOLOv8-seg,ok,mask_area_delta_ratio,0.000219,float,projekt-base,C:\Coding\AI\projekt\conda_envs\base.yml,
19,C:\Coding\AI\Dataset\!masks_for_training\19,yolov8_seg,YOLOv8-seg,ok,before_bbox_area_px,39179,int,projekt-base,C:\Coding\AI\projekt\conda_envs\base.yml,
19,C:\Coding\AI\Dataset\!masks_for_training\19,yolov8_seg,YOLOv8-seg,ok,after_bbox_area_px,85319,int,projekt-base,C:\Coding\AI\projekt\conda_envs\base.yml,
19,C:\Coding\AI\Dataset\!masks_for_training\19,yolov8_seg,YOLOv8-seg,ok,before_mean_confidence,0.531177,float,projekt-base,C:\Coding\AI\projekt\conda_envs\base.yml,
19,C:\Coding\AI\Dataset\!masks_for_training\19,yolov8_seg,YOLOv8-seg,ok,after_mean_confidence,0.532794,float,projekt-base,C:\Coding\AI\projekt\conda_envs\base.yml,
19,C:\Coding\AI\Dataset\!masks_for_training\19,yolov8_seg,YOLOv8-seg,ok,before_inference_ms,3364.78,float,projekt-base,C:\Coding\AI\projekt\conda_envs\base.yml,
19,C:\Coding\AI\Dataset\!masks_for_training\19,yolov8_seg,YOLOv8-seg,ok,after_inference_ms,3657.46,float,projekt-base,C:\Coding\AI\projekt\conda_envs\base.yml,
19,C:\Coding\AI\Dataset\!masks_for_training\19,yolov8_seg,YOLOv8-seg,ok,inference_ms_total,7022.24,float,projekt-base,C:\Coding\AI\projekt\conda_envs\base.yml,
2,C:\Coding\AI\Dataset\!masks_for_training\2,changeformer,ChangeFormer,error,,,,projekt-base,C:\Coding\AI\projekt\conda_envs\base.yml,"ValueError: operands could not be broadcast together with shapes (781,1024,1) (781,1024) "
2,C:\Coding\AI\Dataset\!masks_for_training\2,efficientnet,EfficientNet,ok,analysis_mode,efficientnet_cls_pair,str,projekt-base,C:\Coding\AI\projekt\conda_envs\base.yml,
2,C:\Coding\AI\Dataset\!masks_for_training\2,efficientnet,EfficientNet,ok,inference_mode,heuristic_fallback,str,projekt-base,C:\Coding\AI\projekt\conda_envs\base.yml,
2,C:\Coding\AI\Dataset\!masks_for_training\2,efficientnet,EfficientNet,ok,model_name,efficientnet_b0,str,projekt-base,C:\Coding\AI\projekt\conda_envs\base.yml,
2,C:\Coding\AI\Dataset\!masks_for_training\2,efficientnet,EfficientNet,ok,model_source,None,str,projekt-base,C:\Coding\AI\projekt\conda_envs\base.yml,
2,C:\Coding\AI\Dataset\!masks_for_training\2,efficientnet,EfficientNet,ok,weights_path,C:\Coding\AI\projekt\weights\efficientnet_best.pt,str,projekt-base,C:\Coding\AI\projekt\conda_envs\base.yml,
2,C:\Coding\AI\Dataset\!masks_for_training\2,efficientnet,EfficientNet,ok,device_requested,auto,str,projekt-base,C:\Coding\AI\projekt\conda_envs\base.yml,
2,C:\Coding\AI\Dataset\!masks_for_training\2,efficientnet,EfficientNet,ok,device_used,cpu,str,projekt-base,C:\Coding\AI\projekt\conda_envs\base.yml,
2,C:\Coding\AI\Dataset\!masks_for_training\2,efficientnet,EfficientNet,ok,force_cpu,False,bool,projekt-base,C:\Coding\AI\projekt\conda_envs\base.yml,
2,C:\Coding\AI\Dataset\!masks_for_training\2,efficientnet,EfficientNet,ok,cuda_available,True,bool,projekt-base,C:\Coding\AI\projekt\conda_envs\base.yml,
2,C:\Coding\AI\Dataset\!masks_for_training\2,efficientnet,EfficientNet,ok,input_size,224,int,projekt-base,C:\Coding\AI\projekt\conda_envs\base.yml,
2,C:\Coding\AI\Dataset\!masks_for_training\2,efficientnet,EfficientNet,ok,dirty_threshold,0.42,float,projekt-base,C:\Coding\AI\projekt\conda_envs\base.yml,
2,C:\Coding\AI\Dataset\!masks_for_training\2,efficientnet,EfficientNet,ok,dirty_keyword_classes,2,int,projekt-base,C:\Coding\AI\projekt\conda_envs\base.yml,
2,C:\Coding\AI\Dataset\!masks_for_training\2,efficientnet,EfficientNet,ok,before_crop_count,6,int,projekt-base,C:\Coding\AI\projekt\conda_envs\base.yml,
2,C:\Coding\AI\Dataset\!masks_for_training\2,efficientnet,EfficientNet,ok,after_crop_count,6,int,projekt-base,C:\Coding\AI\projekt\conda_envs\base.yml,
2,C:\Coding\AI\Dataset\!masks_for_training\2,efficientnet,EfficientNet,ok,before_crop_dirty_prob_mean,0.630873,float,projekt-base,C:\Coding\AI\projekt\conda_envs\base.yml,
2,C:\Coding\AI\Dataset\!masks_for_training\2,efficientnet,EfficientNet,ok,after_crop_dirty_prob_mean,0.560836,float,projekt-base,C:\Coding\AI\projekt\conda_envs\base.yml,
2,C:\Coding\AI\Dataset\!masks_for_training\2,efficientnet,EfficientNet,ok,before_crop_dirty_prob_max,0.644943,float,projekt-base,C:\Coding\AI\projekt\conda_envs\base.yml,
2,C:\Coding\AI\Dataset\!masks_for_training\2,efficientnet,EfficientNet,ok,after_crop_dirty_prob_max,0.596868,float,projekt-base,C:\Coding\AI\projekt\conda_envs\base.yml,
2,C:\Coding\AI\Dataset\!masks_for_training\2,efficientnet,EfficientNet,ok,before_crop_support_ratio,1,float,projekt-base,C:\Coding\AI\projekt\conda_envs\base.yml,
2,C:\Coding\AI\Dataset\!masks_for_training\2,efficientnet,EfficientNet,ok,after_crop_support_ratio,1,float,projekt-base,C:\Coding\AI\projekt\conda_envs\base.yml,
2,C:\Coding\AI\Dataset\!masks_for_training\2,efficientnet,EfficientNet,ok,before_dirty_prob,0.641003,float,projekt-base,C:\Coding\AI\projekt\conda_envs\base.yml,
2,C:\Coding\AI\Dataset\!masks_for_training\2,efficientnet,EfficientNet,ok,after_dirty_prob,0.586779,float,projekt-base,C:\Coding\AI\projekt\conda_envs\base.yml,
2,C:\Coding\AI\Dataset\!masks_for_training\2,efficientnet,EfficientNet,ok,before_clean_prob,0.358997,float,projekt-base,C:\Coding\AI\projekt\conda_envs\base.yml,
2,C:\Coding\AI\Dataset\!masks_for_training\2,efficientnet,EfficientNet,ok,after_clean_prob,0.413221,float,projekt-base,C:\Coding\AI\projekt\conda_envs\base.yml,
2,C:\Coding\AI\Dataset\!masks_for_training\2,efficientnet,EfficientNet,ok,cleanup_delta,0.054224,float,projekt-base,C:\Coding\AI\projekt\conda_envs\base.yml,
2,C:\Coding\AI\Dataset\!masks_for_training\2,efficientnet,EfficientNet,ok,cleanup_score,0.054224,float,projekt-base,C:\Coding\AI\projekt\conda_envs\base.yml,
2,C:\Coding\AI\Dataset\!masks_for_training\2,efficientnet,EfficientNet,ok,dirty_prob_delta,-0.054224,float,projekt-base,C:\Coding\AI\projekt\conda_envs\base.yml,
2,C:\Coding\AI\Dataset\!masks_for_training\2,efficientnet,EfficientNet,ok,dirty_prob_abs_delta,0.054224,float,projekt-base,C:\Coding\AI\projekt\conda_envs\base.yml,
2,C:\Coding\AI\Dataset\!masks_for_training\2,efficientnet,EfficientNet,ok,before_pred_label,dirty,str,projekt-base,C:\Coding\AI\projekt\conda_envs\base.yml,
2,C:\Coding\AI\Dataset\!masks_for_training\2,efficientnet,EfficientNet,ok,after_pred_label,dirty,str,projekt-base,C:\Coding\AI\projekt\conda_envs\base.yml,
2,C:\Coding\AI\Dataset\!masks_for_training\2,efficientnet,EfficientNet,ok,before_top1_label,dirty,str,projekt-base,C:\Coding\AI\projekt\conda_envs\base.yml,
2,C:\Coding\AI\Dataset\!masks_for_training\2,efficientnet,EfficientNet,ok,after_top1_label,dirty,str,projekt-base,C:\Coding\AI\projekt\conda_envs\base.yml,
2,C:\Coding\AI\Dataset\!masks_for_training\2,efficientnet,EfficientNet,ok,before_top1_prob,0.644943,float,projekt-base,C:\Coding\AI\projekt\conda_envs\base.yml,
2,C:\Coding\AI\Dataset\!masks_for_training\2,efficientnet,EfficientNet,ok,after_top1_prob,0.596868,float,projekt-base,C:\Coding\AI\projekt\conda_envs\base.yml,
2,C:\Coding\AI\Dataset\!masks_for_training\2,efficientnet,EfficientNet,ok,before_entropy_norm,0.949625,float,projekt-base,C:\Coding\AI\projekt\conda_envs\base.yml,
2,C:\Coding\AI\Dataset\!masks_for_training\2,efficientnet,EfficientNet,ok,after_entropy_norm,0.986281,float,projekt-base,C:\Coding\AI\projekt\conda_envs\base.yml,
2,C:\Coding\AI\Dataset\!masks_for_training\2,efficientnet,EfficientNet,ok,before_inference_ms,0,float,projekt-base,C:\Coding\AI\projekt\conda_envs\base.yml,
2,C:\Coding\AI\Dataset\!masks_for_training\2,efficientnet,EfficientNet,ok,after_inference_ms,0,float,projekt-base,C:\Coding\AI\projekt\conda_envs\base.yml,
2,C:\Coding\AI\Dataset\!masks_for_training\2,efficientnet,EfficientNet,ok,inference_ms_total,0,float,projekt-base,C:\Coding\AI\projekt\conda_envs\base.yml,
2,C:\Coding\AI\Dataset\!masks_for_training\2,sift_ransac,SIFT + RANSAC + difference map,error,,,,projekt-base,C:\Coding\AI\projekt\conda_envs\base.yml,"ValueError: operands could not be broadcast together with shapes (781,1024,1) (781,1024) "
2,C:\Coding\AI\Dataset\!masks_for_training\2,siamese_unet,Siamese U-Net,error,,,,projekt-base,C:\Coding\AI\projekt\conda_envs\base.yml,"ValueError: operands could not be broadcast together with shapes (781,1024,1) (781,1024) "
2,C:\Coding\AI\Dataset\!masks_for_training\2,yolov8_seg,YOLOv8-seg,ok,analysis_mode,yolov8_seg_pair,str,projekt-base,C:\Coding\AI\projekt\conda_envs\base.yml,
2,C:\Coding\AI\Dataset\!masks_for_training\2,yolov8_seg,YOLOv8-seg,ok,model_name,C:\Coding\AI\projekt\weights\yolov8m_trash_finetuned.pt,str,projekt-base,C:\Coding\AI\projekt\conda_envs\base.yml,
2,C:\Coding\AI\Dataset\!masks_for_training\2,yolov8_seg,YOLOv8-seg,ok,model_source,C:\Coding\AI\projekt\weights\yolov8m_seg_best_new+fine-tune.pt,str,projekt-base,C:\Coding\AI\projekt\conda_envs\base.yml,
2,C:\Coding\AI\Dataset\!masks_for_training\2,yolov8_seg,YOLOv8-seg,ok,device_requested,auto,str,projekt-base,C:\Coding\AI\projekt\conda_envs\base.yml,
2,C:\Coding\AI\Dataset\!masks_for_training\2,yolov8_seg,YOLOv8-seg,ok,device_used,cuda,str,projekt-base,C:\Coding\AI\projekt\conda_envs\base.yml,
2,C:\Coding\AI\Dataset\!masks_for_training\2,yolov8_seg,YOLOv8-seg,ok,force_cpu,False,bool,projekt-base,C:\Coding\AI\projekt\conda_envs\base.yml,
2,C:\Coding\AI\Dataset\!masks_for_training\2,yolov8_seg,YOLOv8-seg,ok,cuda_available,True,bool,projekt-base,C:\Coding\AI\projekt\conda_envs\base.yml,
2,C:\Coding\AI\Dataset\!masks_for_training\2,yolov8_seg,YOLOv8-seg,ok,image_size,1536,int,projekt-base,C:\Coding\AI\projekt\conda_envs\base.yml,
2,C:\Coding\AI\Dataset\!masks_for_training\2,yolov8_seg,YOLOv8-seg,ok,confidence_threshold,0.35,float,projekt-base,C:\Coding\AI\projekt\conda_envs\base.yml,
2,C:\Coding\AI\Dataset\!masks_for_training\2,yolov8_seg,YOLOv8-seg,ok,iou_threshold,0.4,float,projekt-base,C:\Coding\AI\projekt\conda_envs\base.yml,
2,C:\Coding\AI\Dataset\!masks_for_training\2,yolov8_seg,YOLOv8-seg,ok,tile_inference_mode,auto,str,projekt-base,C:\Coding\AI\projekt\conda_envs\base.yml,
2,C:\Coding\AI\Dataset\!masks_for_training\2,yolov8_seg,YOLOv8-seg,ok,tile_size,640,int,projekt-base,C:\Coding\AI\projekt\conda_envs\base.yml,
2,C:\Coding\AI\Dataset\!masks_for_training\2,yolov8_seg,YOLOv8-seg,ok,tile_overlap_ratio,0.5,float,projekt-base,C:\Coding\AI\projekt\conda_envs\base.yml,
2,C:\Coding\AI\Dataset\!masks_for_training\2,yolov8_seg,YOLOv8-seg,ok,before_tile_count,6,int,projekt-base,C:\Coding\AI\projekt\conda_envs\base.yml,
2,C:\Coding\AI\Dataset\!masks_for_training\2,yolov8_seg,YOLOv8-seg,ok,after_tile_count,6,int,projekt-base,C:\Coding\AI\projekt\conda_envs\base.yml,
2,C:\Coding\AI\Dataset\!masks_for_training\2,yolov8_seg,YOLOv8-seg,ok,selected_class_count,0,int,projekt-base,C:\Coding\AI\projekt\conda_envs\base.yml,
2,C:\Coding\AI\Dataset\!masks_for_training\2,yolov8_seg,YOLOv8-seg,ok,selected_class_ids,[],list,projekt-base,C:\Coding\AI\projekt\conda_envs\base.yml,
2,C:\Coding\AI\Dataset\!masks_for_training\2,yolov8_seg,YOLOv8-seg,ok,taco_dataset_root,C:\Coding\AI\projekt\datasets\TACO,str,projekt-base,C:\Coding\AI\projekt\conda_envs\base.yml,
2,C:\Coding\AI\Dataset\!masks_for_training\2,yolov8_seg,YOLOv8-seg,ok,taco_annotations_path,C:\Coding\AI\projekt\datasets\TACO\data\annotations.json,str,projekt-base,C:\Coding\AI\projekt\conda_envs\base.yml,
2,C:\Coding\AI\Dataset\!masks_for_training\2,yolov8_seg,YOLOv8-seg,ok,taco_export_root,C:\Coding\AI\projekt\datasets\TACO\yolo_seg,str,projekt-base,C:\Coding\AI\projekt\conda_envs\base.yml,
2,C:\Coding\AI\Dataset\!masks_for_training\2,yolov8_seg,YOLOv8-seg,ok,taco_data_yaml,C:\Coding\AI\projekt\datasets\TACO\yolo_seg\data.yaml,str,projekt-base,C:\Coding\AI\projekt\conda_envs\base.yml,
2,C:\Coding\AI\Dataset\!masks_for_training\2,yolov8_seg,YOLOv8-seg,ok,taco_source_images,1500,int,projekt-base,C:\Coding\AI\projekt\conda_envs\base.yml,
2,C:\Coding\AI\Dataset\!masks_for_training\2,yolov8_seg,YOLOv8-seg,ok,taco_exported_images,1500,int,projekt-base,C:\Coding\AI\projekt\conda_envs\base.yml,
2,C:\Coding\AI\Dataset\!masks_for_training\2,yolov8_seg,YOLOv8-seg,ok,taco_exported_labels,1500,int,projekt-base,C:\Coding\AI\projekt\conda_envs\base.yml,
2,C:\Coding\AI\Dataset\!masks_for_training\2,yolov8_seg,YOLOv8-seg,ok,taco_skipped_missing_images,0,int,projekt-base,C:\Coding\AI\projekt\conda_envs\base.yml,
2,C:\Coding\AI\Dataset\!masks_for_training\2,yolov8_seg,YOLOv8-seg,ok,taco_skipped_invalid_polygons,0,int,projekt-base,C:\Coding\AI\projekt\conda_envs\base.yml,
2,C:\Coding\AI\Dataset\!masks_for_training\2,yolov8_seg,YOLOv8-seg,ok,before_instance_count,14,int,projekt-base,C:\Coding\AI\projekt\conda_envs\base.yml,
2,C:\Coding\AI\Dataset\!masks_for_training\2,yolov8_seg,YOLOv8-seg,ok,after_instance_count,7,int,projekt-base,C:\Coding\AI\projekt\conda_envs\base.yml,
2,C:\Coding\AI\Dataset\!masks_for_training\2,yolov8_seg,YOLOv8-seg,ok,instance_count_total,21,int,projekt-base,C:\Coding\AI\projekt\conda_envs\base.yml,
2,C:\Coding\AI\Dataset\!masks_for_training\2,yolov8_seg,YOLOv8-seg,ok,before_mask_area_px,44819,int,projekt-base,C:\Coding\AI\projekt\conda_envs\base.yml,
2,C:\Coding\AI\Dataset\!masks_for_training\2,yolov8_seg,YOLOv8-seg,ok,after_mask_area_px,6999,int,projekt-base,C:\Coding\AI\projekt\conda_envs\base.yml,
2,C:\Coding\AI\Dataset\!masks_for_training\2,yolov8_seg,YOLOv8-seg,ok,before_mask_area_ratio,0.056042,float,projekt-base,C:\Coding\AI\projekt\conda_envs\base.yml,
2,C:\Coding\AI\Dataset\!masks_for_training\2,yolov8_seg,YOLOv8-seg,ok,after_mask_area_ratio,0.008752,float,projekt-base,C:\Coding\AI\projekt\conda_envs\base.yml,
2,C:\Coding\AI\Dataset\!masks_for_training\2,yolov8_seg,YOLOv8-seg,ok,mask_area_delta_px,-37820,int,projekt-base,C:\Coding\AI\projekt\conda_envs\base.yml,
2,C:\Coding\AI\Dataset\!masks_for_training\2,yolov8_seg,YOLOv8-seg,ok,mask_area_delta_ratio,-0.04729,float,projekt-base,C:\Coding\AI\projekt\conda_envs\base.yml,
2,C:\Coding\AI\Dataset\!masks_for_training\2,yolov8_seg,YOLOv8-seg,ok,before_bbox_area_px,111052,int,projekt-base,C:\Coding\AI\projekt\conda_envs\base.yml,
2,C:\Coding\AI\Dataset\!masks_for_training\2,yolov8_seg,YOLOv8-seg,ok,after_bbox_area_px,9689,int,projekt-base,C:\Coding\AI\projekt\conda_envs\base.yml,
2,C:\Coding\AI\Dataset\!masks_for_training\2,yolov8_seg,YOLOv8-seg,ok,before_mean_confidence,0.593997,float,projekt-base,C:\Coding\AI\projekt\conda_envs\base.yml,
2,C:\Coding\AI\Dataset\!masks_for_training\2,yolov8_seg,YOLOv8-seg,ok,after_mean_confidence,0.556702,float,projekt-base,C:\Coding\AI\projekt\conda_envs\base.yml,
2,C:\Coding\AI\Dataset\!masks_for_training\2,yolov8_seg,YOLOv8-seg,ok,before_inference_ms,238.854,float,projekt-base,C:\Coding\AI\projekt\conda_envs\base.yml,
2,C:\Coding\AI\Dataset\!masks_for_training\2,yolov8_seg,YOLOv8-seg,ok,after_inference_ms,166.041,float,projekt-base,C:\Coding\AI\projekt\conda_envs\base.yml,
2,C:\Coding\AI\Dataset\!masks_for_training\2,yolov8_seg,YOLOv8-seg,ok,inference_ms_total,404.895,float,projekt-base,C:\Coding\AI\projekt\conda_envs\base.yml,
20,C:\Coding\AI\Dataset\!masks_for_training\20,changeformer,ChangeFormer,error,,,,projekt-base,C:\Coding\AI\projekt\conda_envs\base.yml,"ValueError: operands could not be broadcast together with shapes (4032,3024,1) (4032,3024) "
20,C:\Coding\AI\Dataset\!masks_for_training\20,efficientnet,EfficientNet,ok,analysis_mode,efficientnet_cls_pair,str,projekt-base,C:\Coding\AI\projekt\conda_envs\base.yml,
20,C:\Coding\AI\Dataset\!masks_for_training\20,efficientnet,EfficientNet,ok,inference_mode,heuristic_fallback,str,projekt-base,C:\Coding\AI\projekt\conda_envs\base.yml,
20,C:\Coding\AI\Dataset\!masks_for_training\20,efficientnet,EfficientNet,ok,model_name,efficientnet_b0,str,projekt-base,C:\Coding\AI\projekt\conda_envs\base.yml,
20,C:\Coding\AI\Dataset\!masks_for_training\20,efficientnet,EfficientNet,ok,model_source,None,str,projekt-base,C:\Coding\AI\projekt\conda_envs\base.yml,
20,C:\Coding\AI\Dataset\!masks_for_training\20,efficientnet,EfficientNet,ok,weights_path,C:\Coding\AI\projekt\weights\efficientnet_best.pt,str,projekt-base,C:\Coding\AI\projekt\conda_envs\base.yml,
20,C:\Coding\AI\Dataset\!masks_for_training\20,efficientnet,EfficientNet,ok,device_requested,auto,str,projekt-base,C:\Coding\AI\projekt\conda_envs\base.yml,
20,C:\Coding\AI\Dataset\!masks_for_training\20,efficientnet,EfficientNet,ok,device_used,cpu,str,projekt-base,C:\Coding\AI\projekt\conda_envs\base.yml,
20,C:\Coding\AI\Dataset\!masks_for_training\20,efficientnet,EfficientNet,ok,force_cpu,False,bool,projekt-base,C:\Coding\AI\projekt\conda_envs\base.yml,
20,C:\Coding\AI\Dataset\!masks_for_training\20,efficientnet,EfficientNet,ok,cuda_available,True,bool,projekt-base,C:\Coding\AI\projekt\conda_envs\base.yml,
20,C:\Coding\AI\Dataset\!masks_for_training\20,efficientnet,EfficientNet,ok,input_size,224,int,projekt-base,C:\Coding\AI\projekt\conda_envs\base.yml,
20,C:\Coding\AI\Dataset\!masks_for_training\20,efficientnet,EfficientNet,ok,dirty_threshold,0.42,float,projekt-base,C:\Coding\AI\projekt\conda_envs\base.yml,
20,C:\Coding\AI\Dataset\!masks_for_training\20,efficientnet,EfficientNet,ok,dirty_keyword_classes,2,int,projekt-base,C:\Coding\AI\projekt\conda_envs\base.yml,
20,C:\Coding\AI\Dataset\!masks_for_training\20,efficientnet,EfficientNet,ok,before_crop_count,6,int,projekt-base,C:\Coding\AI\projekt\conda_envs\base.yml,
20,C:\Coding\AI\Dataset\!masks_for_training\20,efficientnet,EfficientNet,ok,after_crop_count,6,int,projekt-base,C:\Coding\AI\projekt\conda_envs\base.yml,
20,C:\Coding\AI\Dataset\!masks_for_training\20,efficientnet,EfficientNet,ok,before_crop_dirty_prob_mean,0.340892,float,projekt-base,C:\Coding\AI\projekt\conda_envs\base.yml,
20,C:\Coding\AI\Dataset\!masks_for_training\20,efficientnet,EfficientNet,ok,after_crop_dirty_prob_mean,0.344162,float,projekt-base,C:\Coding\AI\projekt\conda_envs\base.yml,
20,C:\Coding\AI\Dataset\!masks_for_training\20,efficientnet,EfficientNet,ok,before_crop_dirty_prob_max,0.380019,float,projekt-base,C:\Coding\AI\projekt\conda_envs\base.yml,
20,C:\Coding\AI\Dataset\!masks_for_training\20,efficientnet,EfficientNet,ok,after_crop_dirty_prob_max,0.385319,float,projekt-base,C:\Coding\AI\projekt\conda_envs\base.yml,
20,C:\Coding\AI\Dataset\!masks_for_training\20,efficientnet,EfficientNet,ok,before_crop_support_ratio,0,float,projekt-base,C:\Coding\AI\projekt\conda_envs\base.yml,
20,C:\Coding\AI\Dataset\!masks_for_training\20,efficientnet,EfficientNet,ok,after_crop_support_ratio,0,float,projekt-base,C:\Coding\AI\projekt\conda_envs\base.yml,
20,C:\Coding\AI\Dataset\!masks_for_training\20,efficientnet,EfficientNet,ok,before_dirty_prob,0.369063,float,projekt-base,C:\Coding\AI\projekt\conda_envs\base.yml,
20,C:\Coding\AI\Dataset\!masks_for_training\20,efficientnet,EfficientNet,ok,after_dirty_prob,0.373795,float,projekt-base,C:\Coding\AI\projekt\conda_envs\base.yml,
20,C:\Coding\AI\Dataset\!masks_for_training\20,efficientnet,EfficientNet,ok,before_clean_prob,0.630937,float,projekt-base,C:\Coding\AI\projekt\conda_envs\base.yml,
20,C:\Coding\AI\Dataset\!masks_for_training\20,efficientnet,EfficientNet,ok,after_clean_prob,0.626205,float,projekt-base,C:\Coding\AI\projekt\conda_envs\base.yml,
20,C:\Coding\AI\Dataset\!masks_for_training\20,efficientnet,EfficientNet,ok,cleanup_delta,-0.004732,float,projekt-base,C:\Coding\AI\projekt\conda_envs\base.yml,
20,C:\Coding\AI\Dataset\!masks_for_training\20,efficientnet,EfficientNet,ok,cleanup_score,0,float,projekt-base,C:\Coding\AI\projekt\conda_envs\base.yml,
20,C:\Coding\AI\Dataset\!masks_for_training\20,efficientnet,EfficientNet,ok,dirty_prob_delta,0.004732,float,projekt-base,C:\Coding\AI\projekt\conda_envs\base.yml,
20,C:\Coding\AI\Dataset\!masks_for_training\20,efficientnet,EfficientNet,ok,dirty_prob_abs_delta,0.004732,float,projekt-base,C:\Coding\AI\projekt\conda_envs\base.yml,
20,C:\Coding\AI\Dataset\!masks_for_training\20,efficientnet,EfficientNet,ok,before_pred_label,clean,str,projekt-base,C:\Coding\AI\projekt\conda_envs\base.yml,
20,C:\Coding\AI\Dataset\!masks_for_training\20,efficientnet,EfficientNet,ok,after_pred_label,clean,str,projekt-base,C:\Coding\AI\projekt\conda_envs\base.yml,
20,C:\Coding\AI\Dataset\!masks_for_training\20,efficientnet,EfficientNet,ok,before_top1_label,clean,str,projekt-base,C:\Coding\AI\projekt\conda_envs\base.yml,
20,C:\Coding\AI\Dataset\!masks_for_training\20,efficientnet,EfficientNet,ok,after_top1_label,clean,str,projekt-base,C:\Coding\AI\projekt\conda_envs\base.yml,
20,C:\Coding\AI\Dataset\!masks_for_training\20,efficientnet,EfficientNet,ok,before_top1_prob,0.708283,float,projekt-base,C:\Coding\AI\projekt\conda_envs\base.yml,
20,C:\Coding\AI\Dataset\!masks_for_training\20,efficientnet,EfficientNet,ok,after_top1_prob,0.704694,float,projekt-base,C:\Coding\AI\projekt\conda_envs\base.yml,
20,C:\Coding\AI\Dataset\!masks_for_training\20,efficientnet,EfficientNet,ok,before_entropy_norm,0.922116,float,projekt-base,C:\Coding\AI\projekt\conda_envs\base.yml,
20,C:\Coding\AI\Dataset\!masks_for_training\20,efficientnet,EfficientNet,ok,after_entropy_norm,0.924637,float,projekt-base,C:\Coding\AI\projekt\conda_envs\base.yml,
20,C:\Coding\AI\Dataset\!masks_for_training\20,efficientnet,EfficientNet,ok,before_inference_ms,0,float,projekt-base,C:\Coding\AI\projekt\conda_envs\base.yml,
20,C:\Coding\AI\Dataset\!masks_for_training\20,efficientnet,EfficientNet,ok,after_inference_ms,0,float,projekt-base,C:\Coding\AI\projekt\conda_envs\base.yml,
20,C:\Coding\AI\Dataset\!masks_for_training\20,efficientnet,EfficientNet,ok,inference_ms_total,0,float,projekt-base,C:\Coding\AI\projekt\conda_envs\base.yml,
20,C:\Coding\AI\Dataset\!masks_for_training\20,sift_ransac,SIFT + RANSAC + difference map,error,,,,projekt-base,C:\Coding\AI\projekt\conda_envs\base.yml,"ValueError: operands could not be broadcast together with shapes (4032,3024,1) (4032,3024) "
20,C:\Coding\AI\Dataset\!masks_for_training\20,siamese_unet,Siamese U-Net,error,,,,projekt-base,C:\Coding\AI\projekt\conda_envs\base.yml,"ValueError: operands could not be broadcast together with shapes (4032,3024,1) (4032,3024) "
20,C:\Coding\AI\Dataset\!masks_for_training\20,yolov8_seg,YOLOv8-seg,ok,analysis_mode,yolov8_seg_pair,str,projekt-base,C:\Coding\AI\projekt\conda_envs\base.yml,
20,C:\Coding\AI\Dataset\!masks_for_training\20,yolov8_seg,YOLOv8-seg,ok,model_name,C:\Coding\AI\projekt\weights\yolov8m_trash_finetuned.pt,str,projekt-base,C:\Coding\AI\projekt\conda_envs\base.yml,
20,C:\Coding\AI\Dataset\!masks_for_training\20,yolov8_seg,YOLOv8-seg,ok,model_source,C:\Coding\AI\projekt\weights\yolov8m_seg_best_new+fine-tune.pt,str,projekt-base,C:\Coding\AI\projekt\conda_envs\base.yml,
20,C:\Coding\AI\Dataset\!masks_for_training\20,yolov8_seg,YOLOv8-seg,ok,device_requested,auto,str,projekt-base,C:\Coding\AI\projekt\conda_envs\base.yml,
20,C:\Coding\AI\Dataset\!masks_for_training\20,yolov8_seg,YOLOv8-seg,ok,device_used,cuda,str,projekt-base,C:\Coding\AI\projekt\conda_envs\base.yml,
20,C:\Coding\AI\Dataset\!masks_for_training\20,yolov8_seg,YOLOv8-seg,ok,force_cpu,False,bool,projekt-base,C:\Coding\AI\projekt\conda_envs\base.yml,
20,C:\Coding\AI\Dataset\!masks_for_training\20,yolov8_seg,YOLOv8-seg,ok,cuda_available,True,bool,projekt-base,C:\Coding\AI\projekt\conda_envs\base.yml,
20,C:\Coding\AI\Dataset\!masks_for_training\20,yolov8_seg,YOLOv8-seg,ok,image_size,1536,int,projekt-base,C:\Coding\AI\projekt\conda_envs\base.yml,
20,C:\Coding\AI\Dataset\!masks_for_training\20,yolov8_seg,YOLOv8-seg,ok,confidence_threshold,0.35,float,projekt-base,C:\Coding\AI\projekt\conda_envs\base.yml,
20,C:\Coding\AI\Dataset\!masks_for_training\20,yolov8_seg,YOLOv8-seg,ok,iou_threshold,0.4,float,projekt-base,C:\Coding\AI\projekt\conda_envs\base.yml,
20,C:\Coding\AI\Dataset\!masks_for_training\20,yolov8_seg,YOLOv8-seg,ok,tile_inference_mode,auto,str,projekt-base,C:\Coding\AI\projekt\conda_envs\base.yml,
20,C:\Coding\AI\Dataset\!masks_for_training\20,yolov8_seg,YOLOv8-seg,ok,tile_size,640,int,projekt-base,C:\Coding\AI\projekt\conda_envs\base.yml,
20,C:\Coding\AI\Dataset\!masks_for_training\20,yolov8_seg,YOLOv8-seg,ok,tile_overlap_ratio,0.5,float,projekt-base,C:\Coding\AI\projekt\conda_envs\base.yml,
20,C:\Coding\AI\Dataset\!masks_for_training\20,yolov8_seg,YOLOv8-seg,ok,before_tile_count,108,int,projekt-base,C:\Coding\AI\projekt\conda_envs\base.yml,
20,C:\Coding\AI\Dataset\!masks_for_training\20,yolov8_seg,YOLOv8-seg,ok,after_tile_count,108,int,projekt-base,C:\Coding\AI\projekt\conda_envs\base.yml,
20,C:\Coding\AI\Dataset\!masks_for_training\20,yolov8_seg,YOLOv8-seg,ok,selected_class_count,0,int,projekt-base,C:\Coding\AI\projekt\conda_envs\base.yml,
20,C:\Coding\AI\Dataset\!masks_for_training\20,yolov8_seg,YOLOv8-seg,ok,selected_class_ids,[],list,projekt-base,C:\Coding\AI\projekt\conda_envs\base.yml,
20,C:\Coding\AI\Dataset\!masks_for_training\20,yolov8_seg,YOLOv8-seg,ok,taco_dataset_root,C:\Coding\AI\projekt\datasets\TACO,str,projekt-base,C:\Coding\AI\projekt\conda_envs\base.yml,
20,C:\Coding\AI\Dataset\!masks_for_training\20,yolov8_seg,YOLOv8-seg,ok,taco_annotations_path,C:\Coding\AI\projekt\datasets\TACO\data\annotations.json,str,projekt-base,C:\Coding\AI\projekt\conda_envs\base.yml,
20,C:\Coding\AI\Dataset\!masks_for_training\20,yolov8_seg,YOLOv8-seg,ok,taco_export_root,C:\Coding\AI\projekt\datasets\TACO\yolo_seg,str,projekt-base,C:\Coding\AI\projekt\conda_envs\base.yml,
20,C:\Coding\AI\Dataset\!masks_for_training\20,yolov8_seg,YOLOv8-seg,ok,taco_data_yaml,C:\Coding\AI\projekt\datasets\TACO\yolo_seg\data.yaml,str,projekt-base,C:\Coding\AI\projekt\conda_envs\base.yml,
20,C:\Coding\AI\Dataset\!masks_for_training\20,yolov8_seg,YOLOv8-seg,ok,taco_source_images,1500,int,projekt-base,C:\Coding\AI\projekt\conda_envs\base.yml,
20,C:\Coding\AI\Dataset\!masks_for_training\20,yolov8_seg,YOLOv8-seg,ok,taco_exported_images,1500,int,projekt-base,C:\Coding\AI\projekt\conda_envs\base.yml,
20,C:\Coding\AI\Dataset\!masks_for_training\20,yolov8_seg,YOLOv8-seg,ok,taco_exported_labels,1500,int,projekt-base,C:\Coding\AI\projekt\conda_envs\base.yml,
20,C:\Coding\AI\Dataset\!masks_for_training\20,yolov8_seg,YOLOv8-seg,ok,taco_skipped_missing_images,0,int,projekt-base,C:\Coding\AI\projekt\conda_envs\base.yml,
20,C:\Coding\AI\Dataset\!masks_for_training\20,yolov8_seg,YOLOv8-seg,ok,taco_skipped_invalid_polygons,0,int,projekt-base,C:\Coding\AI\projekt\conda_envs\base.yml,
20,C:\Coding\AI\Dataset\!masks_for_training\20,yolov8_seg,YOLOv8-seg,ok,before_instance_count,72,int,projekt-base,C:\Coding\AI\projekt\conda_envs\base.yml,
20,C:\Coding\AI\Dataset\!masks_for_training\20,yolov8_seg,YOLOv8-seg,ok,after_instance_count,78,int,projekt-base,C:\Coding\AI\projekt\conda_envs\base.yml,
20,C:\Coding\AI\Dataset\!masks_for_training\20,yolov8_seg,YOLOv8-seg,ok,instance_count_total,150,int,projekt-base,C:\Coding\AI\projekt\conda_envs\base.yml,
20,C:\Coding\AI\Dataset\!masks_for_training\20,yolov8_seg,YOLOv8-seg,ok,before_mask_area_px,56902,int,projekt-base,C:\Coding\AI\projekt\conda_envs\base.yml,
20,C:\Coding\AI\Dataset\!masks_for_training\20,yolov8_seg,YOLOv8-seg,ok,after_mask_area_px,32663,int,projekt-base,C:\Coding\AI\projekt\conda_envs\base.yml,
20,C:\Coding\AI\Dataset\!masks_for_training\20,yolov8_seg,YOLOv8-seg,ok,before_mask_area_ratio,0.004667,float,projekt-base,C:\Coding\AI\projekt\conda_envs\base.yml,
20,C:\Coding\AI\Dataset\!masks_for_training\20,yolov8_seg,YOLOv8-seg,ok,after_mask_area_ratio,0.002679,float,projekt-base,C:\Coding\AI\projekt\conda_envs\base.yml,
20,C:\Coding\AI\Dataset\!masks_for_training\20,yolov8_seg,YOLOv8-seg,ok,mask_area_delta_px,-24239,int,projekt-base,C:\Coding\AI\projekt\conda_envs\base.yml,
20,C:\Coding\AI\Dataset\!masks_for_training\20,yolov8_seg,YOLOv8-seg,ok,mask_area_delta_ratio,-0.001988,float,projekt-base,C:\Coding\AI\projekt\conda_envs\base.yml,
20,C:\Coding\AI\Dataset\!masks_for_training\20,yolov8_seg,YOLOv8-seg,ok,before_bbox_area_px,103547,int,projekt-base,C:\Coding\AI\projekt\conda_envs\base.yml,
20,C:\Coding\AI\Dataset\!masks_for_training\20,yolov8_seg,YOLOv8-seg,ok,after_bbox_area_px,51358,int,projekt-base,C:\Coding\AI\projekt\conda_envs\base.yml,
20,C:\Coding\AI\Dataset\!masks_for_training\20,yolov8_seg,YOLOv8-seg,ok,before_mean_confidence,0.550923,float,projekt-base,C:\Coding\AI\projekt\conda_envs\base.yml,
20,C:\Coding\AI\Dataset\!masks_for_training\20,yolov8_seg,YOLOv8-seg,ok,after_mean_confidence,0.535503,float,projekt-base,C:\Coding\AI\projekt\conda_envs\base.yml,
20,C:\Coding\AI\Dataset\!masks_for_training\20,yolov8_seg,YOLOv8-seg,ok,before_inference_ms,5824.17,float,projekt-base,C:\Coding\AI\projekt\conda_envs\base.yml,
20,C:\Coding\AI\Dataset\!masks_for_training\20,yolov8_seg,YOLOv8-seg,ok,after_inference_ms,6758.44,float,projekt-base,C:\Coding\AI\projekt\conda_envs\base.yml,
20,C:\Coding\AI\Dataset\!masks_for_training\20,yolov8_seg,YOLOv8-seg,ok,inference_ms_total,12582.6,float,projekt-base,C:\Coding\AI\projekt\conda_envs\base.yml,
21,C:\Coding\AI\Dataset\!masks_for_training\21,changeformer,ChangeFormer,error,,,,projekt-base,C:\Coding\AI\projekt\conda_envs\base.yml,ValueError: Shared canvas produced an unreasonably large result
21,C:\Coding\AI\Dataset\!masks_for_training\21,efficientnet,EfficientNet,ok,analysis_mode,efficientnet_cls_pair,str,projekt-base,C:\Coding\AI\projekt\conda_envs\base.yml,
21,C:\Coding\AI\Dataset\!masks_for_training\21,efficientnet,EfficientNet,ok,inference_mode,heuristic_fallback,str,projekt-base,C:\Coding\AI\projekt\conda_envs\base.yml,
21,C:\Coding\AI\Dataset\!masks_for_training\21,efficientnet,EfficientNet,ok,model_name,efficientnet_b0,str,projekt-base,C:\Coding\AI\projekt\conda_envs\base.yml,
21,C:\Coding\AI\Dataset\!masks_for_training\21,efficientnet,EfficientNet,ok,model_source,None,str,projekt-base,C:\Coding\AI\projekt\conda_envs\base.yml,
21,C:\Coding\AI\Dataset\!masks_for_training\21,efficientnet,EfficientNet,ok,weights_path,C:\Coding\AI\projekt\weights\efficientnet_best.pt,str,projekt-base,C:\Coding\AI\projekt\conda_envs\base.yml,
21,C:\Coding\AI\Dataset\!masks_for_training\21,efficientnet,EfficientNet,ok,device_requested,auto,str,projekt-base,C:\Coding\AI\projekt\conda_envs\base.yml,
21,C:\Coding\AI\Dataset\!masks_for_training\21,efficientnet,EfficientNet,ok,device_used,cpu,str,projekt-base,C:\Coding\AI\projekt\conda_envs\base.yml,
21,C:\Coding\AI\Dataset\!masks_for_training\21,efficientnet,EfficientNet,ok,force_cpu,False,bool,projekt-base,C:\Coding\AI\projekt\conda_envs\base.yml,
21,C:\Coding\AI\Dataset\!masks_for_training\21,efficientnet,EfficientNet,ok,cuda_available,True,bool,projekt-base,C:\Coding\AI\projekt\conda_envs\base.yml,
21,C:\Coding\AI\Dataset\!masks_for_training\21,efficientnet,EfficientNet,ok,input_size,224,int,projekt-base,C:\Coding\AI\projekt\conda_envs\base.yml,
21,C:\Coding\AI\Dataset\!masks_for_training\21,efficientnet,EfficientNet,ok,dirty_threshold,0.42,float,projekt-base,C:\Coding\AI\projekt\conda_envs\base.yml,
21,C:\Coding\AI\Dataset\!masks_for_training\21,efficientnet,EfficientNet,ok,dirty_keyword_classes,2,int,projekt-base,C:\Coding\AI\projekt\conda_envs\base.yml,
21,C:\Coding\AI\Dataset\!masks_for_training\21,efficientnet,EfficientNet,ok,before_crop_count,6,int,projekt-base,C:\Coding\AI\projekt\conda_envs\base.yml,
21,C:\Coding\AI\Dataset\!masks_for_training\21,efficientnet,EfficientNet,ok,after_crop_count,6,int,projekt-base,C:\Coding\AI\projekt\conda_envs\base.yml,
21,C:\Coding\AI\Dataset\!masks_for_training\21,efficientnet,EfficientNet,ok,before_crop_dirty_prob_mean,0.577409,float,projekt-base,C:\Coding\AI\projekt\conda_envs\base.yml,
21,C:\Coding\AI\Dataset\!masks_for_training\21,efficientnet,EfficientNet,ok,after_crop_dirty_prob_mean,0.599918,float,projekt-base,C:\Coding\AI\projekt\conda_envs\base.yml,
21,C:\Coding\AI\Dataset\!masks_for_training\21,efficientnet,EfficientNet,ok,before_crop_dirty_prob_max,0.647374,float,projekt-base,C:\Coding\AI\projekt\conda_envs\base.yml,
21,C:\Coding\AI\Dataset\!masks_for_training\21,efficientnet,EfficientNet,ok,after_crop_dirty_prob_max,0.674127,float,projekt-base,C:\Coding\AI\projekt\conda_envs\base.yml,
21,C:\Coding\AI\Dataset\!masks_for_training\21,efficientnet,EfficientNet,ok,before_crop_support_ratio,1,float,projekt-base,C:\Coding\AI\projekt\conda_envs\base.yml,
21,C:\Coding\AI\Dataset\!masks_for_training\21,efficientnet,EfficientNet,ok,after_crop_support_ratio,1,float,projekt-base,C:\Coding\AI\projekt\conda_envs\base.yml,
21,C:\Coding\AI\Dataset\!masks_for_training\21,efficientnet,EfficientNet,ok,before_dirty_prob,0.627784,float,projekt-base,C:\Coding\AI\projekt\conda_envs\base.yml,
21,C:\Coding\AI\Dataset\!masks_for_training\21,efficientnet,EfficientNet,ok,after_dirty_prob,0.653349,float,projekt-base,C:\Coding\AI\projekt\conda_envs\base.yml,
21,C:\Coding\AI\Dataset\!masks_for_training\21,efficientnet,EfficientNet,ok,before_clean_prob,0.372216,float,projekt-base,C:\Coding\AI\projekt\conda_envs\base.yml,
21,C:\Coding\AI\Dataset\!masks_for_training\21,efficientnet,EfficientNet,ok,after_clean_prob,0.346651,float,projekt-base,C:\Coding\AI\projekt\conda_envs\base.yml,
21,C:\Coding\AI\Dataset\!masks_for_training\21,efficientnet,EfficientNet,ok,cleanup_delta,-0.025565,float,projekt-base,C:\Coding\AI\projekt\conda_envs\base.yml,
21,C:\Coding\AI\Dataset\!masks_for_training\21,efficientnet,EfficientNet,ok,cleanup_score,0,float,projekt-base,C:\Coding\AI\projekt\conda_envs\base.yml,
21,C:\Coding\AI\Dataset\!masks_for_training\21,efficientnet,EfficientNet,ok,dirty_prob_delta,0.025565,float,projekt-base,C:\Coding\AI\projekt\conda_envs\base.yml,
21,C:\Coding\AI\Dataset\!masks_for_training\21,efficientnet,EfficientNet,ok,dirty_prob_abs_delta,0.025565,float,projekt-base,C:\Coding\AI\projekt\conda_envs\base.yml,
21,C:\Coding\AI\Dataset\!masks_for_training\21,efficientnet,EfficientNet,ok,before_pred_label,dirty,str,projekt-base,C:\Coding\AI\projekt\conda_envs\base.yml,
21,C:\Coding\AI\Dataset\!masks_for_training\21,efficientnet,EfficientNet,ok,after_pred_label,dirty,str,projekt-base,C:\Coding\AI\projekt\conda_envs\base.yml,
21,C:\Coding\AI\Dataset\!masks_for_training\21,efficientnet,EfficientNet,ok,before_top1_label,dirty,str,projekt-base,C:\Coding\AI\projekt\conda_envs\base.yml,
21,C:\Coding\AI\Dataset\!masks_for_training\21,efficientnet,EfficientNet,ok,after_top1_label,dirty,str,projekt-base,C:\Coding\AI\projekt\conda_envs\base.yml,
21,C:\Coding\AI\Dataset\!masks_for_training\21,efficientnet,EfficientNet,ok,before_top1_prob,0.647374,float,projekt-base,C:\Coding\AI\projekt\conda_envs\base.yml,
21,C:\Coding\AI\Dataset\!masks_for_training\21,efficientnet,EfficientNet,ok,after_top1_prob,0.674127,float,projekt-base,C:\Coding\AI\projekt\conda_envs\base.yml,
21,C:\Coding\AI\Dataset\!masks_for_training\21,efficientnet,EfficientNet,ok,before_entropy_norm,0.97441,float,projekt-base,C:\Coding\AI\projekt\conda_envs\base.yml,
21,C:\Coding\AI\Dataset\!masks_for_training\21,efficientnet,EfficientNet,ok,after_entropy_norm,0.960859,float,projekt-base,C:\Coding\AI\projekt\conda_envs\base.yml,
21,C:\Coding\AI\Dataset\!masks_for_training\21,efficientnet,EfficientNet,ok,before_inference_ms,0,float,projekt-base,C:\Coding\AI\projekt\conda_envs\base.yml,
21,C:\Coding\AI\Dataset\!masks_for_training\21,efficientnet,EfficientNet,ok,after_inference_ms,0,float,projekt-base,C:\Coding\AI\projekt\conda_envs\base.yml,
21,C:\Coding\AI\Dataset\!masks_for_training\21,efficientnet,EfficientNet,ok,inference_ms_total,0,float,projekt-base,C:\Coding\AI\projekt\conda_envs\base.yml,
21,C:\Coding\AI\Dataset\!masks_for_training\21,sift_ransac,SIFT + RANSAC + difference map,error,,,,projekt-base,C:\Coding\AI\projekt\conda_envs\base.yml,"ValueError: operands could not be broadcast together with shapes (4032,3024,1) (4032,3024) "
21,C:\Coding\AI\Dataset\!masks_for_training\21,siamese_unet,Siamese U-Net,error,,,,projekt-base,C:\Coding\AI\projekt\conda_envs\base.yml,"ValueError: operands could not be broadcast together with shapes (4032,3024,1) (4032,3024) "
21,C:\Coding\AI\Dataset\!masks_for_training\21,yolov8_seg,YOLOv8-seg,ok,analysis_mode,yolov8_seg_pair,str,projekt-base,C:\Coding\AI\projekt\conda_envs\base.yml,
21,C:\Coding\AI\Dataset\!masks_for_training\21,yolov8_seg,YOLOv8-seg,ok,model_name,C:\Coding\AI\projekt\weights\yolov8m_trash_finetuned.pt,str,projekt-base,C:\Coding\AI\projekt\conda_envs\base.yml,
21,C:\Coding\AI\Dataset\!masks_for_training\21,yolov8_seg,YOLOv8-seg,ok,model_source,C:\Coding\AI\projekt\weights\yolov8m_seg_best_new+fine-tune.pt,str,projekt-base,C:\Coding\AI\projekt\conda_envs\base.yml,
21,C:\Coding\AI\Dataset\!masks_for_training\21,yolov8_seg,YOLOv8-seg,ok,device_requested,auto,str,projekt-base,C:\Coding\AI\projekt\conda_envs\base.yml,
21,C:\Coding\AI\Dataset\!masks_for_training\21,yolov8_seg,YOLOv8-seg,ok,device_used,cuda,str,projekt-base,C:\Coding\AI\projekt\conda_envs\base.yml,
21,C:\Coding\AI\Dataset\!masks_for_training\21,yolov8_seg,YOLOv8-seg,ok,force_cpu,False,bool,projekt-base,C:\Coding\AI\projekt\conda_envs\base.yml,
21,C:\Coding\AI\Dataset\!masks_for_training\21,yolov8_seg,YOLOv8-seg,ok,cuda_available,True,bool,projekt-base,C:\Coding\AI\projekt\conda_envs\base.yml,
21,C:\Coding\AI\Dataset\!masks_for_training\21,yolov8_seg,YOLOv8-seg,ok,image_size,1536,int,projekt-base,C:\Coding\AI\projekt\conda_envs\base.yml,
21,C:\Coding\AI\Dataset\!masks_for_training\21,yolov8_seg,YOLOv8-seg,ok,confidence_threshold,0.35,float,projekt-base,C:\Coding\AI\projekt\conda_envs\base.yml,
21,C:\Coding\AI\Dataset\!masks_for_training\21,yolov8_seg,YOLOv8-seg,ok,iou_threshold,0.4,float,projekt-base,C:\Coding\AI\projekt\conda_envs\base.yml,
21,C:\Coding\AI\Dataset\!masks_for_training\21,yolov8_seg,YOLOv8-seg,ok,tile_inference_mode,auto,str,projekt-base,C:\Coding\AI\projekt\conda_envs\base.yml,
21,C:\Coding\AI\Dataset\!masks_for_training\21,yolov8_seg,YOLOv8-seg,ok,tile_size,640,int,projekt-base,C:\Coding\AI\projekt\conda_envs\base.yml,
21,C:\Coding\AI\Dataset\!masks_for_training\21,yolov8_seg,YOLOv8-seg,ok,tile_overlap_ratio,0.5,float,projekt-base,C:\Coding\AI\projekt\conda_envs\base.yml,
21,C:\Coding\AI\Dataset\!masks_for_training\21,yolov8_seg,YOLOv8-seg,ok,before_tile_count,108,int,projekt-base,C:\Coding\AI\projekt\conda_envs\base.yml,
21,C:\Coding\AI\Dataset\!masks_for_training\21,yolov8_seg,YOLOv8-seg,ok,after_tile_count,108,int,projekt-base,C:\Coding\AI\projekt\conda_envs\base.yml,
21,C:\Coding\AI\Dataset\!masks_for_training\21,yolov8_seg,YOLOv8-seg,ok,selected_class_count,0,int,projekt-base,C:\Coding\AI\projekt\conda_envs\base.yml,
21,C:\Coding\AI\Dataset\!masks_for_training\21,yolov8_seg,YOLOv8-seg,ok,selected_class_ids,[],list,projekt-base,C:\Coding\AI\projekt\conda_envs\base.yml,
21,C:\Coding\AI\Dataset\!masks_for_training\21,yolov8_seg,YOLOv8-seg,ok,taco_dataset_root,C:\Coding\AI\projekt\datasets\TACO,str,projekt-base,C:\Coding\AI\projekt\conda_envs\base.yml,
21,C:\Coding\AI\Dataset\!masks_for_training\21,yolov8_seg,YOLOv8-seg,ok,taco_annotations_path,C:\Coding\AI\projekt\datasets\TACO\data\annotations.json,str,projekt-base,C:\Coding\AI\projekt\conda_envs\base.yml,
21,C:\Coding\AI\Dataset\!masks_for_training\21,yolov8_seg,YOLOv8-seg,ok,taco_export_root,C:\Coding\AI\projekt\datasets\TACO\yolo_seg,str,projekt-base,C:\Coding\AI\projekt\conda_envs\base.yml,
21,C:\Coding\AI\Dataset\!masks_for_training\21,yolov8_seg,YOLOv8-seg,ok,taco_data_yaml,C:\Coding\AI\projekt\datasets\TACO\yolo_seg\data.yaml,str,projekt-base,C:\Coding\AI\projekt\conda_envs\base.yml,
21,C:\Coding\AI\Dataset\!masks_for_training\21,yolov8_seg,YOLOv8-seg,ok,taco_source_images,1500,int,projekt-base,C:\Coding\AI\projekt\conda_envs\base.yml,
21,C:\Coding\AI\Dataset\!masks_for_training\21,yolov8_seg,YOLOv8-seg,ok,taco_exported_images,1500,int,projekt-base,C:\Coding\AI\projekt\conda_envs\base.yml,
21,C:\Coding\AI\Dataset\!masks_for_training\21,yolov8_seg,YOLOv8-seg,ok,taco_exported_labels,1500,int,projekt-base,C:\Coding\AI\projekt\conda_envs\base.yml,
21,C:\Coding\AI\Dataset\!masks_for_training\21,yolov8_seg,YOLOv8-seg,ok,taco_skipped_missing_images,0,int,projekt-base,C:\Coding\AI\projekt\conda_envs\base.yml,
21,C:\Coding\AI\Dataset\!masks_for_training\21,yolov8_seg,YOLOv8-seg,ok,taco_skipped_invalid_polygons,0,int,projekt-base,C:\Coding\AI\projekt\conda_envs\base.yml,
21,C:\Coding\AI\Dataset\!masks_for_training\21,yolov8_seg,YOLOv8-seg,ok,before_instance_count,18,int,projekt-base,C:\Coding\AI\projekt\conda_envs\base.yml,
21,C:\Coding\AI\Dataset\!masks_for_training\21,yolov8_seg,YOLOv8-seg,ok,after_instance_count,17,int,projekt-base,C:\Coding\AI\projekt\conda_envs\base.yml,
21,C:\Coding\AI\Dataset\!masks_for_training\21,yolov8_seg,YOLOv8-seg,ok,instance_count_total,35,int,projekt-base,C:\Coding\AI\projekt\conda_envs\base.yml,
21,C:\Coding\AI\Dataset\!masks_for_training\21,yolov8_seg,YOLOv8-seg,ok,before_mask_area_px,165243,int,projekt-base,C:\Coding\AI\projekt\conda_envs\base.yml,
21,C:\Coding\AI\Dataset\!masks_for_training\21,yolov8_seg,YOLOv8-seg,ok,after_mask_area_px,136045,int,projekt-base,C:\Coding\AI\projekt\conda_envs\base.yml,
21,C:\Coding\AI\Dataset\!masks_for_training\21,yolov8_seg,YOLOv8-seg,ok,before_mask_area_ratio,0.013553,float,projekt-base,C:\Coding\AI\projekt\conda_envs\base.yml,
21,C:\Coding\AI\Dataset\!masks_for_training\21,yolov8_seg,YOLOv8-seg,ok,after_mask_area_ratio,0.011158,float,projekt-base,C:\Coding\AI\projekt\conda_envs\base.yml,
21,C:\Coding\AI\Dataset\!masks_for_training\21,yolov8_seg,YOLOv8-seg,ok,mask_area_delta_px,-29198,int,projekt-base,C:\Coding\AI\projekt\conda_envs\base.yml,
21,C:\Coding\AI\Dataset\!masks_for_training\21,yolov8_seg,YOLOv8-seg,ok,mask_area_delta_ratio,-0.002395,float,projekt-base,C:\Coding\AI\projekt\conda_envs\base.yml,
21,C:\Coding\AI\Dataset\!masks_for_training\21,yolov8_seg,YOLOv8-seg,ok,before_bbox_area_px,392932,int,projekt-base,C:\Coding\AI\projekt\conda_envs\base.yml,
21,C:\Coding\AI\Dataset\!masks_for_training\21,yolov8_seg,YOLOv8-seg,ok,after_bbox_area_px,193086,int,projekt-base,C:\Coding\AI\projekt\conda_envs\base.yml,
21,C:\Coding\AI\Dataset\!masks_for_training\21,yolov8_seg,YOLOv8-seg,ok,before_mean_confidence,0.536339,float,projekt-base,C:\Coding\AI\projekt\conda_envs\base.yml,
21,C:\Coding\AI\Dataset\!masks_for_training\21,yolov8_seg,YOLOv8-seg,ok,after_mean_confidence,0.481242,float,projekt-base,C:\Coding\AI\projekt\conda_envs\base.yml,
21,C:\Coding\AI\Dataset\!masks_for_training\21,yolov8_seg,YOLOv8-seg,ok,before_inference_ms,3372.47,float,projekt-base,C:\Coding\AI\projekt\conda_envs\base.yml,
21,C:\Coding\AI\Dataset\!masks_for_training\21,yolov8_seg,YOLOv8-seg,ok,after_inference_ms,3019.7,float,projekt-base,C:\Coding\AI\projekt\conda_envs\base.yml,
21,C:\Coding\AI\Dataset\!masks_for_training\21,yolov8_seg,YOLOv8-seg,ok,inference_ms_total,6392.17,float,projekt-base,C:\Coding\AI\projekt\conda_envs\base.yml,
22,C:\Coding\AI\Dataset\!masks_for_training\22,changeformer,ChangeFormer,error,,,,projekt-base,C:\Coding\AI\projekt\conda_envs\base.yml,"ValueError: operands could not be broadcast together with shapes (4032,3024,1) (4032,3024) "
22,C:\Coding\AI\Dataset\!masks_for_training\22,efficientnet,EfficientNet,ok,analysis_mode,efficientnet_cls_pair,str,projekt-base,C:\Coding\AI\projekt\conda_envs\base.yml,
22,C:\Coding\AI\Dataset\!masks_for_training\22,efficientnet,EfficientNet,ok,inference_mode,heuristic_fallback,str,projekt-base,C:\Coding\AI\projekt\conda_envs\base.yml,
22,C:\Coding\AI\Dataset\!masks_for_training\22,efficientnet,EfficientNet,ok,model_name,efficientnet_b0,str,projekt-base,C:\Coding\AI\projekt\conda_envs\base.yml,
22,C:\Coding\AI\Dataset\!masks_for_training\22,efficientnet,EfficientNet,ok,model_source,None,str,projekt-base,C:\Coding\AI\projekt\conda_envs\base.yml,
22,C:\Coding\AI\Dataset\!masks_for_training\22,efficientnet,EfficientNet,ok,weights_path,C:\Coding\AI\projekt\weights\efficientnet_best.pt,str,projekt-base,C:\Coding\AI\projekt\conda_envs\base.yml,
22,C:\Coding\AI\Dataset\!masks_for_training\22,efficientnet,EfficientNet,ok,device_requested,auto,str,projekt-base,C:\Coding\AI\projekt\conda_envs\base.yml,
22,C:\Coding\AI\Dataset\!masks_for_training\22,efficientnet,EfficientNet,ok,device_used,cpu,str,projekt-base,C:\Coding\AI\projekt\conda_envs\base.yml,
22,C:\Coding\AI\Dataset\!masks_for_training\22,efficientnet,EfficientNet,ok,force_cpu,False,bool,projekt-base,C:\Coding\AI\projekt\conda_envs\base.yml,
22,C:\Coding\AI\Dataset\!masks_for_training\22,efficientnet,EfficientNet,ok,cuda_available,True,bool,projekt-base,C:\Coding\AI\projekt\conda_envs\base.yml,
22,C:\Coding\AI\Dataset\!masks_for_training\22,efficientnet,EfficientNet,ok,input_size,224,int,projekt-base,C:\Coding\AI\projekt\conda_envs\base.yml,
22,C:\Coding\AI\Dataset\!masks_for_training\22,efficientnet,EfficientNet,ok,dirty_threshold,0.42,float,projekt-base,C:\Coding\AI\projekt\conda_envs\base.yml,
22,C:\Coding\AI\Dataset\!masks_for_training\22,efficientnet,EfficientNet,ok,dirty_keyword_classes,2,int,projekt-base,C:\Coding\AI\projekt\conda_envs\base.yml,
22,C:\Coding\AI\Dataset\!masks_for_training\22,efficientnet,EfficientNet,ok,before_crop_count,6,int,projekt-base,C:\Coding\AI\projekt\conda_envs\base.yml,
22,C:\Coding\AI\Dataset\!masks_for_training\22,efficientnet,EfficientNet,ok,after_crop_count,6,int,projekt-base,C:\Coding\AI\projekt\conda_envs\base.yml,
22,C:\Coding\AI\Dataset\!masks_for_training\22,efficientnet,EfficientNet,ok,before_crop_dirty_prob_mean,0.553173,float,projekt-base,C:\Coding\AI\projekt\conda_envs\base.yml,
22,C:\Coding\AI\Dataset\!masks_for_training\22,efficientnet,EfficientNet,ok,after_crop_dirty_prob_mean,0.60071,float,projekt-base,C:\Coding\AI\projekt\conda_envs\base.yml,
22,C:\Coding\AI\Dataset\!masks_for_training\22,efficientnet,EfficientNet,ok,before_crop_dirty_prob_max,0.671373,float,projekt-base,C:\Coding\AI\projekt\conda_envs\base.yml,
22,C:\Coding\AI\Dataset\!masks_for_training\22,efficientnet,EfficientNet,ok,after_crop_dirty_prob_max,0.677077,float,projekt-base,C:\Coding\AI\projekt\conda_envs\base.yml,
22,C:\Coding\AI\Dataset\!masks_for_training\22,efficientnet,EfficientNet,ok,before_crop_support_ratio,0.833333,float,projekt-base,C:\Coding\AI\projekt\conda_envs\base.yml,
22,C:\Coding\AI\Dataset\!masks_for_training\22,efficientnet,EfficientNet,ok,after_crop_support_ratio,1,float,projekt-base,C:\Coding\AI\projekt\conda_envs\base.yml,
22,C:\Coding\AI\Dataset\!masks_for_training\22,efficientnet,EfficientNet,ok,before_dirty_prob,0.638277,float,projekt-base,C:\Coding\AI\projekt\conda_envs\base.yml,
22,C:\Coding\AI\Dataset\!masks_for_training\22,efficientnet,EfficientNet,ok,after_dirty_prob,0.655694,float,projekt-base,C:\Coding\AI\projekt\conda_envs\base.yml,
22,C:\Coding\AI\Dataset\!masks_for_training\22,efficientnet,EfficientNet,ok,before_clean_prob,0.361723,float,projekt-base,C:\Coding\AI\projekt\conda_envs\base.yml,
22,C:\Coding\AI\Dataset\!masks_for_training\22,efficientnet,EfficientNet,ok,after_clean_prob,0.344306,float,projekt-base,C:\Coding\AI\projekt\conda_envs\base.yml,
22,C:\Coding\AI\Dataset\!masks_for_training\22,efficientnet,EfficientNet,ok,cleanup_delta,-0.017417,float,projekt-base,C:\Coding\AI\projekt\conda_envs\base.yml,
22,C:\Coding\AI\Dataset\!masks_for_training\22,efficientnet,EfficientNet,ok,cleanup_score,0,float,projekt-base,C:\Coding\AI\projekt\conda_envs\base.yml,
22,C:\Coding\AI\Dataset\!masks_for_training\22,efficientnet,EfficientNet,ok,dirty_prob_delta,0.017417,float,projekt-base,C:\Coding\AI\projekt\conda_envs\base.yml,
22,C:\Coding\AI\Dataset\!masks_for_training\22,efficientnet,EfficientNet,ok,dirty_prob_abs_delta,0.017417,float,projekt-base,C:\Coding\AI\projekt\conda_envs\base.yml,
22,C:\Coding\AI\Dataset\!masks_for_training\22,efficientnet,EfficientNet,ok,before_pred_label,dirty,str,projekt-base,C:\Coding\AI\projekt\conda_envs\base.yml,
22,C:\Coding\AI\Dataset\!masks_for_training\22,efficientnet,EfficientNet,ok,after_pred_label,dirty,str,projekt-base,C:\Coding\AI\projekt\conda_envs\base.yml,
22,C:\Coding\AI\Dataset\!masks_for_training\22,efficientnet,EfficientNet,ok,before_top1_label,dirty,str,projekt-base,C:\Coding\AI\projekt\conda_envs\base.yml,
22,C:\Coding\AI\Dataset\!masks_for_training\22,efficientnet,EfficientNet,ok,after_top1_label,dirty,str,projekt-base,C:\Coding\AI\projekt\conda_envs\base.yml,
22,C:\Coding\AI\Dataset\!masks_for_training\22,efficientnet,EfficientNet,ok,before_top1_prob,0.671373,float,projekt-base,C:\Coding\AI\projekt\conda_envs\base.yml,
22,C:\Coding\AI\Dataset\!masks_for_training\22,efficientnet,EfficientNet,ok,after_top1_prob,0.677077,float,projekt-base,C:\Coding\AI\projekt\conda_envs\base.yml,
22,C:\Coding\AI\Dataset\!masks_for_training\22,efficientnet,EfficientNet,ok,before_entropy_norm,0.96319,float,projekt-base,C:\Coding\AI\projekt\conda_envs\base.yml,
22,C:\Coding\AI\Dataset\!masks_for_training\22,efficientnet,EfficientNet,ok,after_entropy_norm,0.954467,float,projekt-base,C:\Coding\AI\projekt\conda_envs\base.yml,
22,C:\Coding\AI\Dataset\!masks_for_training\22,efficientnet,EfficientNet,ok,before_inference_ms,0,float,projekt-base,C:\Coding\AI\projekt\conda_envs\base.yml,
22,C:\Coding\AI\Dataset\!masks_for_training\22,efficientnet,EfficientNet,ok,after_inference_ms,0,float,projekt-base,C:\Coding\AI\projekt\conda_envs\base.yml,
22,C:\Coding\AI\Dataset\!masks_for_training\22,efficientnet,EfficientNet,ok,inference_ms_total,0,float,projekt-base,C:\Coding\AI\projekt\conda_envs\base.yml,
22,C:\Coding\AI\Dataset\!masks_for_training\22,sift_ransac,SIFT + RANSAC + difference map,error,,,,projekt-base,C:\Coding\AI\projekt\conda_envs\base.yml,"ValueError: operands could not be broadcast together with shapes (4032,3024,1) (4032,3024) "
22,C:\Coding\AI\Dataset\!masks_for_training\22,siamese_unet,Siamese U-Net,error,,,,projekt-base,C:\Coding\AI\projekt\conda_envs\base.yml,"ValueError: operands could not be broadcast together with shapes (4032,3024,1) (4032,3024) "
22,C:\Coding\AI\Dataset\!masks_for_training\22,yolov8_seg,YOLOv8-seg,ok,analysis_mode,yolov8_seg_pair,str,projekt-base,C:\Coding\AI\projekt\conda_envs\base.yml,
22,C:\Coding\AI\Dataset\!masks_for_training\22,yolov8_seg,YOLOv8-seg,ok,model_name,C:\Coding\AI\projekt\weights\yolov8m_trash_finetuned.pt,str,projekt-base,C:\Coding\AI\projekt\conda_envs\base.yml,
22,C:\Coding\AI\Dataset\!masks_for_training\22,yolov8_seg,YOLOv8-seg,ok,model_source,C:\Coding\AI\projekt\weights\yolov8m_seg_best_new+fine-tune.pt,str,projekt-base,C:\Coding\AI\projekt\conda_envs\base.yml,
22,C:\Coding\AI\Dataset\!masks_for_training\22,yolov8_seg,YOLOv8-seg,ok,device_requested,auto,str,projekt-base,C:\Coding\AI\projekt\conda_envs\base.yml,
22,C:\Coding\AI\Dataset\!masks_for_training\22,yolov8_seg,YOLOv8-seg,ok,device_used,cuda,str,projekt-base,C:\Coding\AI\projekt\conda_envs\base.yml,
22,C:\Coding\AI\Dataset\!masks_for_training\22,yolov8_seg,YOLOv8-seg,ok,force_cpu,False,bool,projekt-base,C:\Coding\AI\projekt\conda_envs\base.yml,
22,C:\Coding\AI\Dataset\!masks_for_training\22,yolov8_seg,YOLOv8-seg,ok,cuda_available,True,bool,projekt-base,C:\Coding\AI\projekt\conda_envs\base.yml,
22,C:\Coding\AI\Dataset\!masks_for_training\22,yolov8_seg,YOLOv8-seg,ok,image_size,1536,int,projekt-base,C:\Coding\AI\projekt\conda_envs\base.yml,
22,C:\Coding\AI\Dataset\!masks_for_training\22,yolov8_seg,YOLOv8-seg,ok,confidence_threshold,0.35,float,projekt-base,C:\Coding\AI\projekt\conda_envs\base.yml,
22,C:\Coding\AI\Dataset\!masks_for_training\22,yolov8_seg,YOLOv8-seg,ok,iou_threshold,0.4,float,projekt-base,C:\Coding\AI\projekt\conda_envs\base.yml,
22,C:\Coding\AI\Dataset\!masks_for_training\22,yolov8_seg,YOLOv8-seg,ok,tile_inference_mode,auto,str,projekt-base,C:\Coding\AI\projekt\conda_envs\base.yml,
22,C:\Coding\AI\Dataset\!masks_for_training\22,yolov8_seg,YOLOv8-seg,ok,tile_size,640,int,projekt-base,C:\Coding\AI\projekt\conda_envs\base.yml,
22,C:\Coding\AI\Dataset\!masks_for_training\22,yolov8_seg,YOLOv8-seg,ok,tile_overlap_ratio,0.5,float,projekt-base,C:\Coding\AI\projekt\conda_envs\base.yml,
22,C:\Coding\AI\Dataset\!masks_for_training\22,yolov8_seg,YOLOv8-seg,ok,before_tile_count,108,int,projekt-base,C:\Coding\AI\projekt\conda_envs\base.yml,
22,C:\Coding\AI\Dataset\!masks_for_training\22,yolov8_seg,YOLOv8-seg,ok,after_tile_count,108,int,projekt-base,C:\Coding\AI\projekt\conda_envs\base.yml,
22,C:\Coding\AI\Dataset\!masks_for_training\22,yolov8_seg,YOLOv8-seg,ok,selected_class_count,0,int,projekt-base,C:\Coding\AI\projekt\conda_envs\base.yml,
22,C:\Coding\AI\Dataset\!masks_for_training\22,yolov8_seg,YOLOv8-seg,ok,selected_class_ids,[],list,projekt-base,C:\Coding\AI\projekt\conda_envs\base.yml,
22,C:\Coding\AI\Dataset\!masks_for_training\22,yolov8_seg,YOLOv8-seg,ok,taco_dataset_root,C:\Coding\AI\projekt\datasets\TACO,str,projekt-base,C:\Coding\AI\projekt\conda_envs\base.yml,
22,C:\Coding\AI\Dataset\!masks_for_training\22,yolov8_seg,YOLOv8-seg,ok,taco_annotations_path,C:\Coding\AI\projekt\datasets\TACO\data\annotations.json,str,projekt-base,C:\Coding\AI\projekt\conda_envs\base.yml,
22,C:\Coding\AI\Dataset\!masks_for_training\22,yolov8_seg,YOLOv8-seg,ok,taco_export_root,C:\Coding\AI\projekt\datasets\TACO\yolo_seg,str,projekt-base,C:\Coding\AI\projekt\conda_envs\base.yml,
22,C:\Coding\AI\Dataset\!masks_for_training\22,yolov8_seg,YOLOv8-seg,ok,taco_data_yaml,C:\Coding\AI\projekt\datasets\TACO\yolo_seg\data.yaml,str,projekt-base,C:\Coding\AI\projekt\conda_envs\base.yml,
22,C:\Coding\AI\Dataset\!masks_for_training\22,yolov8_seg,YOLOv8-seg,ok,taco_source_images,1500,int,projekt-base,C:\Coding\AI\projekt\conda_envs\base.yml,
22,C:\Coding\AI\Dataset\!masks_for_training\22,yolov8_seg,YOLOv8-seg,ok,taco_exported_images,1500,int,projekt-base,C:\Coding\AI\projekt\conda_envs\base.yml,
22,C:\Coding\AI\Dataset\!masks_for_training\22,yolov8_seg,YOLOv8-seg,ok,taco_exported_labels,1500,int,projekt-base,C:\Coding\AI\projekt\conda_envs\base.yml,
22,C:\Coding\AI\Dataset\!masks_for_training\22,yolov8_seg,YOLOv8-seg,ok,taco_skipped_missing_images,0,int,projekt-base,C:\Coding\AI\projekt\conda_envs\base.yml,
22,C:\Coding\AI\Dataset\!masks_for_training\22,yolov8_seg,YOLOv8-seg,ok,taco_skipped_invalid_polygons,0,int,projekt-base,C:\Coding\AI\projekt\conda_envs\base.yml,
22,C:\Coding\AI\Dataset\!masks_for_training\22,yolov8_seg,YOLOv8-seg,ok,before_instance_count,50,int,projekt-base,C:\Coding\AI\projekt\conda_envs\base.yml,
22,C:\Coding\AI\Dataset\!masks_for_training\22,yolov8_seg,YOLOv8-seg,ok,after_instance_count,27,int,projekt-base,C:\Coding\AI\projekt\conda_envs\base.yml,
22,C:\Coding\AI\Dataset\!masks_for_training\22,yolov8_seg,YOLOv8-seg,ok,instance_count_total,77,int,projekt-base,C:\Coding\AI\projekt\conda_envs\base.yml,
22,C:\Coding\AI\Dataset\!masks_for_training\22,yolov8_seg,YOLOv8-seg,ok,before_mask_area_px,35701,int,projekt-base,C:\Coding\AI\projekt\conda_envs\base.yml,
22,C:\Coding\AI\Dataset\!masks_for_training\22,yolov8_seg,YOLOv8-seg,ok,after_mask_area_px,18261,int,projekt-base,C:\Coding\AI\projekt\conda_envs\base.yml,
22,C:\Coding\AI\Dataset\!masks_for_training\22,yolov8_seg,YOLOv8-seg,ok,before_mask_area_ratio,0.002928,float,projekt-base,C:\Coding\AI\projekt\conda_envs\base.yml,
22,C:\Coding\AI\Dataset\!masks_for_training\22,yolov8_seg,YOLOv8-seg,ok,after_mask_area_ratio,0.001498,float,projekt-base,C:\Coding\AI\projekt\conda_envs\base.yml,
22,C:\Coding\AI\Dataset\!masks_for_training\22,yolov8_seg,YOLOv8-seg,ok,mask_area_delta_px,-17440,int,projekt-base,C:\Coding\AI\projekt\conda_envs\base.yml,
22,C:\Coding\AI\Dataset\!masks_for_training\22,yolov8_seg,YOLOv8-seg,ok,mask_area_delta_ratio,-0.00143,float,projekt-base,C:\Coding\AI\projekt\conda_envs\base.yml,
22,C:\Coding\AI\Dataset\!masks_for_training\22,yolov8_seg,YOLOv8-seg,ok,before_bbox_area_px,77218,int,projekt-base,C:\Coding\AI\projekt\conda_envs\base.yml,
22,C:\Coding\AI\Dataset\!masks_for_training\22,yolov8_seg,YOLOv8-seg,ok,after_bbox_area_px,63941,int,projekt-base,C:\Coding\AI\projekt\conda_envs\base.yml,
22,C:\Coding\AI\Dataset\!masks_for_training\22,yolov8_seg,YOLOv8-seg,ok,before_mean_confidence,0.545826,float,projekt-base,C:\Coding\AI\projekt\conda_envs\base.yml,
22,C:\Coding\AI\Dataset\!masks_for_training\22,yolov8_seg,YOLOv8-seg,ok,after_mean_confidence,0.520081,float,projekt-base,C:\Coding\AI\projekt\conda_envs\base.yml,
22,C:\Coding\AI\Dataset\!masks_for_training\22,yolov8_seg,YOLOv8-seg,ok,before_inference_ms,4871.23,float,projekt-base,C:\Coding\AI\projekt\conda_envs\base.yml,
22,C:\Coding\AI\Dataset\!masks_for_training\22,yolov8_seg,YOLOv8-seg,ok,after_inference_ms,3777.31,float,projekt-base,C:\Coding\AI\projekt\conda_envs\base.yml,
22,C:\Coding\AI\Dataset\!masks_for_training\22,yolov8_seg,YOLOv8-seg,ok,inference_ms_total,8648.54,float,projekt-base,C:\Coding\AI\projekt\conda_envs\base.yml,
23,C:\Coding\AI\Dataset\!masks_for_training\23,changeformer,ChangeFormer,error,,,,projekt-base,C:\Coding\AI\projekt\conda_envs\base.yml,"ValueError: operands could not be broadcast together with shapes (4032,3024,1) (4032,3024) "
23,C:\Coding\AI\Dataset\!masks_for_training\23,efficientnet,EfficientNet,ok,analysis_mode,efficientnet_cls_pair,str,projekt-base,C:\Coding\AI\projekt\conda_envs\base.yml,
23,C:\Coding\AI\Dataset\!masks_for_training\23,efficientnet,EfficientNet,ok,inference_mode,heuristic_fallback,str,projekt-base,C:\Coding\AI\projekt\conda_envs\base.yml,
23,C:\Coding\AI\Dataset\!masks_for_training\23,efficientnet,EfficientNet,ok,model_name,efficientnet_b0,str,projekt-base,C:\Coding\AI\projekt\conda_envs\base.yml,
23,C:\Coding\AI\Dataset\!masks_for_training\23,efficientnet,EfficientNet,ok,model_source,None,str,projekt-base,C:\Coding\AI\projekt\conda_envs\base.yml,
23,C:\Coding\AI\Dataset\!masks_for_training\23,efficientnet,EfficientNet,ok,weights_path,C:\Coding\AI\projekt\weights\efficientnet_best.pt,str,projekt-base,C:\Coding\AI\projekt\conda_envs\base.yml,
23,C:\Coding\AI\Dataset\!masks_for_training\23,efficientnet,EfficientNet,ok,device_requested,auto,str,projekt-base,C:\Coding\AI\projekt\conda_envs\base.yml,
23,C:\Coding\AI\Dataset\!masks_for_training\23,efficientnet,EfficientNet,ok,device_used,cpu,str,projekt-base,C:\Coding\AI\projekt\conda_envs\base.yml,
23,C:\Coding\AI\Dataset\!masks_for_training\23,efficientnet,EfficientNet,ok,force_cpu,False,bool,projekt-base,C:\Coding\AI\projekt\conda_envs\base.yml,
23,C:\Coding\AI\Dataset\!masks_for_training\23,efficientnet,EfficientNet,ok,cuda_available,True,bool,projekt-base,C:\Coding\AI\projekt\conda_envs\base.yml,
23,C:\Coding\AI\Dataset\!masks_for_training\23,efficientnet,EfficientNet,ok,input_size,224,int,projekt-base,C:\Coding\AI\projekt\conda_envs\base.yml,
23,C:\Coding\AI\Dataset\!masks_for_training\23,efficientnet,EfficientNet,ok,dirty_threshold,0.42,float,projekt-base,C:\Coding\AI\projekt\conda_envs\base.yml,
23,C:\Coding\AI\Dataset\!masks_for_training\23,efficientnet,EfficientNet,ok,dirty_keyword_classes,2,int,projekt-base,C:\Coding\AI\projekt\conda_envs\base.yml,
23,C:\Coding\AI\Dataset\!masks_for_training\23,efficientnet,EfficientNet,ok,before_crop_count,6,int,projekt-base,C:\Coding\AI\projekt\conda_envs\base.yml,
23,C:\Coding\AI\Dataset\!masks_for_training\23,efficientnet,EfficientNet,ok,after_crop_count,6,int,projekt-base,C:\Coding\AI\projekt\conda_envs\base.yml,
23,C:\Coding\AI\Dataset\!masks_for_training\23,efficientnet,EfficientNet,ok,before_crop_dirty_prob_mean,0.336875,float,projekt-base,C:\Coding\AI\projekt\conda_envs\base.yml,
23,C:\Coding\AI\Dataset\!masks_for_training\23,efficientnet,EfficientNet,ok,after_crop_dirty_prob_mean,0.353446,float,projekt-base,C:\Coding\AI\projekt\conda_envs\base.yml,
23,C:\Coding\AI\Dataset\!masks_for_training\23,efficientnet,EfficientNet,ok,before_crop_dirty_prob_max,0.371759,float,projekt-base,C:\Coding\AI\projekt\conda_envs\base.yml,
23,C:\Coding\AI\Dataset\!masks_for_training\23,efficientnet,EfficientNet,ok,after_crop_dirty_prob_max,0.407036,float,projekt-base,C:\Coding\AI\projekt\conda_envs\base.yml,
23,C:\Coding\AI\Dataset\!masks_for_training\23,efficientnet,EfficientNet,ok,before_crop_support_ratio,0,float,projekt-base,C:\Coding\AI\projekt\conda_envs\base.yml,
23,C:\Coding\AI\Dataset\!masks_for_training\23,efficientnet,EfficientNet,ok,after_crop_support_ratio,0,float,projekt-base,C:\Coding\AI\projekt\conda_envs\base.yml,
23,C:\Coding\AI\Dataset\!masks_for_training\23,efficientnet,EfficientNet,ok,before_dirty_prob,0.361992,float,projekt-base,C:\Coding\AI\projekt\conda_envs\base.yml,
23,C:\Coding\AI\Dataset\!masks_for_training\23,efficientnet,EfficientNet,ok,after_dirty_prob,0.392031,float,projekt-base,C:\Coding\AI\projekt\conda_envs\base.yml,
23,C:\Coding\AI\Dataset\!masks_for_training\23,efficientnet,EfficientNet,ok,before_clean_prob,0.638008,float,projekt-base,C:\Coding\AI\projekt\conda_envs\base.yml,
23,C:\Coding\AI\Dataset\!masks_for_training\23,efficientnet,EfficientNet,ok,after_clean_prob,0.607969,float,projekt-base,C:\Coding\AI\projekt\conda_envs\base.yml,
23,C:\Coding\AI\Dataset\!masks_for_training\23,efficientnet,EfficientNet,ok,cleanup_delta,-0.030039,float,projekt-base,C:\Coding\AI\projekt\conda_envs\base.yml,
23,C:\Coding\AI\Dataset\!masks_for_training\23,efficientnet,EfficientNet,ok,cleanup_score,0,float,projekt-base,C:\Coding\AI\projekt\conda_envs\base.yml,
23,C:\Coding\AI\Dataset\!masks_for_training\23,efficientnet,EfficientNet,ok,dirty_prob_delta,0.030039,float,projekt-base,C:\Coding\AI\projekt\conda_envs\base.yml,
23,C:\Coding\AI\Dataset\!masks_for_training\23,efficientnet,EfficientNet,ok,dirty_prob_abs_delta,0.030039,float,projekt-base,C:\Coding\AI\projekt\conda_envs\base.yml,
23,C:\Coding\AI\Dataset\!masks_for_training\23,efficientnet,EfficientNet,ok,before_pred_label,clean,str,projekt-base,C:\Coding\AI\projekt\conda_envs\base.yml,
23,C:\Coding\AI\Dataset\!masks_for_training\23,efficientnet,EfficientNet,ok,after_pred_label,clean,str,projekt-base,C:\Coding\AI\projekt\conda_envs\base.yml,
23,C:\Coding\AI\Dataset\!masks_for_training\23,efficientnet,EfficientNet,ok,before_top1_label,clean,str,projekt-base,C:\Coding\AI\projekt\conda_envs\base.yml,
23,C:\Coding\AI\Dataset\!masks_for_training\23,efficientnet,EfficientNet,ok,after_top1_label,clean,str,projekt-base,C:\Coding\AI\projekt\conda_envs\base.yml,
23,C:\Coding\AI\Dataset\!masks_for_training\23,efficientnet,EfficientNet,ok,before_top1_prob,0.703398,float,projekt-base,C:\Coding\AI\projekt\conda_envs\base.yml,
23,C:\Coding\AI\Dataset\!masks_for_training\23,efficientnet,EfficientNet,ok,after_top1_prob,0.695702,float,projekt-base,C:\Coding\AI\projekt\conda_envs\base.yml,
23,C:\Coding\AI\Dataset\!masks_for_training\23,efficientnet,EfficientNet,ok,before_entropy_norm,0.919061,float,projekt-base,C:\Coding\AI\projekt\conda_envs\base.yml,
23,C:\Coding\AI\Dataset\!masks_for_training\23,efficientnet,EfficientNet,ok,after_entropy_norm,0.932635,float,projekt-base,C:\Coding\AI\projekt\conda_envs\base.yml,
23,C:\Coding\AI\Dataset\!masks_for_training\23,efficientnet,EfficientNet,ok,before_inference_ms,0,float,projekt-base,C:\Coding\AI\projekt\conda_envs\base.yml,
23,C:\Coding\AI\Dataset\!masks_for_training\23,efficientnet,EfficientNet,ok,after_inference_ms,0,float,projekt-base,C:\Coding\AI\projekt\conda_envs\base.yml,
23,C:\Coding\AI\Dataset\!masks_for_training\23,efficientnet,EfficientNet,ok,inference_ms_total,0,float,projekt-base,C:\Coding\AI\projekt\conda_envs\base.yml,
23,C:\Coding\AI\Dataset\!masks_for_training\23,sift_ransac,SIFT + RANSAC + difference map,error,,,,projekt-base,C:\Coding\AI\projekt\conda_envs\base.yml,"ValueError: operands could not be broadcast together with shapes (4032,3024,1) (4032,3024) "
23,C:\Coding\AI\Dataset\!masks_for_training\23,siamese_unet,Siamese U-Net,error,,,,projekt-base,C:\Coding\AI\projekt\conda_envs\base.yml,"ValueError: operands could not be broadcast together with shapes (4032,3024,1) (4032,3024) "
23,C:\Coding\AI\Dataset\!masks_for_training\23,yolov8_seg,YOLOv8-seg,ok,analysis_mode,yolov8_seg_pair,str,projekt-base,C:\Coding\AI\projekt\conda_envs\base.yml,
23,C:\Coding\AI\Dataset\!masks_for_training\23,yolov8_seg,YOLOv8-seg,ok,model_name,C:\Coding\AI\projekt\weights\yolov8m_trash_finetuned.pt,str,projekt-base,C:\Coding\AI\projekt\conda_envs\base.yml,
23,C:\Coding\AI\Dataset\!masks_for_training\23,yolov8_seg,YOLOv8-seg,ok,model_source,C:\Coding\AI\projekt\weights\yolov8m_seg_best_new+fine-tune.pt,str,projekt-base,C:\Coding\AI\projekt\conda_envs\base.yml,
23,C:\Coding\AI\Dataset\!masks_for_training\23,yolov8_seg,YOLOv8-seg,ok,device_requested,auto,str,projekt-base,C:\Coding\AI\projekt\conda_envs\base.yml,
23,C:\Coding\AI\Dataset\!masks_for_training\23,yolov8_seg,YOLOv8-seg,ok,device_used,cuda,str,projekt-base,C:\Coding\AI\projekt\conda_envs\base.yml,
23,C:\Coding\AI\Dataset\!masks_for_training\23,yolov8_seg,YOLOv8-seg,ok,force_cpu,False,bool,projekt-base,C:\Coding\AI\projekt\conda_envs\base.yml,
23,C:\Coding\AI\Dataset\!masks_for_training\23,yolov8_seg,YOLOv8-seg,ok,cuda_available,True,bool,projekt-base,C:\Coding\AI\projekt\conda_envs\base.yml,
23,C:\Coding\AI\Dataset\!masks_for_training\23,yolov8_seg,YOLOv8-seg,ok,image_size,1536,int,projekt-base,C:\Coding\AI\projekt\conda_envs\base.yml,
23,C:\Coding\AI\Dataset\!masks_for_training\23,yolov8_seg,YOLOv8-seg,ok,confidence_threshold,0.35,float,projekt-base,C:\Coding\AI\projekt\conda_envs\base.yml,
23,C:\Coding\AI\Dataset\!masks_for_training\23,yolov8_seg,YOLOv8-seg,ok,iou_threshold,0.4,float,projekt-base,C:\Coding\AI\projekt\conda_envs\base.yml,
23,C:\Coding\AI\Dataset\!masks_for_training\23,yolov8_seg,YOLOv8-seg,ok,tile_inference_mode,auto,str,projekt-base,C:\Coding\AI\projekt\conda_envs\base.yml,
23,C:\Coding\AI\Dataset\!masks_for_training\23,yolov8_seg,YOLOv8-seg,ok,tile_size,640,int,projekt-base,C:\Coding\AI\projekt\conda_envs\base.yml,
23,C:\Coding\AI\Dataset\!masks_for_training\23,yolov8_seg,YOLOv8-seg,ok,tile_overlap_ratio,0.5,float,projekt-base,C:\Coding\AI\projekt\conda_envs\base.yml,
23,C:\Coding\AI\Dataset\!masks_for_training\23,yolov8_seg,YOLOv8-seg,ok,before_tile_count,108,int,projekt-base,C:\Coding\AI\projekt\conda_envs\base.yml,
23,C:\Coding\AI\Dataset\!masks_for_training\23,yolov8_seg,YOLOv8-seg,ok,after_tile_count,108,int,projekt-base,C:\Coding\AI\projekt\conda_envs\base.yml,
23,C:\Coding\AI\Dataset\!masks_for_training\23,yolov8_seg,YOLOv8-seg,ok,selected_class_count,0,int,projekt-base,C:\Coding\AI\projekt\conda_envs\base.yml,
23,C:\Coding\AI\Dataset\!masks_for_training\23,yolov8_seg,YOLOv8-seg,ok,selected_class_ids,[],list,projekt-base,C:\Coding\AI\projekt\conda_envs\base.yml,
23,C:\Coding\AI\Dataset\!masks_for_training\23,yolov8_seg,YOLOv8-seg,ok,taco_dataset_root,C:\Coding\AI\projekt\datasets\TACO,str,projekt-base,C:\Coding\AI\projekt\conda_envs\base.yml,
23,C:\Coding\AI\Dataset\!masks_for_training\23,yolov8_seg,YOLOv8-seg,ok,taco_annotations_path,C:\Coding\AI\projekt\datasets\TACO\data\annotations.json,str,projekt-base,C:\Coding\AI\projekt\conda_envs\base.yml,
23,C:\Coding\AI\Dataset\!masks_for_training\23,yolov8_seg,YOLOv8-seg,ok,taco_export_root,C:\Coding\AI\projekt\datasets\TACO\yolo_seg,str,projekt-base,C:\Coding\AI\projekt\conda_envs\base.yml,
23,C:\Coding\AI\Dataset\!masks_for_training\23,yolov8_seg,YOLOv8-seg,ok,taco_data_yaml,C:\Coding\AI\projekt\datasets\TACO\yolo_seg\data.yaml,str,projekt-base,C:\Coding\AI\projekt\conda_envs\base.yml,
23,C:\Coding\AI\Dataset\!masks_for_training\23,yolov8_seg,YOLOv8-seg,ok,taco_source_images,1500,int,projekt-base,C:\Coding\AI\projekt\conda_envs\base.yml,
23,C:\Coding\AI\Dataset\!masks_for_training\23,yolov8_seg,YOLOv8-seg,ok,taco_exported_images,1500,int,projekt-base,C:\Coding\AI\projekt\conda_envs\base.yml,
23,C:\Coding\AI\Dataset\!masks_for_training\23,yolov8_seg,YOLOv8-seg,ok,taco_exported_labels,1500,int,projekt-base,C:\Coding\AI\projekt\conda_envs\base.yml,
23,C:\Coding\AI\Dataset\!masks_for_training\23,yolov8_seg,YOLOv8-seg,ok,taco_skipped_missing_images,0,int,projekt-base,C:\Coding\AI\projekt\conda_envs\base.yml,
23,C:\Coding\AI\Dataset\!masks_for_training\23,yolov8_seg,YOLOv8-seg,ok,taco_skipped_invalid_polygons,0,int,projekt-base,C:\Coding\AI\projekt\conda_envs\base.yml,
23,C:\Coding\AI\Dataset\!masks_for_training\23,yolov8_seg,YOLOv8-seg,ok,before_instance_count,54,int,projekt-base,C:\Coding\AI\projekt\conda_envs\base.yml,
23,C:\Coding\AI\Dataset\!masks_for_training\23,yolov8_seg,YOLOv8-seg,ok,after_instance_count,45,int,projekt-base,C:\Coding\AI\projekt\conda_envs\base.yml,
23,C:\Coding\AI\Dataset\!masks_for_training\23,yolov8_seg,YOLOv8-seg,ok,instance_count_total,99,int,projekt-base,C:\Coding\AI\projekt\conda_envs\base.yml,
23,C:\Coding\AI\Dataset\!masks_for_training\23,yolov8_seg,YOLOv8-seg,ok,before_mask_area_px,127851,int,projekt-base,C:\Coding\AI\projekt\conda_envs\base.yml,
23,C:\Coding\AI\Dataset\!masks_for_training\23,yolov8_seg,YOLOv8-seg,ok,after_mask_area_px,100816,int,projekt-base,C:\Coding\AI\projekt\conda_envs\base.yml,
23,C:\Coding\AI\Dataset\!masks_for_training\23,yolov8_seg,YOLOv8-seg,ok,before_mask_area_ratio,0.010486,float,projekt-base,C:\Coding\AI\projekt\conda_envs\base.yml,
23,C:\Coding\AI\Dataset\!masks_for_training\23,yolov8_seg,YOLOv8-seg,ok,after_mask_area_ratio,0.008269,float,projekt-base,C:\Coding\AI\projekt\conda_envs\base.yml,
23,C:\Coding\AI\Dataset\!masks_for_training\23,yolov8_seg,YOLOv8-seg,ok,mask_area_delta_px,-27035,int,projekt-base,C:\Coding\AI\projekt\conda_envs\base.yml,
23,C:\Coding\AI\Dataset\!masks_for_training\23,yolov8_seg,YOLOv8-seg,ok,mask_area_delta_ratio,-0.002217,float,projekt-base,C:\Coding\AI\projekt\conda_envs\base.yml,
23,C:\Coding\AI\Dataset\!masks_for_training\23,yolov8_seg,YOLOv8-seg,ok,before_bbox_area_px,341147,int,projekt-base,C:\Coding\AI\projekt\conda_envs\base.yml,
23,C:\Coding\AI\Dataset\!masks_for_training\23,yolov8_seg,YOLOv8-seg,ok,after_bbox_area_px,172132,int,projekt-base,C:\Coding\AI\projekt\conda_envs\base.yml,
23,C:\Coding\AI\Dataset\!masks_for_training\23,yolov8_seg,YOLOv8-seg,ok,before_mean_confidence,0.530638,float,projekt-base,C:\Coding\AI\projekt\conda_envs\base.yml,
23,C:\Coding\AI\Dataset\!masks_for_training\23,yolov8_seg,YOLOv8-seg,ok,after_mean_confidence,0.515397,float,projekt-base,C:\Coding\AI\projekt\conda_envs\base.yml,
23,C:\Coding\AI\Dataset\!masks_for_training\23,yolov8_seg,YOLOv8-seg,ok,before_inference_ms,4103.85,float,projekt-base,C:\Coding\AI\projekt\conda_envs\base.yml,
23,C:\Coding\AI\Dataset\!masks_for_training\23,yolov8_seg,YOLOv8-seg,ok,after_inference_ms,4284.93,float,projekt-base,C:\Coding\AI\projekt\conda_envs\base.yml,
23,C:\Coding\AI\Dataset\!masks_for_training\23,yolov8_seg,YOLOv8-seg,ok,inference_ms_total,8388.78,float,projekt-base,C:\Coding\AI\projekt\conda_envs\base.yml,
24,C:\Coding\AI\Dataset\!masks_for_training\24,changeformer,ChangeFormer,error,,,,projekt-base,C:\Coding\AI\projekt\conda_envs\base.yml,"ValueError: operands could not be broadcast together with shapes (4032,3024,1) (4032,3024) "
24,C:\Coding\AI\Dataset\!masks_for_training\24,efficientnet,EfficientNet,ok,analysis_mode,efficientnet_cls_pair,str,projekt-base,C:\Coding\AI\projekt\conda_envs\base.yml,
24,C:\Coding\AI\Dataset\!masks_for_training\24,efficientnet,EfficientNet,ok,inference_mode,heuristic_fallback,str,projekt-base,C:\Coding\AI\projekt\conda_envs\base.yml,
24,C:\Coding\AI\Dataset\!masks_for_training\24,efficientnet,EfficientNet,ok,model_name,efficientnet_b0,str,projekt-base,C:\Coding\AI\projekt\conda_envs\base.yml,
24,C:\Coding\AI\Dataset\!masks_for_training\24,efficientnet,EfficientNet,ok,model_source,None,str,projekt-base,C:\Coding\AI\projekt\conda_envs\base.yml,
24,C:\Coding\AI\Dataset\!masks_for_training\24,efficientnet,EfficientNet,ok,weights_path,C:\Coding\AI\projekt\weights\efficientnet_best.pt,str,projekt-base,C:\Coding\AI\projekt\conda_envs\base.yml,
24,C:\Coding\AI\Dataset\!masks_for_training\24,efficientnet,EfficientNet,ok,device_requested,auto,str,projekt-base,C:\Coding\AI\projekt\conda_envs\base.yml,
24,C:\Coding\AI\Dataset\!masks_for_training\24,efficientnet,EfficientNet,ok,device_used,cpu,str,projekt-base,C:\Coding\AI\projekt\conda_envs\base.yml,
24,C:\Coding\AI\Dataset\!masks_for_training\24,efficientnet,EfficientNet,ok,force_cpu,False,bool,projekt-base,C:\Coding\AI\projekt\conda_envs\base.yml,
24,C:\Coding\AI\Dataset\!masks_for_training\24,efficientnet,EfficientNet,ok,cuda_available,True,bool,projekt-base,C:\Coding\AI\projekt\conda_envs\base.yml,
24,C:\Coding\AI\Dataset\!masks_for_training\24,efficientnet,EfficientNet,ok,input_size,224,int,projekt-base,C:\Coding\AI\projekt\conda_envs\base.yml,
24,C:\Coding\AI\Dataset\!masks_for_training\24,efficientnet,EfficientNet,ok,dirty_threshold,0.42,float,projekt-base,C:\Coding\AI\projekt\conda_envs\base.yml,
24,C:\Coding\AI\Dataset\!masks_for_training\24,efficientnet,EfficientNet,ok,dirty_keyword_classes,2,int,projekt-base,C:\Coding\AI\projekt\conda_envs\base.yml,
24,C:\Coding\AI\Dataset\!masks_for_training\24,efficientnet,EfficientNet,ok,before_crop_count,6,int,projekt-base,C:\Coding\AI\projekt\conda_envs\base.yml,
24,C:\Coding\AI\Dataset\!masks_for_training\24,efficientnet,EfficientNet,ok,after_crop_count,6,int,projekt-base,C:\Coding\AI\projekt\conda_envs\base.yml,
24,C:\Coding\AI\Dataset\!masks_for_training\24,efficientnet,EfficientNet,ok,before_crop_dirty_prob_mean,0.406918,float,projekt-base,C:\Coding\AI\projekt\conda_envs\base.yml,
24,C:\Coding\AI\Dataset\!masks_for_training\24,efficientnet,EfficientNet,ok,after_crop_dirty_prob_mean,0.4013,float,projekt-base,C:\Coding\AI\projekt\conda_envs\base.yml,
24,C:\Coding\AI\Dataset\!masks_for_training\24,efficientnet,EfficientNet,ok,before_crop_dirty_prob_max,0.485934,float,projekt-base,C:\Coding\AI\projekt\conda_envs\base.yml,
24,C:\Coding\AI\Dataset\!masks_for_training\24,efficientnet,EfficientNet,ok,after_crop_dirty_prob_max,0.440142,float,projekt-base,C:\Coding\AI\projekt\conda_envs\base.yml,
24,C:\Coding\AI\Dataset\!masks_for_training\24,efficientnet,EfficientNet,ok,before_crop_support_ratio,0.5,float,projekt-base,C:\Coding\AI\projekt\conda_envs\base.yml,
24,C:\Coding\AI\Dataset\!masks_for_training\24,efficientnet,EfficientNet,ok,after_crop_support_ratio,0.166667,float,projekt-base,C:\Coding\AI\projekt\conda_envs\base.yml,
24,C:\Coding\AI\Dataset\!masks_for_training\24,efficientnet,EfficientNet,ok,before_dirty_prob,0.46381,float,projekt-base,C:\Coding\AI\projekt\conda_envs\base.yml,
24,C:\Coding\AI\Dataset\!masks_for_training\24,efficientnet,EfficientNet,ok,after_dirty_prob,0.429266,float,projekt-base,C:\Coding\AI\projekt\conda_envs\base.yml,
24,C:\Coding\AI\Dataset\!masks_for_training\24,efficientnet,EfficientNet,ok,before_clean_prob,0.53619,float,projekt-base,C:\Coding\AI\projekt\conda_envs\base.yml,
24,C:\Coding\AI\Dataset\!masks_for_training\24,efficientnet,EfficientNet,ok,after_clean_prob,0.570734,float,projekt-base,C:\Coding\AI\projekt\conda_envs\base.yml,
24,C:\Coding\AI\Dataset\!masks_for_training\24,efficientnet,EfficientNet,ok,cleanup_delta,0.034544,float,projekt-base,C:\Coding\AI\projekt\conda_envs\base.yml,
24,C:\Coding\AI\Dataset\!masks_for_training\24,efficientnet,EfficientNet,ok,cleanup_score,0.034544,float,projekt-base,C:\Coding\AI\projekt\conda_envs\base.yml,
24,C:\Coding\AI\Dataset\!masks_for_training\24,efficientnet,EfficientNet,ok,dirty_prob_delta,-0.034544,float,projekt-base,C:\Coding\AI\projekt\conda_envs\base.yml,
24,C:\Coding\AI\Dataset\!masks_for_training\24,efficientnet,EfficientNet,ok,dirty_prob_abs_delta,0.034544,float,projekt-base,C:\Coding\AI\projekt\conda_envs\base.yml,
24,C:\Coding\AI\Dataset\!masks_for_training\24,efficientnet,EfficientNet,ok,before_pred_label,dirty,str,projekt-base,C:\Coding\AI\projekt\conda_envs\base.yml,
24,C:\Coding\AI\Dataset\!masks_for_training\24,efficientnet,EfficientNet,ok,after_pred_label,dirty,str,projekt-base,C:\Coding\AI\projekt\conda_envs\base.yml,
24,C:\Coding\AI\Dataset\!masks_for_training\24,efficientnet,EfficientNet,ok,before_top1_label,clean,str,projekt-base,C:\Coding\AI\projekt\conda_envs\base.yml,
24,C:\Coding\AI\Dataset\!masks_for_training\24,efficientnet,EfficientNet,ok,after_top1_label,clean,str,projekt-base,C:\Coding\AI\projekt\conda_envs\base.yml,
24,C:\Coding\AI\Dataset\!masks_for_training\24,efficientnet,EfficientNet,ok,before_top1_prob,0.675977,float,projekt-base,C:\Coding\AI\projekt\conda_envs\base.yml,
24,C:\Coding\AI\Dataset\!masks_for_training\24,efficientnet,EfficientNet,ok,after_top1_prob,0.665921,float,projekt-base,C:\Coding\AI\projekt\conda_envs\base.yml,
24,C:\Coding\AI\Dataset\!masks_for_training\24,efficientnet,EfficientNet,ok,before_entropy_norm,0.964401,float,projekt-base,C:\Coding\AI\projekt\conda_envs\base.yml,
24,C:\Coding\AI\Dataset\!masks_for_training\24,efficientnet,EfficientNet,ok,after_entropy_norm,0.968465,float,projekt-base,C:\Coding\AI\projekt\conda_envs\base.yml,
24,C:\Coding\AI\Dataset\!masks_for_training\24,efficientnet,EfficientNet,ok,before_inference_ms,0,float,projekt-base,C:\Coding\AI\projekt\conda_envs\base.yml,
24,C:\Coding\AI\Dataset\!masks_for_training\24,efficientnet,EfficientNet,ok,after_inference_ms,0,float,projekt-base,C:\Coding\AI\projekt\conda_envs\base.yml,
24,C:\Coding\AI\Dataset\!masks_for_training\24,efficientnet,EfficientNet,ok,inference_ms_total,0,float,projekt-base,C:\Coding\AI\projekt\conda_envs\base.yml,
24,C:\Coding\AI\Dataset\!masks_for_training\24,sift_ransac,SIFT + RANSAC + difference map,error,,,,projekt-base,C:\Coding\AI\projekt\conda_envs\base.yml,"ValueError: operands could not be broadcast together with shapes (4032,3024,1) (4032,3024) "
24,C:\Coding\AI\Dataset\!masks_for_training\24,siamese_unet,Siamese U-Net,error,,,,projekt-base,C:\Coding\AI\projekt\conda_envs\base.yml,"ValueError: operands could not be broadcast together with shapes (4032,3024,1) (4032,3024) "
24,C:\Coding\AI\Dataset\!masks_for_training\24,yolov8_seg,YOLOv8-seg,ok,analysis_mode,yolov8_seg_pair,str,projekt-base,C:\Coding\AI\projekt\conda_envs\base.yml,
24,C:\Coding\AI\Dataset\!masks_for_training\24,yolov8_seg,YOLOv8-seg,ok,model_name,C:\Coding\AI\projekt\weights\yolov8m_trash_finetuned.pt,str,projekt-base,C:\Coding\AI\projekt\conda_envs\base.yml,
24,C:\Coding\AI\Dataset\!masks_for_training\24,yolov8_seg,YOLOv8-seg,ok,model_source,C:\Coding\AI\projekt\weights\yolov8m_seg_best_new+fine-tune.pt,str,projekt-base,C:\Coding\AI\projekt\conda_envs\base.yml,
24,C:\Coding\AI\Dataset\!masks_for_training\24,yolov8_seg,YOLOv8-seg,ok,device_requested,auto,str,projekt-base,C:\Coding\AI\projekt\conda_envs\base.yml,
24,C:\Coding\AI\Dataset\!masks_for_training\24,yolov8_seg,YOLOv8-seg,ok,device_used,cuda,str,projekt-base,C:\Coding\AI\projekt\conda_envs\base.yml,
24,C:\Coding\AI\Dataset\!masks_for_training\24,yolov8_seg,YOLOv8-seg,ok,force_cpu,False,bool,projekt-base,C:\Coding\AI\projekt\conda_envs\base.yml,
24,C:\Coding\AI\Dataset\!masks_for_training\24,yolov8_seg,YOLOv8-seg,ok,cuda_available,True,bool,projekt-base,C:\Coding\AI\projekt\conda_envs\base.yml,
24,C:\Coding\AI\Dataset\!masks_for_training\24,yolov8_seg,YOLOv8-seg,ok,image_size,1536,int,projekt-base,C:\Coding\AI\projekt\conda_envs\base.yml,
24,C:\Coding\AI\Dataset\!masks_for_training\24,yolov8_seg,YOLOv8-seg,ok,confidence_threshold,0.35,float,projekt-base,C:\Coding\AI\projekt\conda_envs\base.yml,
24,C:\Coding\AI\Dataset\!masks_for_training\24,yolov8_seg,YOLOv8-seg,ok,iou_threshold,0.4,float,projekt-base,C:\Coding\AI\projekt\conda_envs\base.yml,
24,C:\Coding\AI\Dataset\!masks_for_training\24,yolov8_seg,YOLOv8-seg,ok,tile_inference_mode,auto,str,projekt-base,C:\Coding\AI\projekt\conda_envs\base.yml,
24,C:\Coding\AI\Dataset\!masks_for_training\24,yolov8_seg,YOLOv8-seg,ok,tile_size,640,int,projekt-base,C:\Coding\AI\projekt\conda_envs\base.yml,
24,C:\Coding\AI\Dataset\!masks_for_training\24,yolov8_seg,YOLOv8-seg,ok,tile_overlap_ratio,0.5,float,projekt-base,C:\Coding\AI\projekt\conda_envs\base.yml,
24,C:\Coding\AI\Dataset\!masks_for_training\24,yolov8_seg,YOLOv8-seg,ok,before_tile_count,108,int,projekt-base,C:\Coding\AI\projekt\conda_envs\base.yml,
24,C:\Coding\AI\Dataset\!masks_for_training\24,yolov8_seg,YOLOv8-seg,ok,after_tile_count,108,int,projekt-base,C:\Coding\AI\projekt\conda_envs\base.yml,
24,C:\Coding\AI\Dataset\!masks_for_training\24,yolov8_seg,YOLOv8-seg,ok,selected_class_count,0,int,projekt-base,C:\Coding\AI\projekt\conda_envs\base.yml,
24,C:\Coding\AI\Dataset\!masks_for_training\24,yolov8_seg,YOLOv8-seg,ok,selected_class_ids,[],list,projekt-base,C:\Coding\AI\projekt\conda_envs\base.yml,
24,C:\Coding\AI\Dataset\!masks_for_training\24,yolov8_seg,YOLOv8-seg,ok,taco_dataset_root,C:\Coding\AI\projekt\datasets\TACO,str,projekt-base,C:\Coding\AI\projekt\conda_envs\base.yml,
24,C:\Coding\AI\Dataset\!masks_for_training\24,yolov8_seg,YOLOv8-seg,ok,taco_annotations_path,C:\Coding\AI\projekt\datasets\TACO\data\annotations.json,str,projekt-base,C:\Coding\AI\projekt\conda_envs\base.yml,
24,C:\Coding\AI\Dataset\!masks_for_training\24,yolov8_seg,YOLOv8-seg,ok,taco_export_root,C:\Coding\AI\projekt\datasets\TACO\yolo_seg,str,projekt-base,C:\Coding\AI\projekt\conda_envs\base.yml,
24,C:\Coding\AI\Dataset\!masks_for_training\24,yolov8_seg,YOLOv8-seg,ok,taco_data_yaml,C:\Coding\AI\projekt\datasets\TACO\yolo_seg\data.yaml,str,projekt-base,C:\Coding\AI\projekt\conda_envs\base.yml,
24,C:\Coding\AI\Dataset\!masks_for_training\24,yolov8_seg,YOLOv8-seg,ok,taco_source_images,1500,int,projekt-base,C:\Coding\AI\projekt\conda_envs\base.yml,
24,C:\Coding\AI\Dataset\!masks_for_training\24,yolov8_seg,YOLOv8-seg,ok,taco_exported_images,1500,int,projekt-base,C:\Coding\AI\projekt\conda_envs\base.yml,
24,C:\Coding\AI\Dataset\!masks_for_training\24,yolov8_seg,YOLOv8-seg,ok,taco_exported_labels,1500,int,projekt-base,C:\Coding\AI\projekt\conda_envs\base.yml,
24,C:\Coding\AI\Dataset\!masks_for_training\24,yolov8_seg,YOLOv8-seg,ok,taco_skipped_missing_images,0,int,projekt-base,C:\Coding\AI\projekt\conda_envs\base.yml,
24,C:\Coding\AI\Dataset\!masks_for_training\24,yolov8_seg,YOLOv8-seg,ok,taco_skipped_invalid_polygons,0,int,projekt-base,C:\Coding\AI\projekt\conda_envs\base.yml,
24,C:\Coding\AI\Dataset\!masks_for_training\24,yolov8_seg,YOLOv8-seg,ok,before_instance_count,35,int,projekt-base,C:\Coding\AI\projekt\conda_envs\base.yml,
24,C:\Coding\AI\Dataset\!masks_for_training\24,yolov8_seg,YOLOv8-seg,ok,after_instance_count,27,int,projekt-base,C:\Coding\AI\projekt\conda_envs\base.yml,
24,C:\Coding\AI\Dataset\!masks_for_training\24,yolov8_seg,YOLOv8-seg,ok,instance_count_total,62,int,projekt-base,C:\Coding\AI\projekt\conda_envs\base.yml,
24,C:\Coding\AI\Dataset\!masks_for_training\24,yolov8_seg,YOLOv8-seg,ok,before_mask_area_px,114298,int,projekt-base,C:\Coding\AI\projekt\conda_envs\base.yml,
24,C:\Coding\AI\Dataset\!masks_for_training\24,yolov8_seg,YOLOv8-seg,ok,after_mask_area_px,15934,int,projekt-base,C:\Coding\AI\projekt\conda_envs\base.yml,
24,C:\Coding\AI\Dataset\!masks_for_training\24,yolov8_seg,YOLOv8-seg,ok,before_mask_area_ratio,0.009374,float,projekt-base,C:\Coding\AI\projekt\conda_envs\base.yml,
24,C:\Coding\AI\Dataset\!masks_for_training\24,yolov8_seg,YOLOv8-seg,ok,after_mask_area_ratio,0.001307,float,projekt-base,C:\Coding\AI\projekt\conda_envs\base.yml,
24,C:\Coding\AI\Dataset\!masks_for_training\24,yolov8_seg,YOLOv8-seg,ok,mask_area_delta_px,-98364,int,projekt-base,C:\Coding\AI\projekt\conda_envs\base.yml,
24,C:\Coding\AI\Dataset\!masks_for_training\24,yolov8_seg,YOLOv8-seg,ok,mask_area_delta_ratio,-0.008067,float,projekt-base,C:\Coding\AI\projekt\conda_envs\base.yml,
24,C:\Coding\AI\Dataset\!masks_for_training\24,yolov8_seg,YOLOv8-seg,ok,before_bbox_area_px,223506,int,projekt-base,C:\Coding\AI\projekt\conda_envs\base.yml,
24,C:\Coding\AI\Dataset\!masks_for_training\24,yolov8_seg,YOLOv8-seg,ok,after_bbox_area_px,25464,int,projekt-base,C:\Coding\AI\projekt\conda_envs\base.yml,
24,C:\Coding\AI\Dataset\!masks_for_training\24,yolov8_seg,YOLOv8-seg,ok,before_mean_confidence,0.550154,float,projekt-base,C:\Coding\AI\projekt\conda_envs\base.yml,
24,C:\Coding\AI\Dataset\!masks_for_training\24,yolov8_seg,YOLOv8-seg,ok,after_mean_confidence,0.518593,float,projekt-base,C:\Coding\AI\projekt\conda_envs\base.yml,
24,C:\Coding\AI\Dataset\!masks_for_training\24,yolov8_seg,YOLOv8-seg,ok,before_inference_ms,3518.95,float,projekt-base,C:\Coding\AI\projekt\conda_envs\base.yml,
24,C:\Coding\AI\Dataset\!masks_for_training\24,yolov8_seg,YOLOv8-seg,ok,after_inference_ms,3132.5,float,projekt-base,C:\Coding\AI\projekt\conda_envs\base.yml,
24,C:\Coding\AI\Dataset\!masks_for_training\24,yolov8_seg,YOLOv8-seg,ok,inference_ms_total,6651.45,float,projekt-base,C:\Coding\AI\projekt\conda_envs\base.yml,
25 bad,C:\Coding\AI\Dataset\!masks_for_training\25 bad,changeformer,ChangeFormer,ok,analysis_mode,changeformer_pair,str,projekt-base,C:\Coding\AI\projekt\conda_envs\base.yml,
25 bad,C:\Coding\AI\Dataset\!masks_for_training\25 bad,changeformer,ChangeFormer,ok,inference_mode,trained_checkpoint,str,projekt-base,C:\Coding\AI\projekt\conda_envs\base.yml,
25 bad,C:\Coding\AI\Dataset\!masks_for_training\25 bad,changeformer,ChangeFormer,ok,model_name,pvt_v2_b0,str,projekt-base,C:\Coding\AI\projekt\conda_envs\base.yml,
25 bad,C:\Coding\AI\Dataset\!masks_for_training\25 bad,changeformer,ChangeFormer,ok,model_source,C:\Coding\AI\projekt\weights\changeformer_best.pt,str,projekt-base,C:\Coding\AI\projekt\conda_envs\base.yml,
25 bad,C:\Coding\AI\Dataset\!masks_for_training\25 bad,changeformer,ChangeFormer,ok,python_executable,C:\Users\jetgera\miniconda3\envs\projekt-base\python.exe,str,projekt-base,C:\Coding\AI\projekt\conda_envs\base.yml,
25 bad,C:\Coding\AI\Dataset\!masks_for_training\25 bad,changeformer,ChangeFormer,ok,torch_import_ok,True,bool,projekt-base,C:\Coding\AI\projekt\conda_envs\base.yml,
25 bad,C:\Coding\AI\Dataset\!masks_for_training\25 bad,changeformer,ChangeFormer,ok,timm_import_ok,True,bool,projekt-base,C:\Coding\AI\projekt\conda_envs\base.yml,
25 bad,C:\Coding\AI\Dataset\!masks_for_training\25 bad,changeformer,ChangeFormer,ok,torch_version,2.12.0+cu132,TorchVersion,projekt-base,C:\Coding\AI\projekt\conda_envs\base.yml,
25 bad,C:\Coding\AI\Dataset\!masks_for_training\25 bad,changeformer,ChangeFormer,ok,timm_version,1.0.27,str,projekt-base,C:\Coding\AI\projekt\conda_envs\base.yml,
25 bad,C:\Coding\AI\Dataset\!masks_for_training\25 bad,changeformer,ChangeFormer,ok,torch_import_error,,NoneType,projekt-base,C:\Coding\AI\projekt\conda_envs\base.yml,
25 bad,C:\Coding\AI\Dataset\!masks_for_training\25 bad,changeformer,ChangeFormer,ok,timm_import_error,,NoneType,projekt-base,C:\Coding\AI\projekt\conda_envs\base.yml,
25 bad,C:\Coding\AI\Dataset\!masks_for_training\25 bad,changeformer,ChangeFormer,ok,weights_path,C:\Coding\AI\projekt\weights\changeformer_best.pt,str,projekt-base,C:\Coding\AI\projekt\conda_envs\base.yml,
25 bad,C:\Coding\AI\Dataset\!masks_for_training\25 bad,changeformer,ChangeFormer,ok,device_requested,auto,str,projekt-base,C:\Coding\AI\projekt\conda_envs\base.yml,
25 bad,C:\Coding\AI\Dataset\!masks_for_training\25 bad,changeformer,ChangeFormer,ok,device_used,cuda,str,projekt-base,C:\Coding\AI\projekt\conda_envs\base.yml,
25 bad,C:\Coding\AI\Dataset\!masks_for_training\25 bad,changeformer,ChangeFormer,ok,force_cpu,False,bool,projekt-base,C:\Coding\AI\projekt\conda_envs\base.yml,
25 bad,C:\Coding\AI\Dataset\!masks_for_training\25 bad,changeformer,ChangeFormer,ok,cuda_available,True,bool,projekt-base,C:\Coding\AI\projekt\conda_envs\base.yml,
25 bad,C:\Coding\AI\Dataset\!masks_for_training\25 bad,changeformer,ChangeFormer,ok,input_size,512,int,projekt-base,C:\Coding\AI\projekt\conda_envs\base.yml,
25 bad,C:\Coding\AI\Dataset\!masks_for_training\25 bad,changeformer,ChangeFormer,ok,threshold_percentile,93,float,projekt-base,C:\Coding\AI\projekt\conda_envs\base.yml,
25 bad,C:\Coding\AI\Dataset\!masks_for_training\25 bad,changeformer,ChangeFormer,ok,threshold_value,0.18255,float,projekt-base,C:\Coding\AI\projekt\conda_envs\base.yml,
25 bad,C:\Coding\AI\Dataset\!masks_for_training\25 bad,changeformer,ChangeFormer,ok,alignment_mode,sift_homography_ransac,str,projekt-base,C:\Coding\AI\projekt\conda_envs\base.yml,
25 bad,C:\Coding\AI\Dataset\!masks_for_training\25 bad,changeformer,ChangeFormer,ok,alignment_ecc_score,,NoneType,projekt-base,C:\Coding\AI\projekt\conda_envs\base.yml,
25 bad,C:\Coding\AI\Dataset\!masks_for_training\25 bad,changeformer,ChangeFormer,ok,alignment_quality,1,float,projekt-base,C:\Coding\AI\projekt\conda_envs\base.yml,
25 bad,C:\Coding\AI\Dataset\!masks_for_training\25 bad,changeformer,ChangeFormer,ok,alignment_rotation_deg,0,int,projekt-base,C:\Coding\AI\projekt\conda_envs\base.yml,
25 bad,C:\Coding\AI\Dataset\!masks_for_training\25 bad,changeformer,ChangeFormer,ok,scene_consistency,1,float,projekt-base,C:\Coding\AI\projekt\conda_envs\base.yml,
25 bad,C:\Coding\AI\Dataset\!masks_for_training\25 bad,changeformer,ChangeFormer,ok,scene_mismatch_suppressed,False,bool,projekt-base,C:\Coding\AI\projekt\conda_envs\base.yml,
25 bad,C:\Coding\AI\Dataset\!masks_for_training\25 bad,changeformer,ChangeFormer,ok,fallback_reason,,NoneType,projekt-base,C:\Coding\AI\projekt\conda_envs\base.yml,
25 bad,C:\Coding\AI\Dataset\!masks_for_training\25 bad,changeformer,ChangeFormer,ok,change_pixels,0,int,projekt-base,C:\Coding\AI\projekt\conda_envs\base.yml,
25 bad,C:\Coding\AI\Dataset\!masks_for_training\25 bad,changeformer,ChangeFormer,ok,overlap_pixels,12192768,int,projekt-base,C:\Coding\AI\projekt\conda_envs\base.yml,
25 bad,C:\Coding\AI\Dataset\!masks_for_training\25 bad,changeformer,ChangeFormer,ok,canvas_pixels,12192768,int,projekt-base,C:\Coding\AI\projekt\conda_envs\base.yml,
25 bad,C:\Coding\AI\Dataset\!masks_for_training\25 bad,changeformer,ChangeFormer,ok,overlap_ratio,1,float,projekt-base,C:\Coding\AI\projekt\conda_envs\base.yml,
25 bad,C:\Coding\AI\Dataset\!masks_for_training\25 bad,changeformer,ChangeFormer,ok,change_ratio,0,float,projekt-base,C:\Coding\AI\projekt\conda_envs\base.yml,
25 bad,C:\Coding\AI\Dataset\!masks_for_training\25 bad,changeformer,ChangeFormer,ok,inference_ms,1541.46,float,projekt-base,C:\Coding\AI\projekt\conda_envs\base.yml,
25 bad,C:\Coding\AI\Dataset\!masks_for_training\25 bad,changeformer,ChangeFormer,ok,segm_gt_pixels,64126,float,projekt-base,C:\Coding\AI\projekt\conda_envs\base.yml,
25 bad,C:\Coding\AI\Dataset\!masks_for_training\25 bad,changeformer,ChangeFormer,ok,segm_pred_pixels,0,float,projekt-base,C:\Coding\AI\projekt\conda_envs\base.yml,
25 bad,C:\Coding\AI\Dataset\!masks_for_training\25 bad,changeformer,ChangeFormer,ok,segm_intersection_pixels,0,float,projekt-base,C:\Coding\AI\projekt\conda_envs\base.yml,
25 bad,C:\Coding\AI\Dataset\!masks_for_training\25 bad,changeformer,ChangeFormer,ok,segm_union_pixels,64126,float,projekt-base,C:\Coding\AI\projekt\conda_envs\base.yml,
25 bad,C:\Coding\AI\Dataset\!masks_for_training\25 bad,changeformer,ChangeFormer,ok,segm_iou,0,float,projekt-base,C:\Coding\AI\projekt\conda_envs\base.yml,
25 bad,C:\Coding\AI\Dataset\!masks_for_training\25 bad,changeformer,ChangeFormer,ok,segm_dice,0,float,projekt-base,C:\Coding\AI\projekt\conda_envs\base.yml,
25 bad,C:\Coding\AI\Dataset\!masks_for_training\25 bad,changeformer,ChangeFormer,ok,qty_pixels_ground_truth,64126,float,projekt-base,C:\Coding\AI\projekt\conda_envs\base.yml,
25 bad,C:\Coding\AI\Dataset\!masks_for_training\25 bad,changeformer,ChangeFormer,ok,qty_pixels_predicted,0,float,projekt-base,C:\Coding\AI\projekt\conda_envs\base.yml,
25 bad,C:\Coding\AI\Dataset\!masks_for_training\25 bad,changeformer,ChangeFormer,ok,qty_pixels_absolute_error,64126,float,projekt-base,C:\Coding\AI\projekt\conda_envs\base.yml,
25 bad,C:\Coding\AI\Dataset\!masks_for_training\25 bad,changeformer,ChangeFormer,ok,qty_pixels_mae,64126,float,projekt-base,C:\Coding\AI\projekt\conda_envs\base.yml,
25 bad,C:\Coding\AI\Dataset\!masks_for_training\25 bad,changeformer,ChangeFormer,ok,qty_pixels_mape,100,float,projekt-base,C:\Coding\AI\projekt\conda_envs\base.yml,
25 bad,C:\Coding\AI\Dataset\!masks_for_training\25 bad,changeformer,ChangeFormer,ok,qty_pixels_percentage_error,100,float,projekt-base,C:\Coding\AI\projekt\conda_envs\base.yml,
25 bad,C:\Coding\AI\Dataset\!masks_for_training\25 bad,changeformer,ChangeFormer,ok,qty_ratio_ground_truth,0.00525935,float,projekt-base,C:\Coding\AI\projekt\conda_envs\base.yml,
25 bad,C:\Coding\AI\Dataset\!masks_for_training\25 bad,changeformer,ChangeFormer,ok,qty_ratio_predicted,0,float,projekt-base,C:\Coding\AI\projekt\conda_envs\base.yml,
25 bad,C:\Coding\AI\Dataset\!masks_for_training\25 bad,changeformer,ChangeFormer,ok,qty_ratio_absolute_error,0.00525935,float,projekt-base,C:\Coding\AI\projekt\conda_envs\base.yml,
25 bad,C:\Coding\AI\Dataset\!masks_for_training\25 bad,changeformer,ChangeFormer,ok,qty_ratio_mae,0.00525935,float,projekt-base,C:\Coding\AI\projekt\conda_envs\base.yml,
25 bad,C:\Coding\AI\Dataset\!masks_for_training\25 bad,changeformer,ChangeFormer,ok,qty_ratio_mape,100,float,projekt-base,C:\Coding\AI\projekt\conda_envs\base.yml,
25 bad,C:\Coding\AI\Dataset\!masks_for_training\25 bad,changeformer,ChangeFormer,ok,qty_ratio_percentage_error,100,float,projekt-base,C:\Coding\AI\projekt\conda_envs\base.yml,
25 bad,C:\Coding\AI\Dataset\!masks_for_training\25 bad,efficientnet,EfficientNet,ok,analysis_mode,efficientnet_cls_pair,str,projekt-base,C:\Coding\AI\projekt\conda_envs\base.yml,
25 bad,C:\Coding\AI\Dataset\!masks_for_training\25 bad,efficientnet,EfficientNet,ok,inference_mode,heuristic_fallback,str,projekt-base,C:\Coding\AI\projekt\conda_envs\base.yml,
25 bad,C:\Coding\AI\Dataset\!masks_for_training\25 bad,efficientnet,EfficientNet,ok,model_name,efficientnet_b0,str,projekt-base,C:\Coding\AI\projekt\conda_envs\base.yml,
25 bad,C:\Coding\AI\Dataset\!masks_for_training\25 bad,efficientnet,EfficientNet,ok,model_source,None,str,projekt-base,C:\Coding\AI\projekt\conda_envs\base.yml,
25 bad,C:\Coding\AI\Dataset\!masks_for_training\25 bad,efficientnet,EfficientNet,ok,weights_path,C:\Coding\AI\projekt\weights\efficientnet_best.pt,str,projekt-base,C:\Coding\AI\projekt\conda_envs\base.yml,
25 bad,C:\Coding\AI\Dataset\!masks_for_training\25 bad,efficientnet,EfficientNet,ok,device_requested,auto,str,projekt-base,C:\Coding\AI\projekt\conda_envs\base.yml,
25 bad,C:\Coding\AI\Dataset\!masks_for_training\25 bad,efficientnet,EfficientNet,ok,device_used,cpu,str,projekt-base,C:\Coding\AI\projekt\conda_envs\base.yml,
25 bad,C:\Coding\AI\Dataset\!masks_for_training\25 bad,efficientnet,EfficientNet,ok,force_cpu,False,bool,projekt-base,C:\Coding\AI\projekt\conda_envs\base.yml,
25 bad,C:\Coding\AI\Dataset\!masks_for_training\25 bad,efficientnet,EfficientNet,ok,cuda_available,True,bool,projekt-base,C:\Coding\AI\projekt\conda_envs\base.yml,
25 bad,C:\Coding\AI\Dataset\!masks_for_training\25 bad,efficientnet,EfficientNet,ok,input_size,224,int,projekt-base,C:\Coding\AI\projekt\conda_envs\base.yml,
25 bad,C:\Coding\AI\Dataset\!masks_for_training\25 bad,efficientnet,EfficientNet,ok,dirty_threshold,0.42,float,projekt-base,C:\Coding\AI\projekt\conda_envs\base.yml,
25 bad,C:\Coding\AI\Dataset\!masks_for_training\25 bad,efficientnet,EfficientNet,ok,dirty_keyword_classes,2,int,projekt-base,C:\Coding\AI\projekt\conda_envs\base.yml,
25 bad,C:\Coding\AI\Dataset\!masks_for_training\25 bad,efficientnet,EfficientNet,ok,before_crop_count,6,int,projekt-base,C:\Coding\AI\projekt\conda_envs\base.yml,
25 bad,C:\Coding\AI\Dataset\!masks_for_training\25 bad,efficientnet,EfficientNet,ok,after_crop_count,6,int,projekt-base,C:\Coding\AI\projekt\conda_envs\base.yml,
25 bad,C:\Coding\AI\Dataset\!masks_for_training\25 bad,efficientnet,EfficientNet,ok,before_crop_dirty_prob_mean,0.373987,float,projekt-base,C:\Coding\AI\projekt\conda_envs\base.yml,
25 bad,C:\Coding\AI\Dataset\!masks_for_training\25 bad,efficientnet,EfficientNet,ok,after_crop_dirty_prob_mean,0.373987,float,projekt-base,C:\Coding\AI\projekt\conda_envs\base.yml,
25 bad,C:\Coding\AI\Dataset\!masks_for_training\25 bad,efficientnet,EfficientNet,ok,before_crop_dirty_prob_max,0.512492,float,projekt-base,C:\Coding\AI\projekt\conda_envs\base.yml,
25 bad,C:\Coding\AI\Dataset\!masks_for_training\25 bad,efficientnet,EfficientNet,ok,after_crop_dirty_prob_max,0.512492,float,projekt-base,C:\Coding\AI\projekt\conda_envs\base.yml,
25 bad,C:\Coding\AI\Dataset\!masks_for_training\25 bad,efficientnet,EfficientNet,ok,before_crop_support_ratio,0.166667,float,projekt-base,C:\Coding\AI\projekt\conda_envs\base.yml,
25 bad,C:\Coding\AI\Dataset\!masks_for_training\25 bad,efficientnet,EfficientNet,ok,after_crop_support_ratio,0.166667,float,projekt-base,C:\Coding\AI\projekt\conda_envs\base.yml,
25 bad,C:\Coding\AI\Dataset\!masks_for_training\25 bad,efficientnet,EfficientNet,ok,before_dirty_prob,0.473711,float,projekt-base,C:\Coding\AI\projekt\conda_envs\base.yml,
25 bad,C:\Coding\AI\Dataset\!masks_for_training\25 bad,efficientnet,EfficientNet,ok,after_dirty_prob,0.473711,float,projekt-base,C:\Coding\AI\projekt\conda_envs\base.yml,
25 bad,C:\Coding\AI\Dataset\!masks_for_training\25 bad,efficientnet,EfficientNet,ok,before_clean_prob,0.526289,float,projekt-base,C:\Coding\AI\projekt\conda_envs\base.yml,
25 bad,C:\Coding\AI\Dataset\!masks_for_training\25 bad,efficientnet,EfficientNet,ok,after_clean_prob,0.526289,float,projekt-base,C:\Coding\AI\projekt\conda_envs\base.yml,
25 bad,C:\Coding\AI\Dataset\!masks_for_training\25 bad,efficientnet,EfficientNet,ok,cleanup_delta,0,float,projekt-base,C:\Coding\AI\projekt\conda_envs\base.yml,
25 bad,C:\Coding\AI\Dataset\!masks_for_training\25 bad,efficientnet,EfficientNet,ok,cleanup_score,0,float,projekt-base,C:\Coding\AI\projekt\conda_envs\base.yml,
25 bad,C:\Coding\AI\Dataset\!masks_for_training\25 bad,efficientnet,EfficientNet,ok,dirty_prob_delta,0,float,projekt-base,C:\Coding\AI\projekt\conda_envs\base.yml,
25 bad,C:\Coding\AI\Dataset\!masks_for_training\25 bad,efficientnet,EfficientNet,ok,dirty_prob_abs_delta,0,float,projekt-base,C:\Coding\AI\projekt\conda_envs\base.yml,
25 bad,C:\Coding\AI\Dataset\!masks_for_training\25 bad,efficientnet,EfficientNet,ok,before_pred_label,dirty,str,projekt-base,C:\Coding\AI\projekt\conda_envs\base.yml,
25 bad,C:\Coding\AI\Dataset\!masks_for_training\25 bad,efficientnet,EfficientNet,ok,after_pred_label,dirty,str,projekt-base,C:\Coding\AI\projekt\conda_envs\base.yml,
25 bad,C:\Coding\AI\Dataset\!masks_for_training\25 bad,efficientnet,EfficientNet,ok,before_top1_label,dirty,str,projekt-base,C:\Coding\AI\projekt\conda_envs\base.yml,
25 bad,C:\Coding\AI\Dataset\!masks_for_training\25 bad,efficientnet,EfficientNet,ok,after_top1_label,dirty,str,projekt-base,C:\Coding\AI\projekt\conda_envs\base.yml,
25 bad,C:\Coding\AI\Dataset\!masks_for_training\25 bad,efficientnet,EfficientNet,ok,before_top1_prob,0.719406,float,projekt-base,C:\Coding\AI\projekt\conda_envs\base.yml,
25 bad,C:\Coding\AI\Dataset\!masks_for_training\25 bad,efficientnet,EfficientNet,ok,after_top1_prob,0.719406,float,projekt-base,C:\Coding\AI\projekt\conda_envs\base.yml,
25 bad,C:\Coding\AI\Dataset\!masks_for_training\25 bad,efficientnet,EfficientNet,ok,before_entropy_norm,0.936184,float,projekt-base,C:\Coding\AI\projekt\conda_envs\base.yml,
25 bad,C:\Coding\AI\Dataset\!masks_for_training\25 bad,efficientnet,EfficientNet,ok,after_entropy_norm,0.936184,float,projekt-base,C:\Coding\AI\projekt\conda_envs\base.yml,
25 bad,C:\Coding\AI\Dataset\!masks_for_training\25 bad,efficientnet,EfficientNet,ok,before_inference_ms,0,float,projekt-base,C:\Coding\AI\projekt\conda_envs\base.yml,
25 bad,C:\Coding\AI\Dataset\!masks_for_training\25 bad,efficientnet,EfficientNet,ok,after_inference_ms,0,float,projekt-base,C:\Coding\AI\projekt\conda_envs\base.yml,
25 bad,C:\Coding\AI\Dataset\!masks_for_training\25 bad,efficientnet,EfficientNet,ok,inference_ms_total,0,float,projekt-base,C:\Coding\AI\projekt\conda_envs\base.yml,
25 bad,C:\Coding\AI\Dataset\!masks_for_training\25 bad,sift_ransac,SIFT + RANSAC + difference map,ok,alignment_mode,homography_ransac,str,projekt-base,C:\Coding\AI\projekt\conda_envs\base.yml,
25 bad,C:\Coding\AI\Dataset\!masks_for_training\25 bad,sift_ransac,SIFT + RANSAC + difference map,ok,fallback_reason,none,str,projekt-base,C:\Coding\AI\projekt\conda_envs\base.yml,
25 bad,C:\Coding\AI\Dataset\!masks_for_training\25 bad,sift_ransac,SIFT + RANSAC + difference map,ok,keypoints_before,26773,int,projekt-base,C:\Coding\AI\projekt\conda_envs\base.yml,
25 bad,C:\Coding\AI\Dataset\!masks_for_training\25 bad,sift_ransac,SIFT + RANSAC + difference map,ok,keypoints_after,26773,int,projekt-base,C:\Coding\AI\projekt\conda_envs\base.yml,
25 bad,C:\Coding\AI\Dataset\!masks_for_training\25 bad,sift_ransac,SIFT + RANSAC + difference map,ok,raw_matches,26773,int,projekt-base,C:\Coding\AI\projekt\conda_envs\base.yml,
25 bad,C:\Coding\AI\Dataset\!masks_for_training\25 bad,sift_ransac,SIFT + RANSAC + difference map,ok,good_matches,26773,int,projekt-base,C:\Coding\AI\projekt\conda_envs\base.yml,
25 bad,C:\Coding\AI\Dataset\!masks_for_training\25 bad,sift_ransac,SIFT + RANSAC + difference map,ok,inliers,26773,int,projekt-base,C:\Coding\AI\projekt\conda_envs\base.yml,
25 bad,C:\Coding\AI\Dataset\!masks_for_training\25 bad,sift_ransac,SIFT + RANSAC + difference map,ok,inlier_ratio,1,float,projekt-base,C:\Coding\AI\projekt\conda_envs\base.yml,
25 bad,C:\Coding\AI\Dataset\!masks_for_training\25 bad,sift_ransac,SIFT + RANSAC + difference map,ok,change_pixels,0,int,projekt-base,C:\Coding\AI\projekt\conda_envs\base.yml,
25 bad,C:\Coding\AI\Dataset\!masks_for_training\25 bad,sift_ransac,SIFT + RANSAC + difference map,ok,overlap_pixels,12192768,int,projekt-base,C:\Coding\AI\projekt\conda_envs\base.yml,
25 bad,C:\Coding\AI\Dataset\!masks_for_training\25 bad,sift_ransac,SIFT + RANSAC + difference map,ok,canvas_pixels,12192768,int,projekt-base,C:\Coding\AI\projekt\conda_envs\base.yml,
25 bad,C:\Coding\AI\Dataset\!masks_for_training\25 bad,sift_ransac,SIFT + RANSAC + difference map,ok,overlap_ratio,1,float,projekt-base,C:\Coding\AI\projekt\conda_envs\base.yml,
25 bad,C:\Coding\AI\Dataset\!masks_for_training\25 bad,sift_ransac,SIFT + RANSAC + difference map,ok,change_ratio,0,float,projekt-base,C:\Coding\AI\projekt\conda_envs\base.yml,
25 bad,C:\Coding\AI\Dataset\!masks_for_training\25 bad,sift_ransac,SIFT + RANSAC + difference map,ok,otsu_threshold,0,float,projekt-base,C:\Coding\AI\projekt\conda_envs\base.yml,
25 bad,C:\Coding\AI\Dataset\!masks_for_training\25 bad,sift_ransac,SIFT + RANSAC + difference map,ok,segm_gt_pixels,64126,float,projekt-base,C:\Coding\AI\projekt\conda_envs\base.yml,
25 bad,C:\Coding\AI\Dataset\!masks_for_training\25 bad,sift_ransac,SIFT + RANSAC + difference map,ok,segm_pred_pixels,0,float,projekt-base,C:\Coding\AI\projekt\conda_envs\base.yml,
25 bad,C:\Coding\AI\Dataset\!masks_for_training\25 bad,sift_ransac,SIFT + RANSAC + difference map,ok,segm_intersection_pixels,0,float,projekt-base,C:\Coding\AI\projekt\conda_envs\base.yml,
25 bad,C:\Coding\AI\Dataset\!masks_for_training\25 bad,sift_ransac,SIFT + RANSAC + difference map,ok,segm_union_pixels,64126,float,projekt-base,C:\Coding\AI\projekt\conda_envs\base.yml,
25 bad,C:\Coding\AI\Dataset\!masks_for_training\25 bad,sift_ransac,SIFT + RANSAC + difference map,ok,segm_iou,0,float,projekt-base,C:\Coding\AI\projekt\conda_envs\base.yml,
25 bad,C:\Coding\AI\Dataset\!masks_for_training\25 bad,sift_ransac,SIFT + RANSAC + difference map,ok,segm_dice,0,float,projekt-base,C:\Coding\AI\projekt\conda_envs\base.yml,
25 bad,C:\Coding\AI\Dataset\!masks_for_training\25 bad,sift_ransac,SIFT + RANSAC + difference map,ok,qty_pixels_ground_truth,64126,float,projekt-base,C:\Coding\AI\projekt\conda_envs\base.yml,
25 bad,C:\Coding\AI\Dataset\!masks_for_training\25 bad,sift_ransac,SIFT + RANSAC + difference map,ok,qty_pixels_predicted,0,float,projekt-base,C:\Coding\AI\projekt\conda_envs\base.yml,
25 bad,C:\Coding\AI\Dataset\!masks_for_training\25 bad,sift_ransac,SIFT + RANSAC + difference map,ok,qty_pixels_absolute_error,64126,float,projekt-base,C:\Coding\AI\projekt\conda_envs\base.yml,
25 bad,C:\Coding\AI\Dataset\!masks_for_training\25 bad,sift_ransac,SIFT + RANSAC + difference map,ok,qty_pixels_mae,64126,float,projekt-base,C:\Coding\AI\projekt\conda_envs\base.yml,
25 bad,C:\Coding\AI\Dataset\!masks_for_training\25 bad,sift_ransac,SIFT + RANSAC + difference map,ok,qty_pixels_mape,100,float,projekt-base,C:\Coding\AI\projekt\conda_envs\base.yml,
25 bad,C:\Coding\AI\Dataset\!masks_for_training\25 bad,sift_ransac,SIFT + RANSAC + difference map,ok,qty_pixels_percentage_error,100,float,projekt-base,C:\Coding\AI\projekt\conda_envs\base.yml,
25 bad,C:\Coding\AI\Dataset\!masks_for_training\25 bad,sift_ransac,SIFT + RANSAC + difference map,ok,qty_ratio_ground_truth,0.00525935,float,projekt-base,C:\Coding\AI\projekt\conda_envs\base.yml,
25 bad,C:\Coding\AI\Dataset\!masks_for_training\25 bad,sift_ransac,SIFT + RANSAC + difference map,ok,qty_ratio_predicted,0,float,projekt-base,C:\Coding\AI\projekt\conda_envs\base.yml,
25 bad,C:\Coding\AI\Dataset\!masks_for_training\25 bad,sift_ransac,SIFT + RANSAC + difference map,ok,qty_ratio_absolute_error,0.00525935,float,projekt-base,C:\Coding\AI\projekt\conda_envs\base.yml,
25 bad,C:\Coding\AI\Dataset\!masks_for_training\25 bad,sift_ransac,SIFT + RANSAC + difference map,ok,qty_ratio_mae,0.00525935,float,projekt-base,C:\Coding\AI\projekt\conda_envs\base.yml,
25 bad,C:\Coding\AI\Dataset\!masks_for_training\25 bad,sift_ransac,SIFT + RANSAC + difference map,ok,qty_ratio_mape,100,float,projekt-base,C:\Coding\AI\projekt\conda_envs\base.yml,
25 bad,C:\Coding\AI\Dataset\!masks_for_training\25 bad,sift_ransac,SIFT + RANSAC + difference map,ok,qty_ratio_percentage_error,100,float,projekt-base,C:\Coding\AI\projekt\conda_envs\base.yml,
25 bad,C:\Coding\AI\Dataset\!masks_for_training\25 bad,siamese_unet,Siamese U-Net,error,,,,projekt-base,C:\Coding\AI\projekt\conda_envs\base.yml,"ValueError: operands could not be broadcast together with shapes (4032,3024,1) (4032,3024) "
25 bad,C:\Coding\AI\Dataset\!masks_for_training\25 bad,yolov8_seg,YOLOv8-seg,ok,analysis_mode,yolov8_seg_pair,str,projekt-base,C:\Coding\AI\projekt\conda_envs\base.yml,
25 bad,C:\Coding\AI\Dataset\!masks_for_training\25 bad,yolov8_seg,YOLOv8-seg,ok,model_name,C:\Coding\AI\projekt\weights\yolov8m_trash_finetuned.pt,str,projekt-base,C:\Coding\AI\projekt\conda_envs\base.yml,
25 bad,C:\Coding\AI\Dataset\!masks_for_training\25 bad,yolov8_seg,YOLOv8-seg,ok,model_source,C:\Coding\AI\projekt\weights\yolov8m_seg_best_new+fine-tune.pt,str,projekt-base,C:\Coding\AI\projekt\conda_envs\base.yml,
25 bad,C:\Coding\AI\Dataset\!masks_for_training\25 bad,yolov8_seg,YOLOv8-seg,ok,device_requested,auto,str,projekt-base,C:\Coding\AI\projekt\conda_envs\base.yml,
25 bad,C:\Coding\AI\Dataset\!masks_for_training\25 bad,yolov8_seg,YOLOv8-seg,ok,device_used,cuda,str,projekt-base,C:\Coding\AI\projekt\conda_envs\base.yml,
25 bad,C:\Coding\AI\Dataset\!masks_for_training\25 bad,yolov8_seg,YOLOv8-seg,ok,force_cpu,False,bool,projekt-base,C:\Coding\AI\projekt\conda_envs\base.yml,
25 bad,C:\Coding\AI\Dataset\!masks_for_training\25 bad,yolov8_seg,YOLOv8-seg,ok,cuda_available,True,bool,projekt-base,C:\Coding\AI\projekt\conda_envs\base.yml,
25 bad,C:\Coding\AI\Dataset\!masks_for_training\25 bad,yolov8_seg,YOLOv8-seg,ok,image_size,1536,int,projekt-base,C:\Coding\AI\projekt\conda_envs\base.yml,
25 bad,C:\Coding\AI\Dataset\!masks_for_training\25 bad,yolov8_seg,YOLOv8-seg,ok,confidence_threshold,0.35,float,projekt-base,C:\Coding\AI\projekt\conda_envs\base.yml,
25 bad,C:\Coding\AI\Dataset\!masks_for_training\25 bad,yolov8_seg,YOLOv8-seg,ok,iou_threshold,0.4,float,projekt-base,C:\Coding\AI\projekt\conda_envs\base.yml,
25 bad,C:\Coding\AI\Dataset\!masks_for_training\25 bad,yolov8_seg,YOLOv8-seg,ok,tile_inference_mode,auto,str,projekt-base,C:\Coding\AI\projekt\conda_envs\base.yml,
25 bad,C:\Coding\AI\Dataset\!masks_for_training\25 bad,yolov8_seg,YOLOv8-seg,ok,tile_size,640,int,projekt-base,C:\Coding\AI\projekt\conda_envs\base.yml,
25 bad,C:\Coding\AI\Dataset\!masks_for_training\25 bad,yolov8_seg,YOLOv8-seg,ok,tile_overlap_ratio,0.5,float,projekt-base,C:\Coding\AI\projekt\conda_envs\base.yml,
25 bad,C:\Coding\AI\Dataset\!masks_for_training\25 bad,yolov8_seg,YOLOv8-seg,ok,before_tile_count,108,int,projekt-base,C:\Coding\AI\projekt\conda_envs\base.yml,
25 bad,C:\Coding\AI\Dataset\!masks_for_training\25 bad,yolov8_seg,YOLOv8-seg,ok,after_tile_count,108,int,projekt-base,C:\Coding\AI\projekt\conda_envs\base.yml,
25 bad,C:\Coding\AI\Dataset\!masks_for_training\25 bad,yolov8_seg,YOLOv8-seg,ok,selected_class_count,0,int,projekt-base,C:\Coding\AI\projekt\conda_envs\base.yml,
25 bad,C:\Coding\AI\Dataset\!masks_for_training\25 bad,yolov8_seg,YOLOv8-seg,ok,selected_class_ids,[],list,projekt-base,C:\Coding\AI\projekt\conda_envs\base.yml,
25 bad,C:\Coding\AI\Dataset\!masks_for_training\25 bad,yolov8_seg,YOLOv8-seg,ok,taco_dataset_root,C:\Coding\AI\projekt\datasets\TACO,str,projekt-base,C:\Coding\AI\projekt\conda_envs\base.yml,
25 bad,C:\Coding\AI\Dataset\!masks_for_training\25 bad,yolov8_seg,YOLOv8-seg,ok,taco_annotations_path,C:\Coding\AI\projekt\datasets\TACO\data\annotations.json,str,projekt-base,C:\Coding\AI\projekt\conda_envs\base.yml,
25 bad,C:\Coding\AI\Dataset\!masks_for_training\25 bad,yolov8_seg,YOLOv8-seg,ok,taco_export_root,C:\Coding\AI\projekt\datasets\TACO\yolo_seg,str,projekt-base,C:\Coding\AI\projekt\conda_envs\base.yml,
25 bad,C:\Coding\AI\Dataset\!masks_for_training\25 bad,yolov8_seg,YOLOv8-seg,ok,taco_data_yaml,C:\Coding\AI\projekt\datasets\TACO\yolo_seg\data.yaml,str,projekt-base,C:\Coding\AI\projekt\conda_envs\base.yml,
25 bad,C:\Coding\AI\Dataset\!masks_for_training\25 bad,yolov8_seg,YOLOv8-seg,ok,taco_source_images,1500,int,projekt-base,C:\Coding\AI\projekt\conda_envs\base.yml,
25 bad,C:\Coding\AI\Dataset\!masks_for_training\25 bad,yolov8_seg,YOLOv8-seg,ok,taco_exported_images,1500,int,projekt-base,C:\Coding\AI\projekt\conda_envs\base.yml,
25 bad,C:\Coding\AI\Dataset\!masks_for_training\25 bad,yolov8_seg,YOLOv8-seg,ok,taco_exported_labels,1500,int,projekt-base,C:\Coding\AI\projekt\conda_envs\base.yml,
25 bad,C:\Coding\AI\Dataset\!masks_for_training\25 bad,yolov8_seg,YOLOv8-seg,ok,taco_skipped_missing_images,0,int,projekt-base,C:\Coding\AI\projekt\conda_envs\base.yml,
25 bad,C:\Coding\AI\Dataset\!masks_for_training\25 bad,yolov8_seg,YOLOv8-seg,ok,taco_skipped_invalid_polygons,0,int,projekt-base,C:\Coding\AI\projekt\conda_envs\base.yml,
25 bad,C:\Coding\AI\Dataset\!masks_for_training\25 bad,yolov8_seg,YOLOv8-seg,ok,before_instance_count,69,int,projekt-base,C:\Coding\AI\projekt\conda_envs\base.yml,
25 bad,C:\Coding\AI\Dataset\!masks_for_training\25 bad,yolov8_seg,YOLOv8-seg,ok,after_instance_count,69,int,projekt-base,C:\Coding\AI\projekt\conda_envs\base.yml,
25 bad,C:\Coding\AI\Dataset\!masks_for_training\25 bad,yolov8_seg,YOLOv8-seg,ok,instance_count_total,138,int,projekt-base,C:\Coding\AI\projekt\conda_envs\base.yml,
25 bad,C:\Coding\AI\Dataset\!masks_for_training\25 bad,yolov8_seg,YOLOv8-seg,ok,before_mask_area_px,596680,int,projekt-base,C:\Coding\AI\projekt\conda_envs\base.yml,
25 bad,C:\Coding\AI\Dataset\!masks_for_training\25 bad,yolov8_seg,YOLOv8-seg,ok,after_mask_area_px,596680,int,projekt-base,C:\Coding\AI\projekt\conda_envs\base.yml,
25 bad,C:\Coding\AI\Dataset\!masks_for_training\25 bad,yolov8_seg,YOLOv8-seg,ok,before_mask_area_ratio,0.048937,float,projekt-base,C:\Coding\AI\projekt\conda_envs\base.yml,
25 bad,C:\Coding\AI\Dataset\!masks_for_training\25 bad,yolov8_seg,YOLOv8-seg,ok,after_mask_area_ratio,0.048937,float,projekt-base,C:\Coding\AI\projekt\conda_envs\base.yml,
25 bad,C:\Coding\AI\Dataset\!masks_for_training\25 bad,yolov8_seg,YOLOv8-seg,ok,mask_area_delta_px,0,int,projekt-base,C:\Coding\AI\projekt\conda_envs\base.yml,
25 bad,C:\Coding\AI\Dataset\!masks_for_training\25 bad,yolov8_seg,YOLOv8-seg,ok,mask_area_delta_ratio,0,float,projekt-base,C:\Coding\AI\projekt\conda_envs\base.yml,
25 bad,C:\Coding\AI\Dataset\!masks_for_training\25 bad,yolov8_seg,YOLOv8-seg,ok,before_bbox_area_px,1017497,int,projekt-base,C:\Coding\AI\projekt\conda_envs\base.yml,
25 bad,C:\Coding\AI\Dataset\!masks_for_training\25 bad,yolov8_seg,YOLOv8-seg,ok,after_bbox_area_px,1017497,int,projekt-base,C:\Coding\AI\projekt\conda_envs\base.yml,
25 bad,C:\Coding\AI\Dataset\!masks_for_training\25 bad,yolov8_seg,YOLOv8-seg,ok,before_mean_confidence,0.52478,float,projekt-base,C:\Coding\AI\projekt\conda_envs\base.yml,
25 bad,C:\Coding\AI\Dataset\!masks_for_training\25 bad,yolov8_seg,YOLOv8-seg,ok,after_mean_confidence,0.52478,float,projekt-base,C:\Coding\AI\projekt\conda_envs\base.yml,
25 bad,C:\Coding\AI\Dataset\!masks_for_training\25 bad,yolov8_seg,YOLOv8-seg,ok,before_inference_ms,5110.95,float,projekt-base,C:\Coding\AI\projekt\conda_envs\base.yml,
25 bad,C:\Coding\AI\Dataset\!masks_for_training\25 bad,yolov8_seg,YOLOv8-seg,ok,after_inference_ms,5342.31,float,projekt-base,C:\Coding\AI\projekt\conda_envs\base.yml,
25 bad,C:\Coding\AI\Dataset\!masks_for_training\25 bad,yolov8_seg,YOLOv8-seg,ok,inference_ms_total,10453.3,float,projekt-base,C:\Coding\AI\projekt\conda_envs\base.yml,
25 easy,C:\Coding\AI\Dataset\!masks_for_training\25 easy,changeformer,ChangeFormer,ok,analysis_mode,changeformer_pair,str,projekt-base,C:\Coding\AI\projekt\conda_envs\base.yml,
25 easy,C:\Coding\AI\Dataset\!masks_for_training\25 easy,changeformer,ChangeFormer,ok,inference_mode,trained_checkpoint,str,projekt-base,C:\Coding\AI\projekt\conda_envs\base.yml,
25 easy,C:\Coding\AI\Dataset\!masks_for_training\25 easy,changeformer,ChangeFormer,ok,model_name,pvt_v2_b0,str,projekt-base,C:\Coding\AI\projekt\conda_envs\base.yml,
25 easy,C:\Coding\AI\Dataset\!masks_for_training\25 easy,changeformer,ChangeFormer,ok,model_source,C:\Coding\AI\projekt\weights\changeformer_best.pt,str,projekt-base,C:\Coding\AI\projekt\conda_envs\base.yml,
25 easy,C:\Coding\AI\Dataset\!masks_for_training\25 easy,changeformer,ChangeFormer,ok,python_executable,C:\Users\jetgera\miniconda3\envs\projekt-base\python.exe,str,projekt-base,C:\Coding\AI\projekt\conda_envs\base.yml,
25 easy,C:\Coding\AI\Dataset\!masks_for_training\25 easy,changeformer,ChangeFormer,ok,torch_import_ok,True,bool,projekt-base,C:\Coding\AI\projekt\conda_envs\base.yml,
25 easy,C:\Coding\AI\Dataset\!masks_for_training\25 easy,changeformer,ChangeFormer,ok,timm_import_ok,True,bool,projekt-base,C:\Coding\AI\projekt\conda_envs\base.yml,
25 easy,C:\Coding\AI\Dataset\!masks_for_training\25 easy,changeformer,ChangeFormer,ok,torch_version,2.12.0+cu132,TorchVersion,projekt-base,C:\Coding\AI\projekt\conda_envs\base.yml,
25 easy,C:\Coding\AI\Dataset\!masks_for_training\25 easy,changeformer,ChangeFormer,ok,timm_version,1.0.27,str,projekt-base,C:\Coding\AI\projekt\conda_envs\base.yml,
25 easy,C:\Coding\AI\Dataset\!masks_for_training\25 easy,changeformer,ChangeFormer,ok,torch_import_error,,NoneType,projekt-base,C:\Coding\AI\projekt\conda_envs\base.yml,
25 easy,C:\Coding\AI\Dataset\!masks_for_training\25 easy,changeformer,ChangeFormer,ok,timm_import_error,,NoneType,projekt-base,C:\Coding\AI\projekt\conda_envs\base.yml,
25 easy,C:\Coding\AI\Dataset\!masks_for_training\25 easy,changeformer,ChangeFormer,ok,weights_path,C:\Coding\AI\projekt\weights\changeformer_best.pt,str,projekt-base,C:\Coding\AI\projekt\conda_envs\base.yml,
25 easy,C:\Coding\AI\Dataset\!masks_for_training\25 easy,changeformer,ChangeFormer,ok,device_requested,auto,str,projekt-base,C:\Coding\AI\projekt\conda_envs\base.yml,
25 easy,C:\Coding\AI\Dataset\!masks_for_training\25 easy,changeformer,ChangeFormer,ok,device_used,cuda,str,projekt-base,C:\Coding\AI\projekt\conda_envs\base.yml,
25 easy,C:\Coding\AI\Dataset\!masks_for_training\25 easy,changeformer,ChangeFormer,ok,force_cpu,False,bool,projekt-base,C:\Coding\AI\projekt\conda_envs\base.yml,
25 easy,C:\Coding\AI\Dataset\!masks_for_training\25 easy,changeformer,ChangeFormer,ok,cuda_available,True,bool,projekt-base,C:\Coding\AI\projekt\conda_envs\base.yml,
25 easy,C:\Coding\AI\Dataset\!masks_for_training\25 easy,changeformer,ChangeFormer,ok,input_size,512,int,projekt-base,C:\Coding\AI\projekt\conda_envs\base.yml,
25 easy,C:\Coding\AI\Dataset\!masks_for_training\25 easy,changeformer,ChangeFormer,ok,threshold_percentile,93,float,projekt-base,C:\Coding\AI\projekt\conda_envs\base.yml,
25 easy,C:\Coding\AI\Dataset\!masks_for_training\25 easy,changeformer,ChangeFormer,ok,threshold_value,0.167735,float,projekt-base,C:\Coding\AI\projekt\conda_envs\base.yml,
25 easy,C:\Coding\AI\Dataset\!masks_for_training\25 easy,changeformer,ChangeFormer,ok,alignment_mode,sift_homography_ransac,str,projekt-base,C:\Coding\AI\projekt\conda_envs\base.yml,
25 easy,C:\Coding\AI\Dataset\!masks_for_training\25 easy,changeformer,ChangeFormer,ok,alignment_ecc_score,,NoneType,projekt-base,C:\Coding\AI\projekt\conda_envs\base.yml,
25 easy,C:\Coding\AI\Dataset\!masks_for_training\25 easy,changeformer,ChangeFormer,ok,alignment_quality,1,float,projekt-base,C:\Coding\AI\projekt\conda_envs\base.yml,
25 easy,C:\Coding\AI\Dataset\!masks_for_training\25 easy,changeformer,ChangeFormer,ok,alignment_rotation_deg,0,int,projekt-base,C:\Coding\AI\projekt\conda_envs\base.yml,
25 easy,C:\Coding\AI\Dataset\!masks_for_training\25 easy,changeformer,ChangeFormer,ok,scene_consistency,1,float,projekt-base,C:\Coding\AI\projekt\conda_envs\base.yml,
25 easy,C:\Coding\AI\Dataset\!masks_for_training\25 easy,changeformer,ChangeFormer,ok,scene_mismatch_suppressed,False,bool,projekt-base,C:\Coding\AI\projekt\conda_envs\base.yml,
25 easy,C:\Coding\AI\Dataset\!masks_for_training\25 easy,changeformer,ChangeFormer,ok,fallback_reason,,NoneType,projekt-base,C:\Coding\AI\projekt\conda_envs\base.yml,
25 easy,C:\Coding\AI\Dataset\!masks_for_training\25 easy,changeformer,ChangeFormer,ok,change_pixels,0,int,projekt-base,C:\Coding\AI\projekt\conda_envs\base.yml,
25 easy,C:\Coding\AI\Dataset\!masks_for_training\25 easy,changeformer,ChangeFormer,ok,overlap_pixels,12192768,int,projekt-base,C:\Coding\AI\projekt\conda_envs\base.yml,
25 easy,C:\Coding\AI\Dataset\!masks_for_training\25 easy,changeformer,ChangeFormer,ok,canvas_pixels,12192768,int,projekt-base,C:\Coding\AI\projekt\conda_envs\base.yml,
25 easy,C:\Coding\AI\Dataset\!masks_for_training\25 easy,changeformer,ChangeFormer,ok,overlap_ratio,1,float,projekt-base,C:\Coding\AI\projekt\conda_envs\base.yml,
25 easy,C:\Coding\AI\Dataset\!masks_for_training\25 easy,changeformer,ChangeFormer,ok,change_ratio,0,float,projekt-base,C:\Coding\AI\projekt\conda_envs\base.yml,
25 easy,C:\Coding\AI\Dataset\!masks_for_training\25 easy,changeformer,ChangeFormer,ok,inference_ms,1518.76,float,projekt-base,C:\Coding\AI\projekt\conda_envs\base.yml,
25 easy,C:\Coding\AI\Dataset\!masks_for_training\25 easy,changeformer,ChangeFormer,ok,segm_gt_pixels,234008,float,projekt-base,C:\Coding\AI\projekt\conda_envs\base.yml,
25 easy,C:\Coding\AI\Dataset\!masks_for_training\25 easy,changeformer,ChangeFormer,ok,segm_pred_pixels,0,float,projekt-base,C:\Coding\AI\projekt\conda_envs\base.yml,
25 easy,C:\Coding\AI\Dataset\!masks_for_training\25 easy,changeformer,ChangeFormer,ok,segm_intersection_pixels,0,float,projekt-base,C:\Coding\AI\projekt\conda_envs\base.yml,
25 easy,C:\Coding\AI\Dataset\!masks_for_training\25 easy,changeformer,ChangeFormer,ok,segm_union_pixels,234008,float,projekt-base,C:\Coding\AI\projekt\conda_envs\base.yml,
25 easy,C:\Coding\AI\Dataset\!masks_for_training\25 easy,changeformer,ChangeFormer,ok,segm_iou,0,float,projekt-base,C:\Coding\AI\projekt\conda_envs\base.yml,
25 easy,C:\Coding\AI\Dataset\!masks_for_training\25 easy,changeformer,ChangeFormer,ok,segm_dice,0,float,projekt-base,C:\Coding\AI\projekt\conda_envs\base.yml,
25 easy,C:\Coding\AI\Dataset\!masks_for_training\25 easy,changeformer,ChangeFormer,ok,qty_pixels_ground_truth,234008,float,projekt-base,C:\Coding\AI\projekt\conda_envs\base.yml,
25 easy,C:\Coding\AI\Dataset\!masks_for_training\25 easy,changeformer,ChangeFormer,ok,qty_pixels_predicted,0,float,projekt-base,C:\Coding\AI\projekt\conda_envs\base.yml,
25 easy,C:\Coding\AI\Dataset\!masks_for_training\25 easy,changeformer,ChangeFormer,ok,qty_pixels_absolute_error,234008,float,projekt-base,C:\Coding\AI\projekt\conda_envs\base.yml,
25 easy,C:\Coding\AI\Dataset\!masks_for_training\25 easy,changeformer,ChangeFormer,ok,qty_pixels_mae,234008,float,projekt-base,C:\Coding\AI\projekt\conda_envs\base.yml,
25 easy,C:\Coding\AI\Dataset\!masks_for_training\25 easy,changeformer,ChangeFormer,ok,qty_pixels_mape,100,float,projekt-base,C:\Coding\AI\projekt\conda_envs\base.yml,
25 easy,C:\Coding\AI\Dataset\!masks_for_training\25 easy,changeformer,ChangeFormer,ok,qty_pixels_percentage_error,100,float,projekt-base,C:\Coding\AI\projekt\conda_envs\base.yml,
25 easy,C:\Coding\AI\Dataset\!masks_for_training\25 easy,changeformer,ChangeFormer,ok,qty_ratio_ground_truth,0.0191924,float,projekt-base,C:\Coding\AI\projekt\conda_envs\base.yml,
25 easy,C:\Coding\AI\Dataset\!masks_for_training\25 easy,changeformer,ChangeFormer,ok,qty_ratio_predicted,0,float,projekt-base,C:\Coding\AI\projekt\conda_envs\base.yml,
25 easy,C:\Coding\AI\Dataset\!masks_for_training\25 easy,changeformer,ChangeFormer,ok,qty_ratio_absolute_error,0.0191924,float,projekt-base,C:\Coding\AI\projekt\conda_envs\base.yml,
25 easy,C:\Coding\AI\Dataset\!masks_for_training\25 easy,changeformer,ChangeFormer,ok,qty_ratio_mae,0.0191924,float,projekt-base,C:\Coding\AI\projekt\conda_envs\base.yml,
25 easy,C:\Coding\AI\Dataset\!masks_for_training\25 easy,changeformer,ChangeFormer,ok,qty_ratio_mape,100,float,projekt-base,C:\Coding\AI\projekt\conda_envs\base.yml,
25 easy,C:\Coding\AI\Dataset\!masks_for_training\25 easy,changeformer,ChangeFormer,ok,qty_ratio_percentage_error,100,float,projekt-base,C:\Coding\AI\projekt\conda_envs\base.yml,
25 easy,C:\Coding\AI\Dataset\!masks_for_training\25 easy,efficientnet,EfficientNet,ok,analysis_mode,efficientnet_cls_pair,str,projekt-base,C:\Coding\AI\projekt\conda_envs\base.yml,
25 easy,C:\Coding\AI\Dataset\!masks_for_training\25 easy,efficientnet,EfficientNet,ok,inference_mode,heuristic_fallback,str,projekt-base,C:\Coding\AI\projekt\conda_envs\base.yml,
25 easy,C:\Coding\AI\Dataset\!masks_for_training\25 easy,efficientnet,EfficientNet,ok,model_name,efficientnet_b0,str,projekt-base,C:\Coding\AI\projekt\conda_envs\base.yml,
25 easy,C:\Coding\AI\Dataset\!masks_for_training\25 easy,efficientnet,EfficientNet,ok,model_source,None,str,projekt-base,C:\Coding\AI\projekt\conda_envs\base.yml,
25 easy,C:\Coding\AI\Dataset\!masks_for_training\25 easy,efficientnet,EfficientNet,ok,weights_path,C:\Coding\AI\projekt\weights\efficientnet_best.pt,str,projekt-base,C:\Coding\AI\projekt\conda_envs\base.yml,
25 easy,C:\Coding\AI\Dataset\!masks_for_training\25 easy,efficientnet,EfficientNet,ok,device_requested,auto,str,projekt-base,C:\Coding\AI\projekt\conda_envs\base.yml,
25 easy,C:\Coding\AI\Dataset\!masks_for_training\25 easy,efficientnet,EfficientNet,ok,device_used,cpu,str,projekt-base,C:\Coding\AI\projekt\conda_envs\base.yml,
25 easy,C:\Coding\AI\Dataset\!masks_for_training\25 easy,efficientnet,EfficientNet,ok,force_cpu,False,bool,projekt-base,C:\Coding\AI\projekt\conda_envs\base.yml,
25 easy,C:\Coding\AI\Dataset\!masks_for_training\25 easy,efficientnet,EfficientNet,ok,cuda_available,True,bool,projekt-base,C:\Coding\AI\projekt\conda_envs\base.yml,
25 easy,C:\Coding\AI\Dataset\!masks_for_training\25 easy,efficientnet,EfficientNet,ok,input_size,224,int,projekt-base,C:\Coding\AI\projekt\conda_envs\base.yml,
25 easy,C:\Coding\AI\Dataset\!masks_for_training\25 easy,efficientnet,EfficientNet,ok,dirty_threshold,0.42,float,projekt-base,C:\Coding\AI\projekt\conda_envs\base.yml,
25 easy,C:\Coding\AI\Dataset\!masks_for_training\25 easy,efficientnet,EfficientNet,ok,dirty_keyword_classes,2,int,projekt-base,C:\Coding\AI\projekt\conda_envs\base.yml,
25 easy,C:\Coding\AI\Dataset\!masks_for_training\25 easy,efficientnet,EfficientNet,ok,before_crop_count,6,int,projekt-base,C:\Coding\AI\projekt\conda_envs\base.yml,
25 easy,C:\Coding\AI\Dataset\!masks_for_training\25 easy,efficientnet,EfficientNet,ok,after_crop_count,6,int,projekt-base,C:\Coding\AI\projekt\conda_envs\base.yml,
25 easy,C:\Coding\AI\Dataset\!masks_for_training\25 easy,efficientnet,EfficientNet,ok,before_crop_dirty_prob_mean,0.360246,float,projekt-base,C:\Coding\AI\projekt\conda_envs\base.yml,
25 easy,C:\Coding\AI\Dataset\!masks_for_training\25 easy,efficientnet,EfficientNet,ok,after_crop_dirty_prob_mean,0.360246,float,projekt-base,C:\Coding\AI\projekt\conda_envs\base.yml,
25 easy,C:\Coding\AI\Dataset\!masks_for_training\25 easy,efficientnet,EfficientNet,ok,before_crop_dirty_prob_max,0.454644,float,projekt-base,C:\Coding\AI\projekt\conda_envs\base.yml,
25 easy,C:\Coding\AI\Dataset\!masks_for_training\25 easy,efficientnet,EfficientNet,ok,after_crop_dirty_prob_max,0.454644,float,projekt-base,C:\Coding\AI\projekt\conda_envs\base.yml,
25 easy,C:\Coding\AI\Dataset\!masks_for_training\25 easy,efficientnet,EfficientNet,ok,before_crop_support_ratio,0.166667,float,projekt-base,C:\Coding\AI\projekt\conda_envs\base.yml,
25 easy,C:\Coding\AI\Dataset\!masks_for_training\25 easy,efficientnet,EfficientNet,ok,after_crop_support_ratio,0.166667,float,projekt-base,C:\Coding\AI\projekt\conda_envs\base.yml,
25 easy,C:\Coding\AI\Dataset\!masks_for_training\25 easy,efficientnet,EfficientNet,ok,before_dirty_prob,0.428212,float,projekt-base,C:\Coding\AI\projekt\conda_envs\base.yml,
25 easy,C:\Coding\AI\Dataset\!masks_for_training\25 easy,efficientnet,EfficientNet,ok,after_dirty_prob,0.428212,float,projekt-base,C:\Coding\AI\projekt\conda_envs\base.yml,
25 easy,C:\Coding\AI\Dataset\!masks_for_training\25 easy,efficientnet,EfficientNet,ok,before_clean_prob,0.571788,float,projekt-base,C:\Coding\AI\projekt\conda_envs\base.yml,
25 easy,C:\Coding\AI\Dataset\!masks_for_training\25 easy,efficientnet,EfficientNet,ok,after_clean_prob,0.571788,float,projekt-base,C:\Coding\AI\projekt\conda_envs\base.yml,
25 easy,C:\Coding\AI\Dataset\!masks_for_training\25 easy,efficientnet,EfficientNet,ok,cleanup_delta,0,float,projekt-base,C:\Coding\AI\projekt\conda_envs\base.yml,
25 easy,C:\Coding\AI\Dataset\!masks_for_training\25 easy,efficientnet,EfficientNet,ok,cleanup_score,0,float,projekt-base,C:\Coding\AI\projekt\conda_envs\base.yml,
25 easy,C:\Coding\AI\Dataset\!masks_for_training\25 easy,efficientnet,EfficientNet,ok,dirty_prob_delta,0,float,projekt-base,C:\Coding\AI\projekt\conda_envs\base.yml,
25 easy,C:\Coding\AI\Dataset\!masks_for_training\25 easy,efficientnet,EfficientNet,ok,dirty_prob_abs_delta,0,float,projekt-base,C:\Coding\AI\projekt\conda_envs\base.yml,
25 easy,C:\Coding\AI\Dataset\!masks_for_training\25 easy,efficientnet,EfficientNet,ok,before_pred_label,dirty,str,projekt-base,C:\Coding\AI\projekt\conda_envs\base.yml,
25 easy,C:\Coding\AI\Dataset\!masks_for_training\25 easy,efficientnet,EfficientNet,ok,after_pred_label,dirty,str,projekt-base,C:\Coding\AI\projekt\conda_envs\base.yml,
25 easy,C:\Coding\AI\Dataset\!masks_for_training\25 easy,efficientnet,EfficientNet,ok,before_top1_label,clean,str,projekt-base,C:\Coding\AI\projekt\conda_envs\base.yml,
25 easy,C:\Coding\AI\Dataset\!masks_for_training\25 easy,efficientnet,EfficientNet,ok,after_top1_label,clean,str,projekt-base,C:\Coding\AI\projekt\conda_envs\base.yml,
25 easy,C:\Coding\AI\Dataset\!masks_for_training\25 easy,efficientnet,EfficientNet,ok,before_top1_prob,0.696427,float,projekt-base,C:\Coding\AI\projekt\conda_envs\base.yml,
25 easy,C:\Coding\AI\Dataset\!masks_for_training\25 easy,efficientnet,EfficientNet,ok,after_top1_prob,0.696427,float,projekt-base,C:\Coding\AI\projekt\conda_envs\base.yml,
25 easy,C:\Coding\AI\Dataset\!masks_for_training\25 easy,efficientnet,EfficientNet,ok,before_entropy_norm,0.932832,float,projekt-base,C:\Coding\AI\projekt\conda_envs\base.yml,
25 easy,C:\Coding\AI\Dataset\!masks_for_training\25 easy,efficientnet,EfficientNet,ok,after_entropy_norm,0.932832,float,projekt-base,C:\Coding\AI\projekt\conda_envs\base.yml,
25 easy,C:\Coding\AI\Dataset\!masks_for_training\25 easy,efficientnet,EfficientNet,ok,before_inference_ms,0,float,projekt-base,C:\Coding\AI\projekt\conda_envs\base.yml,
25 easy,C:\Coding\AI\Dataset\!masks_for_training\25 easy,efficientnet,EfficientNet,ok,after_inference_ms,0,float,projekt-base,C:\Coding\AI\projekt\conda_envs\base.yml,
25 easy,C:\Coding\AI\Dataset\!masks_for_training\25 easy,efficientnet,EfficientNet,ok,inference_ms_total,0,float,projekt-base,C:\Coding\AI\projekt\conda_envs\base.yml,
25 easy,C:\Coding\AI\Dataset\!masks_for_training\25 easy,sift_ransac,SIFT + RANSAC + difference map,ok,alignment_mode,homography_ransac,str,projekt-base,C:\Coding\AI\projekt\conda_envs\base.yml,
25 easy,C:\Coding\AI\Dataset\!masks_for_training\25 easy,sift_ransac,SIFT + RANSAC + difference map,ok,fallback_reason,none,str,projekt-base,C:\Coding\AI\projekt\conda_envs\base.yml,
25 easy,C:\Coding\AI\Dataset\!masks_for_training\25 easy,sift_ransac,SIFT + RANSAC + difference map,ok,keypoints_before,26093,int,projekt-base,C:\Coding\AI\projekt\conda_envs\base.yml,
25 easy,C:\Coding\AI\Dataset\!masks_for_training\25 easy,sift_ransac,SIFT + RANSAC + difference map,ok,keypoints_after,26093,int,projekt-base,C:\Coding\AI\projekt\conda_envs\base.yml,
25 easy,C:\Coding\AI\Dataset\!masks_for_training\25 easy,sift_ransac,SIFT + RANSAC + difference map,ok,raw_matches,26093,int,projekt-base,C:\Coding\AI\projekt\conda_envs\base.yml,
25 easy,C:\Coding\AI\Dataset\!masks_for_training\25 easy,sift_ransac,SIFT + RANSAC + difference map,ok,good_matches,26093,int,projekt-base,C:\Coding\AI\projekt\conda_envs\base.yml,
25 easy,C:\Coding\AI\Dataset\!masks_for_training\25 easy,sift_ransac,SIFT + RANSAC + difference map,ok,inliers,26093,int,projekt-base,C:\Coding\AI\projekt\conda_envs\base.yml,
25 easy,C:\Coding\AI\Dataset\!masks_for_training\25 easy,sift_ransac,SIFT + RANSAC + difference map,ok,inlier_ratio,1,float,projekt-base,C:\Coding\AI\projekt\conda_envs\base.yml,
25 easy,C:\Coding\AI\Dataset\!masks_for_training\25 easy,sift_ransac,SIFT + RANSAC + difference map,ok,change_pixels,0,int,projekt-base,C:\Coding\AI\projekt\conda_envs\base.yml,
25 easy,C:\Coding\AI\Dataset\!masks_for_training\25 easy,sift_ransac,SIFT + RANSAC + difference map,ok,overlap_pixels,12186720,int,projekt-base,C:\Coding\AI\projekt\conda_envs\base.yml,
25 easy,C:\Coding\AI\Dataset\!masks_for_training\25 easy,sift_ransac,SIFT + RANSAC + difference map,ok,canvas_pixels,12192768,int,projekt-base,C:\Coding\AI\projekt\conda_envs\base.yml,
25 easy,C:\Coding\AI\Dataset\!masks_for_training\25 easy,sift_ransac,SIFT + RANSAC + difference map,ok,overlap_ratio,0.9995,float,projekt-base,C:\Coding\AI\projekt\conda_envs\base.yml,
25 easy,C:\Coding\AI\Dataset\!masks_for_training\25 easy,sift_ransac,SIFT + RANSAC + difference map,ok,change_ratio,0,float,projekt-base,C:\Coding\AI\projekt\conda_envs\base.yml,
25 easy,C:\Coding\AI\Dataset\!masks_for_training\25 easy,sift_ransac,SIFT + RANSAC + difference map,ok,otsu_threshold,0,float,projekt-base,C:\Coding\AI\projekt\conda_envs\base.yml,
25 easy,C:\Coding\AI\Dataset\!masks_for_training\25 easy,sift_ransac,SIFT + RANSAC + difference map,ok,segm_gt_pixels,234008,float,projekt-base,C:\Coding\AI\projekt\conda_envs\base.yml,
25 easy,C:\Coding\AI\Dataset\!masks_for_training\25 easy,sift_ransac,SIFT + RANSAC + difference map,ok,segm_pred_pixels,0,float,projekt-base,C:\Coding\AI\projekt\conda_envs\base.yml,
25 easy,C:\Coding\AI\Dataset\!masks_for_training\25 easy,sift_ransac,SIFT + RANSAC + difference map,ok,segm_intersection_pixels,0,float,projekt-base,C:\Coding\AI\projekt\conda_envs\base.yml,
25 easy,C:\Coding\AI\Dataset\!masks_for_training\25 easy,sift_ransac,SIFT + RANSAC + difference map,ok,segm_union_pixels,234008,float,projekt-base,C:\Coding\AI\projekt\conda_envs\base.yml,
25 easy,C:\Coding\AI\Dataset\!masks_for_training\25 easy,sift_ransac,SIFT + RANSAC + difference map,ok,segm_iou,0,float,projekt-base,C:\Coding\AI\projekt\conda_envs\base.yml,
25 easy,C:\Coding\AI\Dataset\!masks_for_training\25 easy,sift_ransac,SIFT + RANSAC + difference map,ok,segm_dice,0,float,projekt-base,C:\Coding\AI\projekt\conda_envs\base.yml,
25 easy,C:\Coding\AI\Dataset\!masks_for_training\25 easy,sift_ransac,SIFT + RANSAC + difference map,ok,qty_pixels_ground_truth,234008,float,projekt-base,C:\Coding\AI\projekt\conda_envs\base.yml,
25 easy,C:\Coding\AI\Dataset\!masks_for_training\25 easy,sift_ransac,SIFT + RANSAC + difference map,ok,qty_pixels_predicted,0,float,projekt-base,C:\Coding\AI\projekt\conda_envs\base.yml,
25 easy,C:\Coding\AI\Dataset\!masks_for_training\25 easy,sift_ransac,SIFT + RANSAC + difference map,ok,qty_pixels_absolute_error,234008,float,projekt-base,C:\Coding\AI\projekt\conda_envs\base.yml,
25 easy,C:\Coding\AI\Dataset\!masks_for_training\25 easy,sift_ransac,SIFT + RANSAC + difference map,ok,qty_pixels_mae,234008,float,projekt-base,C:\Coding\AI\projekt\conda_envs\base.yml,
25 easy,C:\Coding\AI\Dataset\!masks_for_training\25 easy,sift_ransac,SIFT + RANSAC + difference map,ok,qty_pixels_mape,100,float,projekt-base,C:\Coding\AI\projekt\conda_envs\base.yml,
25 easy,C:\Coding\AI\Dataset\!masks_for_training\25 easy,sift_ransac,SIFT + RANSAC + difference map,ok,qty_pixels_percentage_error,100,float,projekt-base,C:\Coding\AI\projekt\conda_envs\base.yml,
25 easy,C:\Coding\AI\Dataset\!masks_for_training\25 easy,sift_ransac,SIFT + RANSAC + difference map,ok,qty_ratio_ground_truth,0.0191924,float,projekt-base,C:\Coding\AI\projekt\conda_envs\base.yml,
25 easy,C:\Coding\AI\Dataset\!masks_for_training\25 easy,sift_ransac,SIFT + RANSAC + difference map,ok,qty_ratio_predicted,0,float,projekt-base,C:\Coding\AI\projekt\conda_envs\base.yml,
25 easy,C:\Coding\AI\Dataset\!masks_for_training\25 easy,sift_ransac,SIFT + RANSAC + difference map,ok,qty_ratio_absolute_error,0.0191924,float,projekt-base,C:\Coding\AI\projekt\conda_envs\base.yml,
25 easy,C:\Coding\AI\Dataset\!masks_for_training\25 easy,sift_ransac,SIFT + RANSAC + difference map,ok,qty_ratio_mae,0.0191924,float,projekt-base,C:\Coding\AI\projekt\conda_envs\base.yml,
25 easy,C:\Coding\AI\Dataset\!masks_for_training\25 easy,sift_ransac,SIFT + RANSAC + difference map,ok,qty_ratio_mape,100,float,projekt-base,C:\Coding\AI\projekt\conda_envs\base.yml,
25 easy,C:\Coding\AI\Dataset\!masks_for_training\25 easy,sift_ransac,SIFT + RANSAC + difference map,ok,qty_ratio_percentage_error,100,float,projekt-base,C:\Coding\AI\projekt\conda_envs\base.yml,
25 easy,C:\Coding\AI\Dataset\!masks_for_training\25 easy,siamese_unet,Siamese U-Net,error,,,,projekt-base,C:\Coding\AI\projekt\conda_envs\base.yml,"ValueError: operands could not be broadcast together with shapes (4032,3024,1) (4032,3024) "
25 easy,C:\Coding\AI\Dataset\!masks_for_training\25 easy,yolov8_seg,YOLOv8-seg,ok,analysis_mode,yolov8_seg_pair,str,projekt-base,C:\Coding\AI\projekt\conda_envs\base.yml,
25 easy,C:\Coding\AI\Dataset\!masks_for_training\25 easy,yolov8_seg,YOLOv8-seg,ok,model_name,C:\Coding\AI\projekt\weights\yolov8m_trash_finetuned.pt,str,projekt-base,C:\Coding\AI\projekt\conda_envs\base.yml,
25 easy,C:\Coding\AI\Dataset\!masks_for_training\25 easy,yolov8_seg,YOLOv8-seg,ok,model_source,C:\Coding\AI\projekt\weights\yolov8m_seg_best_new+fine-tune.pt,str,projekt-base,C:\Coding\AI\projekt\conda_envs\base.yml,
25 easy,C:\Coding\AI\Dataset\!masks_for_training\25 easy,yolov8_seg,YOLOv8-seg,ok,device_requested,auto,str,projekt-base,C:\Coding\AI\projekt\conda_envs\base.yml,
25 easy,C:\Coding\AI\Dataset\!masks_for_training\25 easy,yolov8_seg,YOLOv8-seg,ok,device_used,cuda,str,projekt-base,C:\Coding\AI\projekt\conda_envs\base.yml,
25 easy,C:\Coding\AI\Dataset\!masks_for_training\25 easy,yolov8_seg,YOLOv8-seg,ok,force_cpu,False,bool,projekt-base,C:\Coding\AI\projekt\conda_envs\base.yml,
25 easy,C:\Coding\AI\Dataset\!masks_for_training\25 easy,yolov8_seg,YOLOv8-seg,ok,cuda_available,True,bool,projekt-base,C:\Coding\AI\projekt\conda_envs\base.yml,
25 easy,C:\Coding\AI\Dataset\!masks_for_training\25 easy,yolov8_seg,YOLOv8-seg,ok,image_size,1536,int,projekt-base,C:\Coding\AI\projekt\conda_envs\base.yml,
25 easy,C:\Coding\AI\Dataset\!masks_for_training\25 easy,yolov8_seg,YOLOv8-seg,ok,confidence_threshold,0.35,float,projekt-base,C:\Coding\AI\projekt\conda_envs\base.yml,
25 easy,C:\Coding\AI\Dataset\!masks_for_training\25 easy,yolov8_seg,YOLOv8-seg,ok,iou_threshold,0.4,float,projekt-base,C:\Coding\AI\projekt\conda_envs\base.yml,
25 easy,C:\Coding\AI\Dataset\!masks_for_training\25 easy,yolov8_seg,YOLOv8-seg,ok,tile_inference_mode,auto,str,projekt-base,C:\Coding\AI\projekt\conda_envs\base.yml,
25 easy,C:\Coding\AI\Dataset\!masks_for_training\25 easy,yolov8_seg,YOLOv8-seg,ok,tile_size,640,int,projekt-base,C:\Coding\AI\projekt\conda_envs\base.yml,
25 easy,C:\Coding\AI\Dataset\!masks_for_training\25 easy,yolov8_seg,YOLOv8-seg,ok,tile_overlap_ratio,0.5,float,projekt-base,C:\Coding\AI\projekt\conda_envs\base.yml,
25 easy,C:\Coding\AI\Dataset\!masks_for_training\25 easy,yolov8_seg,YOLOv8-seg,ok,before_tile_count,108,int,projekt-base,C:\Coding\AI\projekt\conda_envs\base.yml,
25 easy,C:\Coding\AI\Dataset\!masks_for_training\25 easy,yolov8_seg,YOLOv8-seg,ok,after_tile_count,108,int,projekt-base,C:\Coding\AI\projekt\conda_envs\base.yml,
25 easy,C:\Coding\AI\Dataset\!masks_for_training\25 easy,yolov8_seg,YOLOv8-seg,ok,selected_class_count,0,int,projekt-base,C:\Coding\AI\projekt\conda_envs\base.yml,
25 easy,C:\Coding\AI\Dataset\!masks_for_training\25 easy,yolov8_seg,YOLOv8-seg,ok,selected_class_ids,[],list,projekt-base,C:\Coding\AI\projekt\conda_envs\base.yml,
25 easy,C:\Coding\AI\Dataset\!masks_for_training\25 easy,yolov8_seg,YOLOv8-seg,ok,taco_dataset_root,C:\Coding\AI\projekt\datasets\TACO,str,projekt-base,C:\Coding\AI\projekt\conda_envs\base.yml,
25 easy,C:\Coding\AI\Dataset\!masks_for_training\25 easy,yolov8_seg,YOLOv8-seg,ok,taco_annotations_path,C:\Coding\AI\projekt\datasets\TACO\data\annotations.json,str,projekt-base,C:\Coding\AI\projekt\conda_envs\base.yml,
25 easy,C:\Coding\AI\Dataset\!masks_for_training\25 easy,yolov8_seg,YOLOv8-seg,ok,taco_export_root,C:\Coding\AI\projekt\datasets\TACO\yolo_seg,str,projekt-base,C:\Coding\AI\projekt\conda_envs\base.yml,
25 easy,C:\Coding\AI\Dataset\!masks_for_training\25 easy,yolov8_seg,YOLOv8-seg,ok,taco_data_yaml,C:\Coding\AI\projekt\datasets\TACO\yolo_seg\data.yaml,str,projekt-base,C:\Coding\AI\projekt\conda_envs\base.yml,
25 easy,C:\Coding\AI\Dataset\!masks_for_training\25 easy,yolov8_seg,YOLOv8-seg,ok,taco_source_images,1500,int,projekt-base,C:\Coding\AI\projekt\conda_envs\base.yml,
25 easy,C:\Coding\AI\Dataset\!masks_for_training\25 easy,yolov8_seg,YOLOv8-seg,ok,taco_exported_images,1500,int,projekt-base,C:\Coding\AI\projekt\conda_envs\base.yml,
25 easy,C:\Coding\AI\Dataset\!masks_for_training\25 easy,yolov8_seg,YOLOv8-seg,ok,taco_exported_labels,1500,int,projekt-base,C:\Coding\AI\projekt\conda_envs\base.yml,
25 easy,C:\Coding\AI\Dataset\!masks_for_training\25 easy,yolov8_seg,YOLOv8-seg,ok,taco_skipped_missing_images,0,int,projekt-base,C:\Coding\AI\projekt\conda_envs\base.yml,
25 easy,C:\Coding\AI\Dataset\!masks_for_training\25 easy,yolov8_seg,YOLOv8-seg,ok,taco_skipped_invalid_polygons,0,int,projekt-base,C:\Coding\AI\projekt\conda_envs\base.yml,
25 easy,C:\Coding\AI\Dataset\!masks_for_training\25 easy,yolov8_seg,YOLOv8-seg,ok,before_instance_count,61,int,projekt-base,C:\Coding\AI\projekt\conda_envs\base.yml,
25 easy,C:\Coding\AI\Dataset\!masks_for_training\25 easy,yolov8_seg,YOLOv8-seg,ok,after_instance_count,61,int,projekt-base,C:\Coding\AI\projekt\conda_envs\base.yml,
25 easy,C:\Coding\AI\Dataset\!masks_for_training\25 easy,yolov8_seg,YOLOv8-seg,ok,instance_count_total,122,int,projekt-base,C:\Coding\AI\projekt\conda_envs\base.yml,
25 easy,C:\Coding\AI\Dataset\!masks_for_training\25 easy,yolov8_seg,YOLOv8-seg,ok,before_mask_area_px,734409,int,projekt-base,C:\Coding\AI\projekt\conda_envs\base.yml,
25 easy,C:\Coding\AI\Dataset\!masks_for_training\25 easy,yolov8_seg,YOLOv8-seg,ok,after_mask_area_px,734409,int,projekt-base,C:\Coding\AI\projekt\conda_envs\base.yml,
25 easy,C:\Coding\AI\Dataset\!masks_for_training\25 easy,yolov8_seg,YOLOv8-seg,ok,before_mask_area_ratio,0.060233,float,projekt-base,C:\Coding\AI\projekt\conda_envs\base.yml,
25 easy,C:\Coding\AI\Dataset\!masks_for_training\25 easy,yolov8_seg,YOLOv8-seg,ok,after_mask_area_ratio,0.060233,float,projekt-base,C:\Coding\AI\projekt\conda_envs\base.yml,
25 easy,C:\Coding\AI\Dataset\!masks_for_training\25 easy,yolov8_seg,YOLOv8-seg,ok,mask_area_delta_px,0,int,projekt-base,C:\Coding\AI\projekt\conda_envs\base.yml,
25 easy,C:\Coding\AI\Dataset\!masks_for_training\25 easy,yolov8_seg,YOLOv8-seg,ok,mask_area_delta_ratio,0,float,projekt-base,C:\Coding\AI\projekt\conda_envs\base.yml,
25 easy,C:\Coding\AI\Dataset\!masks_for_training\25 easy,yolov8_seg,YOLOv8-seg,ok,before_bbox_area_px,1586140,int,projekt-base,C:\Coding\AI\projekt\conda_envs\base.yml,
25 easy,C:\Coding\AI\Dataset\!masks_for_training\25 easy,yolov8_seg,YOLOv8-seg,ok,after_bbox_area_px,1586140,int,projekt-base,C:\Coding\AI\projekt\conda_envs\base.yml,
25 easy,C:\Coding\AI\Dataset\!masks_for_training\25 easy,yolov8_seg,YOLOv8-seg,ok,before_mean_confidence,0.514883,float,projekt-base,C:\Coding\AI\projekt\conda_envs\base.yml,
25 easy,C:\Coding\AI\Dataset\!masks_for_training\25 easy,yolov8_seg,YOLOv8-seg,ok,after_mean_confidence,0.514883,float,projekt-base,C:\Coding\AI\projekt\conda_envs\base.yml,
25 easy,C:\Coding\AI\Dataset\!masks_for_training\25 easy,yolov8_seg,YOLOv8-seg,ok,before_inference_ms,4949.24,float,projekt-base,C:\Coding\AI\projekt\conda_envs\base.yml,
25 easy,C:\Coding\AI\Dataset\!masks_for_training\25 easy,yolov8_seg,YOLOv8-seg,ok,after_inference_ms,4621.42,float,projekt-base,C:\Coding\AI\projekt\conda_envs\base.yml,
25 easy,C:\Coding\AI\Dataset\!masks_for_training\25 easy,yolov8_seg,YOLOv8-seg,ok,inference_ms_total,9570.67,float,projekt-base,C:\Coding\AI\projekt\conda_envs\base.yml,
26,C:\Coding\AI\Dataset\!masks_for_training\26,changeformer,ChangeFormer,error,,,,projekt-base,C:\Coding\AI\projekt\conda_envs\base.yml,"ValueError: operands could not be broadcast together with shapes (4032,3024,1) (4032,3024) "
26,C:\Coding\AI\Dataset\!masks_for_training\26,efficientnet,EfficientNet,ok,analysis_mode,efficientnet_cls_pair,str,projekt-base,C:\Coding\AI\projekt\conda_envs\base.yml,
26,C:\Coding\AI\Dataset\!masks_for_training\26,efficientnet,EfficientNet,ok,inference_mode,heuristic_fallback,str,projekt-base,C:\Coding\AI\projekt\conda_envs\base.yml,
26,C:\Coding\AI\Dataset\!masks_for_training\26,efficientnet,EfficientNet,ok,model_name,efficientnet_b0,str,projekt-base,C:\Coding\AI\projekt\conda_envs\base.yml,
26,C:\Coding\AI\Dataset\!masks_for_training\26,efficientnet,EfficientNet,ok,model_source,None,str,projekt-base,C:\Coding\AI\projekt\conda_envs\base.yml,
26,C:\Coding\AI\Dataset\!masks_for_training\26,efficientnet,EfficientNet,ok,weights_path,C:\Coding\AI\projekt\weights\efficientnet_best.pt,str,projekt-base,C:\Coding\AI\projekt\conda_envs\base.yml,
26,C:\Coding\AI\Dataset\!masks_for_training\26,efficientnet,EfficientNet,ok,device_requested,auto,str,projekt-base,C:\Coding\AI\projekt\conda_envs\base.yml,
26,C:\Coding\AI\Dataset\!masks_for_training\26,efficientnet,EfficientNet,ok,device_used,cpu,str,projekt-base,C:\Coding\AI\projekt\conda_envs\base.yml,
26,C:\Coding\AI\Dataset\!masks_for_training\26,efficientnet,EfficientNet,ok,force_cpu,False,bool,projekt-base,C:\Coding\AI\projekt\conda_envs\base.yml,
26,C:\Coding\AI\Dataset\!masks_for_training\26,efficientnet,EfficientNet,ok,cuda_available,True,bool,projekt-base,C:\Coding\AI\projekt\conda_envs\base.yml,
26,C:\Coding\AI\Dataset\!masks_for_training\26,efficientnet,EfficientNet,ok,input_size,224,int,projekt-base,C:\Coding\AI\projekt\conda_envs\base.yml,
26,C:\Coding\AI\Dataset\!masks_for_training\26,efficientnet,EfficientNet,ok,dirty_threshold,0.42,float,projekt-base,C:\Coding\AI\projekt\conda_envs\base.yml,
26,C:\Coding\AI\Dataset\!masks_for_training\26,efficientnet,EfficientNet,ok,dirty_keyword_classes,2,int,projekt-base,C:\Coding\AI\projekt\conda_envs\base.yml,
26,C:\Coding\AI\Dataset\!masks_for_training\26,efficientnet,EfficientNet,ok,before_crop_count,6,int,projekt-base,C:\Coding\AI\projekt\conda_envs\base.yml,
26,C:\Coding\AI\Dataset\!masks_for_training\26,efficientnet,EfficientNet,ok,after_crop_count,6,int,projekt-base,C:\Coding\AI\projekt\conda_envs\base.yml,
26,C:\Coding\AI\Dataset\!masks_for_training\26,efficientnet,EfficientNet,ok,before_crop_dirty_prob_mean,0.431476,float,projekt-base,C:\Coding\AI\projekt\conda_envs\base.yml,
26,C:\Coding\AI\Dataset\!masks_for_training\26,efficientnet,EfficientNet,ok,after_crop_dirty_prob_mean,0.468415,float,projekt-base,C:\Coding\AI\projekt\conda_envs\base.yml,
26,C:\Coding\AI\Dataset\!masks_for_training\26,efficientnet,EfficientNet,ok,before_crop_dirty_prob_max,0.45087,float,projekt-base,C:\Coding\AI\projekt\conda_envs\base.yml,
26,C:\Coding\AI\Dataset\!masks_for_training\26,efficientnet,EfficientNet,ok,after_crop_dirty_prob_max,0.493927,float,projekt-base,C:\Coding\AI\projekt\conda_envs\base.yml,
26,C:\Coding\AI\Dataset\!masks_for_training\26,efficientnet,EfficientNet,ok,before_crop_support_ratio,0.666667,float,projekt-base,C:\Coding\AI\projekt\conda_envs\base.yml,
26,C:\Coding\AI\Dataset\!masks_for_training\26,efficientnet,EfficientNet,ok,after_crop_support_ratio,1,float,projekt-base,C:\Coding\AI\projekt\conda_envs\base.yml,
26,C:\Coding\AI\Dataset\!masks_for_training\26,efficientnet,EfficientNet,ok,before_dirty_prob,0.44544,float,projekt-base,C:\Coding\AI\projekt\conda_envs\base.yml,
26,C:\Coding\AI\Dataset\!masks_for_training\26,efficientnet,EfficientNet,ok,after_dirty_prob,0.486783,float,projekt-base,C:\Coding\AI\projekt\conda_envs\base.yml,
26,C:\Coding\AI\Dataset\!masks_for_training\26,efficientnet,EfficientNet,ok,before_clean_prob,0.55456,float,projekt-base,C:\Coding\AI\projekt\conda_envs\base.yml,
26,C:\Coding\AI\Dataset\!masks_for_training\26,efficientnet,EfficientNet,ok,after_clean_prob,0.513217,float,projekt-base,C:\Coding\AI\projekt\conda_envs\base.yml,
26,C:\Coding\AI\Dataset\!masks_for_training\26,efficientnet,EfficientNet,ok,cleanup_delta,-0.041344,float,projekt-base,C:\Coding\AI\projekt\conda_envs\base.yml,
26,C:\Coding\AI\Dataset\!masks_for_training\26,efficientnet,EfficientNet,ok,cleanup_score,0,float,projekt-base,C:\Coding\AI\projekt\conda_envs\base.yml,
26,C:\Coding\AI\Dataset\!masks_for_training\26,efficientnet,EfficientNet,ok,dirty_prob_delta,0.041344,float,projekt-base,C:\Coding\AI\projekt\conda_envs\base.yml,
26,C:\Coding\AI\Dataset\!masks_for_training\26,efficientnet,EfficientNet,ok,dirty_prob_abs_delta,0.041344,float,projekt-base,C:\Coding\AI\projekt\conda_envs\base.yml,
26,C:\Coding\AI\Dataset\!masks_for_training\26,efficientnet,EfficientNet,ok,before_pred_label,dirty,str,projekt-base,C:\Coding\AI\projekt\conda_envs\base.yml,
26,C:\Coding\AI\Dataset\!masks_for_training\26,efficientnet,EfficientNet,ok,after_pred_label,dirty,str,projekt-base,C:\Coding\AI\projekt\conda_envs\base.yml,
26,C:\Coding\AI\Dataset\!masks_for_training\26,efficientnet,EfficientNet,ok,before_top1_label,clean,str,projekt-base,C:\Coding\AI\projekt\conda_envs\base.yml,
26,C:\Coding\AI\Dataset\!masks_for_training\26,efficientnet,EfficientNet,ok,after_top1_label,clean,str,projekt-base,C:\Coding\AI\projekt\conda_envs\base.yml,
26,C:\Coding\AI\Dataset\!masks_for_training\26,efficientnet,EfficientNet,ok,before_top1_prob,0.584111,float,projekt-base,C:\Coding\AI\projekt\conda_envs\base.yml,
26,C:\Coding\AI\Dataset\!masks_for_training\26,efficientnet,EfficientNet,ok,after_top1_prob,0.547741,float,projekt-base,C:\Coding\AI\projekt\conda_envs\base.yml,
26,C:\Coding\AI\Dataset\!masks_for_training\26,efficientnet,EfficientNet,ok,before_entropy_norm,0.986003,float,projekt-base,C:\Coding\AI\projekt\conda_envs\base.yml,
26,C:\Coding\AI\Dataset\!masks_for_training\26,efficientnet,EfficientNet,ok,after_entropy_norm,0.996556,float,projekt-base,C:\Coding\AI\projekt\conda_envs\base.yml,
26,C:\Coding\AI\Dataset\!masks_for_training\26,efficientnet,EfficientNet,ok,before_inference_ms,0,float,projekt-base,C:\Coding\AI\projekt\conda_envs\base.yml,
26,C:\Coding\AI\Dataset\!masks_for_training\26,efficientnet,EfficientNet,ok,after_inference_ms,0,float,projekt-base,C:\Coding\AI\projekt\conda_envs\base.yml,
26,C:\Coding\AI\Dataset\!masks_for_training\26,efficientnet,EfficientNet,ok,inference_ms_total,0,float,projekt-base,C:\Coding\AI\projekt\conda_envs\base.yml,
26,C:\Coding\AI\Dataset\!masks_for_training\26,sift_ransac,SIFT + RANSAC + difference map,error,,,,projekt-base,C:\Coding\AI\projekt\conda_envs\base.yml,"ValueError: operands could not be broadcast together with shapes (4032,3024,1) (4032,3024) "
26,C:\Coding\AI\Dataset\!masks_for_training\26,siamese_unet,Siamese U-Net,error,,,,projekt-base,C:\Coding\AI\projekt\conda_envs\base.yml,"ValueError: operands could not be broadcast together with shapes (4032,3024,1) (4032,3024) "
26,C:\Coding\AI\Dataset\!masks_for_training\26,yolov8_seg,YOLOv8-seg,ok,analysis_mode,yolov8_seg_pair,str,projekt-base,C:\Coding\AI\projekt\conda_envs\base.yml,
26,C:\Coding\AI\Dataset\!masks_for_training\26,yolov8_seg,YOLOv8-seg,ok,model_name,C:\Coding\AI\projekt\weights\yolov8m_trash_finetuned.pt,str,projekt-base,C:\Coding\AI\projekt\conda_envs\base.yml,
26,C:\Coding\AI\Dataset\!masks_for_training\26,yolov8_seg,YOLOv8-seg,ok,model_source,C:\Coding\AI\projekt\weights\yolov8m_seg_best_new+fine-tune.pt,str,projekt-base,C:\Coding\AI\projekt\conda_envs\base.yml,
26,C:\Coding\AI\Dataset\!masks_for_training\26,yolov8_seg,YOLOv8-seg,ok,device_requested,auto,str,projekt-base,C:\Coding\AI\projekt\conda_envs\base.yml,
26,C:\Coding\AI\Dataset\!masks_for_training\26,yolov8_seg,YOLOv8-seg,ok,device_used,cuda,str,projekt-base,C:\Coding\AI\projekt\conda_envs\base.yml,
26,C:\Coding\AI\Dataset\!masks_for_training\26,yolov8_seg,YOLOv8-seg,ok,force_cpu,False,bool,projekt-base,C:\Coding\AI\projekt\conda_envs\base.yml,
26,C:\Coding\AI\Dataset\!masks_for_training\26,yolov8_seg,YOLOv8-seg,ok,cuda_available,True,bool,projekt-base,C:\Coding\AI\projekt\conda_envs\base.yml,
26,C:\Coding\AI\Dataset\!masks_for_training\26,yolov8_seg,YOLOv8-seg,ok,image_size,1536,int,projekt-base,C:\Coding\AI\projekt\conda_envs\base.yml,
26,C:\Coding\AI\Dataset\!masks_for_training\26,yolov8_seg,YOLOv8-seg,ok,confidence_threshold,0.35,float,projekt-base,C:\Coding\AI\projekt\conda_envs\base.yml,
26,C:\Coding\AI\Dataset\!masks_for_training\26,yolov8_seg,YOLOv8-seg,ok,iou_threshold,0.4,float,projekt-base,C:\Coding\AI\projekt\conda_envs\base.yml,
26,C:\Coding\AI\Dataset\!masks_for_training\26,yolov8_seg,YOLOv8-seg,ok,tile_inference_mode,auto,str,projekt-base,C:\Coding\AI\projekt\conda_envs\base.yml,
26,C:\Coding\AI\Dataset\!masks_for_training\26,yolov8_seg,YOLOv8-seg,ok,tile_size,640,int,projekt-base,C:\Coding\AI\projekt\conda_envs\base.yml,
26,C:\Coding\AI\Dataset\!masks_for_training\26,yolov8_seg,YOLOv8-seg,ok,tile_overlap_ratio,0.5,float,projekt-base,C:\Coding\AI\projekt\conda_envs\base.yml,
26,C:\Coding\AI\Dataset\!masks_for_training\26,yolov8_seg,YOLOv8-seg,ok,before_tile_count,108,int,projekt-base,C:\Coding\AI\projekt\conda_envs\base.yml,
26,C:\Coding\AI\Dataset\!masks_for_training\26,yolov8_seg,YOLOv8-seg,ok,after_tile_count,108,int,projekt-base,C:\Coding\AI\projekt\conda_envs\base.yml,
26,C:\Coding\AI\Dataset\!masks_for_training\26,yolov8_seg,YOLOv8-seg,ok,selected_class_count,0,int,projekt-base,C:\Coding\AI\projekt\conda_envs\base.yml,
26,C:\Coding\AI\Dataset\!masks_for_training\26,yolov8_seg,YOLOv8-seg,ok,selected_class_ids,[],list,projekt-base,C:\Coding\AI\projekt\conda_envs\base.yml,
26,C:\Coding\AI\Dataset\!masks_for_training\26,yolov8_seg,YOLOv8-seg,ok,taco_dataset_root,C:\Coding\AI\projekt\datasets\TACO,str,projekt-base,C:\Coding\AI\projekt\conda_envs\base.yml,
26,C:\Coding\AI\Dataset\!masks_for_training\26,yolov8_seg,YOLOv8-seg,ok,taco_annotations_path,C:\Coding\AI\projekt\datasets\TACO\data\annotations.json,str,projekt-base,C:\Coding\AI\projekt\conda_envs\base.yml,
26,C:\Coding\AI\Dataset\!masks_for_training\26,yolov8_seg,YOLOv8-seg,ok,taco_export_root,C:\Coding\AI\projekt\datasets\TACO\yolo_seg,str,projekt-base,C:\Coding\AI\projekt\conda_envs\base.yml,
26,C:\Coding\AI\Dataset\!masks_for_training\26,yolov8_seg,YOLOv8-seg,ok,taco_data_yaml,C:\Coding\AI\projekt\datasets\TACO\yolo_seg\data.yaml,str,projekt-base,C:\Coding\AI\projekt\conda_envs\base.yml,
26,C:\Coding\AI\Dataset\!masks_for_training\26,yolov8_seg,YOLOv8-seg,ok,taco_source_images,1500,int,projekt-base,C:\Coding\AI\projekt\conda_envs\base.yml,
26,C:\Coding\AI\Dataset\!masks_for_training\26,yolov8_seg,YOLOv8-seg,ok,taco_exported_images,1500,int,projekt-base,C:\Coding\AI\projekt\conda_envs\base.yml,
26,C:\Coding\AI\Dataset\!masks_for_training\26,yolov8_seg,YOLOv8-seg,ok,taco_exported_labels,1500,int,projekt-base,C:\Coding\AI\projekt\conda_envs\base.yml,
26,C:\Coding\AI\Dataset\!masks_for_training\26,yolov8_seg,YOLOv8-seg,ok,taco_skipped_missing_images,0,int,projekt-base,C:\Coding\AI\projekt\conda_envs\base.yml,
26,C:\Coding\AI\Dataset\!masks_for_training\26,yolov8_seg,YOLOv8-seg,ok,taco_skipped_invalid_polygons,0,int,projekt-base,C:\Coding\AI\projekt\conda_envs\base.yml,
26,C:\Coding\AI\Dataset\!masks_for_training\26,yolov8_seg,YOLOv8-seg,ok,before_instance_count,68,int,projekt-base,C:\Coding\AI\projekt\conda_envs\base.yml,
26,C:\Coding\AI\Dataset\!masks_for_training\26,yolov8_seg,YOLOv8-seg,ok,after_instance_count,47,int,projekt-base,C:\Coding\AI\projekt\conda_envs\base.yml,
26,C:\Coding\AI\Dataset\!masks_for_training\26,yolov8_seg,YOLOv8-seg,ok,instance_count_total,115,int,projekt-base,C:\Coding\AI\projekt\conda_envs\base.yml,
26,C:\Coding\AI\Dataset\!masks_for_training\26,yolov8_seg,YOLOv8-seg,ok,before_mask_area_px,966245,int,projekt-base,C:\Coding\AI\projekt\conda_envs\base.yml,
26,C:\Coding\AI\Dataset\!masks_for_training\26,yolov8_seg,YOLOv8-seg,ok,after_mask_area_px,939779,int,projekt-base,C:\Coding\AI\projekt\conda_envs\base.yml,
26,C:\Coding\AI\Dataset\!masks_for_training\26,yolov8_seg,YOLOv8-seg,ok,before_mask_area_ratio,0.079247,float,projekt-base,C:\Coding\AI\projekt\conda_envs\base.yml,
26,C:\Coding\AI\Dataset\!masks_for_training\26,yolov8_seg,YOLOv8-seg,ok,after_mask_area_ratio,0.077077,float,projekt-base,C:\Coding\AI\projekt\conda_envs\base.yml,
26,C:\Coding\AI\Dataset\!masks_for_training\26,yolov8_seg,YOLOv8-seg,ok,mask_area_delta_px,-26466,int,projekt-base,C:\Coding\AI\projekt\conda_envs\base.yml,
26,C:\Coding\AI\Dataset\!masks_for_training\26,yolov8_seg,YOLOv8-seg,ok,mask_area_delta_ratio,-0.002171,float,projekt-base,C:\Coding\AI\projekt\conda_envs\base.yml,
26,C:\Coding\AI\Dataset\!masks_for_training\26,yolov8_seg,YOLOv8-seg,ok,before_bbox_area_px,1492811,int,projekt-base,C:\Coding\AI\projekt\conda_envs\base.yml,
26,C:\Coding\AI\Dataset\!masks_for_training\26,yolov8_seg,YOLOv8-seg,ok,after_bbox_area_px,1435717,int,projekt-base,C:\Coding\AI\projekt\conda_envs\base.yml,
26,C:\Coding\AI\Dataset\!masks_for_training\26,yolov8_seg,YOLOv8-seg,ok,before_mean_confidence,0.521581,float,projekt-base,C:\Coding\AI\projekt\conda_envs\base.yml,
26,C:\Coding\AI\Dataset\!masks_for_training\26,yolov8_seg,YOLOv8-seg,ok,after_mean_confidence,0.505675,float,projekt-base,C:\Coding\AI\projekt\conda_envs\base.yml,
26,C:\Coding\AI\Dataset\!masks_for_training\26,yolov8_seg,YOLOv8-seg,ok,before_inference_ms,3101.37,float,projekt-base,C:\Coding\AI\projekt\conda_envs\base.yml,
26,C:\Coding\AI\Dataset\!masks_for_training\26,yolov8_seg,YOLOv8-seg,ok,after_inference_ms,2711.04,float,projekt-base,C:\Coding\AI\projekt\conda_envs\base.yml,
26,C:\Coding\AI\Dataset\!masks_for_training\26,yolov8_seg,YOLOv8-seg,ok,inference_ms_total,5812.41,float,projekt-base,C:\Coding\AI\projekt\conda_envs\base.yml,
27,C:\Coding\AI\Dataset\!masks_for_training\27,changeformer,ChangeFormer,error,,,,projekt-base,C:\Coding\AI\projekt\conda_envs\base.yml,ValueError: Shared canvas produced an unreasonably large result
27,C:\Coding\AI\Dataset\!masks_for_training\27,efficientnet,EfficientNet,ok,analysis_mode,efficientnet_cls_pair,str,projekt-base,C:\Coding\AI\projekt\conda_envs\base.yml,
27,C:\Coding\AI\Dataset\!masks_for_training\27,efficientnet,EfficientNet,ok,inference_mode,heuristic_fallback,str,projekt-base,C:\Coding\AI\projekt\conda_envs\base.yml,
27,C:\Coding\AI\Dataset\!masks_for_training\27,efficientnet,EfficientNet,ok,model_name,efficientnet_b0,str,projekt-base,C:\Coding\AI\projekt\conda_envs\base.yml,
27,C:\Coding\AI\Dataset\!masks_for_training\27,efficientnet,EfficientNet,ok,model_source,None,str,projekt-base,C:\Coding\AI\projekt\conda_envs\base.yml,
27,C:\Coding\AI\Dataset\!masks_for_training\27,efficientnet,EfficientNet,ok,weights_path,C:\Coding\AI\projekt\weights\efficientnet_best.pt,str,projekt-base,C:\Coding\AI\projekt\conda_envs\base.yml,
27,C:\Coding\AI\Dataset\!masks_for_training\27,efficientnet,EfficientNet,ok,device_requested,auto,str,projekt-base,C:\Coding\AI\projekt\conda_envs\base.yml,
27,C:\Coding\AI\Dataset\!masks_for_training\27,efficientnet,EfficientNet,ok,device_used,cpu,str,projekt-base,C:\Coding\AI\projekt\conda_envs\base.yml,
27,C:\Coding\AI\Dataset\!masks_for_training\27,efficientnet,EfficientNet,ok,force_cpu,False,bool,projekt-base,C:\Coding\AI\projekt\conda_envs\base.yml,
27,C:\Coding\AI\Dataset\!masks_for_training\27,efficientnet,EfficientNet,ok,cuda_available,True,bool,projekt-base,C:\Coding\AI\projekt\conda_envs\base.yml,
27,C:\Coding\AI\Dataset\!masks_for_training\27,efficientnet,EfficientNet,ok,input_size,224,int,projekt-base,C:\Coding\AI\projekt\conda_envs\base.yml,
27,C:\Coding\AI\Dataset\!masks_for_training\27,efficientnet,EfficientNet,ok,dirty_threshold,0.42,float,projekt-base,C:\Coding\AI\projekt\conda_envs\base.yml,
27,C:\Coding\AI\Dataset\!masks_for_training\27,efficientnet,EfficientNet,ok,dirty_keyword_classes,2,int,projekt-base,C:\Coding\AI\projekt\conda_envs\base.yml,
27,C:\Coding\AI\Dataset\!masks_for_training\27,efficientnet,EfficientNet,ok,before_crop_count,6,int,projekt-base,C:\Coding\AI\projekt\conda_envs\base.yml,
27,C:\Coding\AI\Dataset\!masks_for_training\27,efficientnet,EfficientNet,ok,after_crop_count,6,int,projekt-base,C:\Coding\AI\projekt\conda_envs\base.yml,
27,C:\Coding\AI\Dataset\!masks_for_training\27,efficientnet,EfficientNet,ok,before_crop_dirty_prob_mean,0.423199,float,projekt-base,C:\Coding\AI\projekt\conda_envs\base.yml,
27,C:\Coding\AI\Dataset\!masks_for_training\27,efficientnet,EfficientNet,ok,after_crop_dirty_prob_mean,0.533937,float,projekt-base,C:\Coding\AI\projekt\conda_envs\base.yml,
27,C:\Coding\AI\Dataset\!masks_for_training\27,efficientnet,EfficientNet,ok,before_crop_dirty_prob_max,0.488602,float,projekt-base,C:\Coding\AI\projekt\conda_envs\base.yml,
27,C:\Coding\AI\Dataset\!masks_for_training\27,efficientnet,EfficientNet,ok,after_crop_dirty_prob_max,0.576816,float,projekt-base,C:\Coding\AI\projekt\conda_envs\base.yml,
27,C:\Coding\AI\Dataset\!masks_for_training\27,efficientnet,EfficientNet,ok,before_crop_support_ratio,0.5,float,projekt-base,C:\Coding\AI\projekt\conda_envs\base.yml,
27,C:\Coding\AI\Dataset\!masks_for_training\27,efficientnet,EfficientNet,ok,after_crop_support_ratio,1,float,projekt-base,C:\Coding\AI\projekt\conda_envs\base.yml,
27,C:\Coding\AI\Dataset\!masks_for_training\27,efficientnet,EfficientNet,ok,before_dirty_prob,0.470289,float,projekt-base,C:\Coding\AI\projekt\conda_envs\base.yml,
27,C:\Coding\AI\Dataset\!masks_for_training\27,efficientnet,EfficientNet,ok,after_dirty_prob,0.56481,float,projekt-base,C:\Coding\AI\projekt\conda_envs\base.yml,
27,C:\Coding\AI\Dataset\!masks_for_training\27,efficientnet,EfficientNet,ok,before_clean_prob,0.529711,float,projekt-base,C:\Coding\AI\projekt\conda_envs\base.yml,
27,C:\Coding\AI\Dataset\!masks_for_training\27,efficientnet,EfficientNet,ok,after_clean_prob,0.43519,float,projekt-base,C:\Coding\AI\projekt\conda_envs\base.yml,
27,C:\Coding\AI\Dataset\!masks_for_training\27,efficientnet,EfficientNet,ok,cleanup_delta,-0.094521,float,projekt-base,C:\Coding\AI\projekt\conda_envs\base.yml,
27,C:\Coding\AI\Dataset\!masks_for_training\27,efficientnet,EfficientNet,ok,cleanup_score,0,float,projekt-base,C:\Coding\AI\projekt\conda_envs\base.yml,
27,C:\Coding\AI\Dataset\!masks_for_training\27,efficientnet,EfficientNet,ok,dirty_prob_delta,0.094521,float,projekt-base,C:\Coding\AI\projekt\conda_envs\base.yml,
27,C:\Coding\AI\Dataset\!masks_for_training\27,efficientnet,EfficientNet,ok,dirty_prob_abs_delta,0.094521,float,projekt-base,C:\Coding\AI\projekt\conda_envs\base.yml,
27,C:\Coding\AI\Dataset\!masks_for_training\27,efficientnet,EfficientNet,ok,before_pred_label,dirty,str,projekt-base,C:\Coding\AI\projekt\conda_envs\base.yml,
27,C:\Coding\AI\Dataset\!masks_for_training\27,efficientnet,EfficientNet,ok,after_pred_label,dirty,str,projekt-base,C:\Coding\AI\projekt\conda_envs\base.yml,
27,C:\Coding\AI\Dataset\!masks_for_training\27,efficientnet,EfficientNet,ok,before_top1_label,clean,str,projekt-base,C:\Coding\AI\projekt\conda_envs\base.yml,
27,C:\Coding\AI\Dataset\!masks_for_training\27,efficientnet,EfficientNet,ok,after_top1_label,dirty,str,projekt-base,C:\Coding\AI\projekt\conda_envs\base.yml,
27,C:\Coding\AI\Dataset\!masks_for_training\27,efficientnet,EfficientNet,ok,before_top1_prob,0.656553,float,projekt-base,C:\Coding\AI\projekt\conda_envs\base.yml,
27,C:\Coding\AI\Dataset\!masks_for_training\27,efficientnet,EfficientNet,ok,after_top1_prob,0.576816,float,projekt-base,C:\Coding\AI\projekt\conda_envs\base.yml,
27,C:\Coding\AI\Dataset\!masks_for_training\27,efficientnet,EfficientNet,ok,before_entropy_norm,0.976717,float,projekt-base,C:\Coding\AI\projekt\conda_envs\base.yml,
27,C:\Coding\AI\Dataset\!masks_for_training\27,efficientnet,EfficientNet,ok,after_entropy_norm,0.993352,float,projekt-base,C:\Coding\AI\projekt\conda_envs\base.yml,
27,C:\Coding\AI\Dataset\!masks_for_training\27,efficientnet,EfficientNet,ok,before_inference_ms,0,float,projekt-base,C:\Coding\AI\projekt\conda_envs\base.yml,
27,C:\Coding\AI\Dataset\!masks_for_training\27,efficientnet,EfficientNet,ok,after_inference_ms,0,float,projekt-base,C:\Coding\AI\projekt\conda_envs\base.yml,
27,C:\Coding\AI\Dataset\!masks_for_training\27,efficientnet,EfficientNet,ok,inference_ms_total,0,float,projekt-base,C:\Coding\AI\projekt\conda_envs\base.yml,
27,C:\Coding\AI\Dataset\!masks_for_training\27,sift_ransac,SIFT + RANSAC + difference map,error,,,,projekt-base,C:\Coding\AI\projekt\conda_envs\base.yml,"ValueError: operands could not be broadcast together with shapes (4032,3024,1) (4032,3024) "
27,C:\Coding\AI\Dataset\!masks_for_training\27,siamese_unet,Siamese U-Net,error,,,,projekt-base,C:\Coding\AI\projekt\conda_envs\base.yml,"ValueError: operands could not be broadcast together with shapes (4032,3024,1) (4032,3024) "
27,C:\Coding\AI\Dataset\!masks_for_training\27,yolov8_seg,YOLOv8-seg,ok,analysis_mode,yolov8_seg_pair,str,projekt-base,C:\Coding\AI\projekt\conda_envs\base.yml,
27,C:\Coding\AI\Dataset\!masks_for_training\27,yolov8_seg,YOLOv8-seg,ok,model_name,C:\Coding\AI\projekt\weights\yolov8m_trash_finetuned.pt,str,projekt-base,C:\Coding\AI\projekt\conda_envs\base.yml,
27,C:\Coding\AI\Dataset\!masks_for_training\27,yolov8_seg,YOLOv8-seg,ok,model_source,C:\Coding\AI\projekt\weights\yolov8m_seg_best_new+fine-tune.pt,str,projekt-base,C:\Coding\AI\projekt\conda_envs\base.yml,
27,C:\Coding\AI\Dataset\!masks_for_training\27,yolov8_seg,YOLOv8-seg,ok,device_requested,auto,str,projekt-base,C:\Coding\AI\projekt\conda_envs\base.yml,
27,C:\Coding\AI\Dataset\!masks_for_training\27,yolov8_seg,YOLOv8-seg,ok,device_used,cuda,str,projekt-base,C:\Coding\AI\projekt\conda_envs\base.yml,
27,C:\Coding\AI\Dataset\!masks_for_training\27,yolov8_seg,YOLOv8-seg,ok,force_cpu,False,bool,projekt-base,C:\Coding\AI\projekt\conda_envs\base.yml,
27,C:\Coding\AI\Dataset\!masks_for_training\27,yolov8_seg,YOLOv8-seg,ok,cuda_available,True,bool,projekt-base,C:\Coding\AI\projekt\conda_envs\base.yml,
27,C:\Coding\AI\Dataset\!masks_for_training\27,yolov8_seg,YOLOv8-seg,ok,image_size,1536,int,projekt-base,C:\Coding\AI\projekt\conda_envs\base.yml,
27,C:\Coding\AI\Dataset\!masks_for_training\27,yolov8_seg,YOLOv8-seg,ok,confidence_threshold,0.35,float,projekt-base,C:\Coding\AI\projekt\conda_envs\base.yml,
27,C:\Coding\AI\Dataset\!masks_for_training\27,yolov8_seg,YOLOv8-seg,ok,iou_threshold,0.4,float,projekt-base,C:\Coding\AI\projekt\conda_envs\base.yml,
27,C:\Coding\AI\Dataset\!masks_for_training\27,yolov8_seg,YOLOv8-seg,ok,tile_inference_mode,auto,str,projekt-base,C:\Coding\AI\projekt\conda_envs\base.yml,
27,C:\Coding\AI\Dataset\!masks_for_training\27,yolov8_seg,YOLOv8-seg,ok,tile_size,640,int,projekt-base,C:\Coding\AI\projekt\conda_envs\base.yml,
27,C:\Coding\AI\Dataset\!masks_for_training\27,yolov8_seg,YOLOv8-seg,ok,tile_overlap_ratio,0.5,float,projekt-base,C:\Coding\AI\projekt\conda_envs\base.yml,
27,C:\Coding\AI\Dataset\!masks_for_training\27,yolov8_seg,YOLOv8-seg,ok,before_tile_count,108,int,projekt-base,C:\Coding\AI\projekt\conda_envs\base.yml,
27,C:\Coding\AI\Dataset\!masks_for_training\27,yolov8_seg,YOLOv8-seg,ok,after_tile_count,108,int,projekt-base,C:\Coding\AI\projekt\conda_envs\base.yml,
27,C:\Coding\AI\Dataset\!masks_for_training\27,yolov8_seg,YOLOv8-seg,ok,selected_class_count,0,int,projekt-base,C:\Coding\AI\projekt\conda_envs\base.yml,
27,C:\Coding\AI\Dataset\!masks_for_training\27,yolov8_seg,YOLOv8-seg,ok,selected_class_ids,[],list,projekt-base,C:\Coding\AI\projekt\conda_envs\base.yml,
27,C:\Coding\AI\Dataset\!masks_for_training\27,yolov8_seg,YOLOv8-seg,ok,taco_dataset_root,C:\Coding\AI\projekt\datasets\TACO,str,projekt-base,C:\Coding\AI\projekt\conda_envs\base.yml,
27,C:\Coding\AI\Dataset\!masks_for_training\27,yolov8_seg,YOLOv8-seg,ok,taco_annotations_path,C:\Coding\AI\projekt\datasets\TACO\data\annotations.json,str,projekt-base,C:\Coding\AI\projekt\conda_envs\base.yml,
27,C:\Coding\AI\Dataset\!masks_for_training\27,yolov8_seg,YOLOv8-seg,ok,taco_export_root,C:\Coding\AI\projekt\datasets\TACO\yolo_seg,str,projekt-base,C:\Coding\AI\projekt\conda_envs\base.yml,
27,C:\Coding\AI\Dataset\!masks_for_training\27,yolov8_seg,YOLOv8-seg,ok,taco_data_yaml,C:\Coding\AI\projekt\datasets\TACO\yolo_seg\data.yaml,str,projekt-base,C:\Coding\AI\projekt\conda_envs\base.yml,
27,C:\Coding\AI\Dataset\!masks_for_training\27,yolov8_seg,YOLOv8-seg,ok,taco_source_images,1500,int,projekt-base,C:\Coding\AI\projekt\conda_envs\base.yml,
27,C:\Coding\AI\Dataset\!masks_for_training\27,yolov8_seg,YOLOv8-seg,ok,taco_exported_images,1500,int,projekt-base,C:\Coding\AI\projekt\conda_envs\base.yml,
27,C:\Coding\AI\Dataset\!masks_for_training\27,yolov8_seg,YOLOv8-seg,ok,taco_exported_labels,1500,int,projekt-base,C:\Coding\AI\projekt\conda_envs\base.yml,
27,C:\Coding\AI\Dataset\!masks_for_training\27,yolov8_seg,YOLOv8-seg,ok,taco_skipped_missing_images,0,int,projekt-base,C:\Coding\AI\projekt\conda_envs\base.yml,
27,C:\Coding\AI\Dataset\!masks_for_training\27,yolov8_seg,YOLOv8-seg,ok,taco_skipped_invalid_polygons,0,int,projekt-base,C:\Coding\AI\projekt\conda_envs\base.yml,
27,C:\Coding\AI\Dataset\!masks_for_training\27,yolov8_seg,YOLOv8-seg,ok,before_instance_count,45,int,projekt-base,C:\Coding\AI\projekt\conda_envs\base.yml,
27,C:\Coding\AI\Dataset\!masks_for_training\27,yolov8_seg,YOLOv8-seg,ok,after_instance_count,47,int,projekt-base,C:\Coding\AI\projekt\conda_envs\base.yml,
27,C:\Coding\AI\Dataset\!masks_for_training\27,yolov8_seg,YOLOv8-seg,ok,instance_count_total,92,int,projekt-base,C:\Coding\AI\projekt\conda_envs\base.yml,
27,C:\Coding\AI\Dataset\!masks_for_training\27,yolov8_seg,YOLOv8-seg,ok,before_mask_area_px,169617,int,projekt-base,C:\Coding\AI\projekt\conda_envs\base.yml,
27,C:\Coding\AI\Dataset\!masks_for_training\27,yolov8_seg,YOLOv8-seg,ok,after_mask_area_px,932740,int,projekt-base,C:\Coding\AI\projekt\conda_envs\base.yml,
27,C:\Coding\AI\Dataset\!masks_for_training\27,yolov8_seg,YOLOv8-seg,ok,before_mask_area_ratio,0.013911,float,projekt-base,C:\Coding\AI\projekt\conda_envs\base.yml,
27,C:\Coding\AI\Dataset\!masks_for_training\27,yolov8_seg,YOLOv8-seg,ok,after_mask_area_ratio,0.076499,float,projekt-base,C:\Coding\AI\projekt\conda_envs\base.yml,
27,C:\Coding\AI\Dataset\!masks_for_training\27,yolov8_seg,YOLOv8-seg,ok,mask_area_delta_px,763123,int,projekt-base,C:\Coding\AI\projekt\conda_envs\base.yml,
27,C:\Coding\AI\Dataset\!masks_for_training\27,yolov8_seg,YOLOv8-seg,ok,mask_area_delta_ratio,0.062588,float,projekt-base,C:\Coding\AI\projekt\conda_envs\base.yml,
27,C:\Coding\AI\Dataset\!masks_for_training\27,yolov8_seg,YOLOv8-seg,ok,before_bbox_area_px,246025,int,projekt-base,C:\Coding\AI\projekt\conda_envs\base.yml,
27,C:\Coding\AI\Dataset\!masks_for_training\27,yolov8_seg,YOLOv8-seg,ok,after_bbox_area_px,1797631,int,projekt-base,C:\Coding\AI\projekt\conda_envs\base.yml,
27,C:\Coding\AI\Dataset\!masks_for_training\27,yolov8_seg,YOLOv8-seg,ok,before_mean_confidence,0.496402,float,projekt-base,C:\Coding\AI\projekt\conda_envs\base.yml,
27,C:\Coding\AI\Dataset\!masks_for_training\27,yolov8_seg,YOLOv8-seg,ok,after_mean_confidence,0.472526,float,projekt-base,C:\Coding\AI\projekt\conda_envs\base.yml,
27,C:\Coding\AI\Dataset\!masks_for_training\27,yolov8_seg,YOLOv8-seg,ok,before_inference_ms,2923.53,float,projekt-base,C:\Coding\AI\projekt\conda_envs\base.yml,
27,C:\Coding\AI\Dataset\!masks_for_training\27,yolov8_seg,YOLOv8-seg,ok,after_inference_ms,2938.55,float,projekt-base,C:\Coding\AI\projekt\conda_envs\base.yml,
27,C:\Coding\AI\Dataset\!masks_for_training\27,yolov8_seg,YOLOv8-seg,ok,inference_ms_total,5862.08,float,projekt-base,C:\Coding\AI\projekt\conda_envs\base.yml,
28,C:\Coding\AI\Dataset\!masks_for_training\28,changeformer,ChangeFormer,error,,,,projekt-base,C:\Coding\AI\projekt\conda_envs\base.yml,ValueError: Shared canvas produced an unreasonably large result
28,C:\Coding\AI\Dataset\!masks_for_training\28,efficientnet,EfficientNet,ok,analysis_mode,efficientnet_cls_pair,str,projekt-base,C:\Coding\AI\projekt\conda_envs\base.yml,
28,C:\Coding\AI\Dataset\!masks_for_training\28,efficientnet,EfficientNet,ok,inference_mode,heuristic_fallback,str,projekt-base,C:\Coding\AI\projekt\conda_envs\base.yml,
28,C:\Coding\AI\Dataset\!masks_for_training\28,efficientnet,EfficientNet,ok,model_name,efficientnet_b0,str,projekt-base,C:\Coding\AI\projekt\conda_envs\base.yml,
28,C:\Coding\AI\Dataset\!masks_for_training\28,efficientnet,EfficientNet,ok,model_source,None,str,projekt-base,C:\Coding\AI\projekt\conda_envs\base.yml,
28,C:\Coding\AI\Dataset\!masks_for_training\28,efficientnet,EfficientNet,ok,weights_path,C:\Coding\AI\projekt\weights\efficientnet_best.pt,str,projekt-base,C:\Coding\AI\projekt\conda_envs\base.yml,
28,C:\Coding\AI\Dataset\!masks_for_training\28,efficientnet,EfficientNet,ok,device_requested,auto,str,projekt-base,C:\Coding\AI\projekt\conda_envs\base.yml,
28,C:\Coding\AI\Dataset\!masks_for_training\28,efficientnet,EfficientNet,ok,device_used,cpu,str,projekt-base,C:\Coding\AI\projekt\conda_envs\base.yml,
28,C:\Coding\AI\Dataset\!masks_for_training\28,efficientnet,EfficientNet,ok,force_cpu,False,bool,projekt-base,C:\Coding\AI\projekt\conda_envs\base.yml,
28,C:\Coding\AI\Dataset\!masks_for_training\28,efficientnet,EfficientNet,ok,cuda_available,True,bool,projekt-base,C:\Coding\AI\projekt\conda_envs\base.yml,
28,C:\Coding\AI\Dataset\!masks_for_training\28,efficientnet,EfficientNet,ok,input_size,224,int,projekt-base,C:\Coding\AI\projekt\conda_envs\base.yml,
28,C:\Coding\AI\Dataset\!masks_for_training\28,efficientnet,EfficientNet,ok,dirty_threshold,0.42,float,projekt-base,C:\Coding\AI\projekt\conda_envs\base.yml,
28,C:\Coding\AI\Dataset\!masks_for_training\28,efficientnet,EfficientNet,ok,dirty_keyword_classes,2,int,projekt-base,C:\Coding\AI\projekt\conda_envs\base.yml,
28,C:\Coding\AI\Dataset\!masks_for_training\28,efficientnet,EfficientNet,ok,before_crop_count,6,int,projekt-base,C:\Coding\AI\projekt\conda_envs\base.yml,
28,C:\Coding\AI\Dataset\!masks_for_training\28,efficientnet,EfficientNet,ok,after_crop_count,6,int,projekt-base,C:\Coding\AI\projekt\conda_envs\base.yml,
28,C:\Coding\AI\Dataset\!masks_for_training\28,efficientnet,EfficientNet,ok,before_crop_dirty_prob_mean,0.46046,float,projekt-base,C:\Coding\AI\projekt\conda_envs\base.yml,
28,C:\Coding\AI\Dataset\!masks_for_training\28,efficientnet,EfficientNet,ok,after_crop_dirty_prob_mean,0.599539,float,projekt-base,C:\Coding\AI\projekt\conda_envs\base.yml,
28,C:\Coding\AI\Dataset\!masks_for_training\28,efficientnet,EfficientNet,ok,before_crop_dirty_prob_max,0.508994,float,projekt-base,C:\Coding\AI\projekt\conda_envs\base.yml,
28,C:\Coding\AI\Dataset\!masks_for_training\28,efficientnet,EfficientNet,ok,after_crop_dirty_prob_max,0.633399,float,projekt-base,C:\Coding\AI\projekt\conda_envs\base.yml,
28,C:\Coding\AI\Dataset\!masks_for_training\28,efficientnet,EfficientNet,ok,before_crop_support_ratio,1,float,projekt-base,C:\Coding\AI\projekt\conda_envs\base.yml,
28,C:\Coding\AI\Dataset\!masks_for_training\28,efficientnet,EfficientNet,ok,after_crop_support_ratio,1,float,projekt-base,C:\Coding\AI\projekt\conda_envs\base.yml,
28,C:\Coding\AI\Dataset\!masks_for_training\28,efficientnet,EfficientNet,ok,before_dirty_prob,0.495405,float,projekt-base,C:\Coding\AI\projekt\conda_envs\base.yml,
28,C:\Coding\AI\Dataset\!masks_for_training\28,efficientnet,EfficientNet,ok,after_dirty_prob,0.623918,float,projekt-base,C:\Coding\AI\projekt\conda_envs\base.yml,
28,C:\Coding\AI\Dataset\!masks_for_training\28,efficientnet,EfficientNet,ok,before_clean_prob,0.504595,float,projekt-base,C:\Coding\AI\projekt\conda_envs\base.yml,
28,C:\Coding\AI\Dataset\!masks_for_training\28,efficientnet,EfficientNet,ok,after_clean_prob,0.376082,float,projekt-base,C:\Coding\AI\projekt\conda_envs\base.yml,
28,C:\Coding\AI\Dataset\!masks_for_training\28,efficientnet,EfficientNet,ok,cleanup_delta,-0.128513,float,projekt-base,C:\Coding\AI\projekt\conda_envs\base.yml,
28,C:\Coding\AI\Dataset\!masks_for_training\28,efficientnet,EfficientNet,ok,cleanup_score,0,float,projekt-base,C:\Coding\AI\projekt\conda_envs\base.yml,
28,C:\Coding\AI\Dataset\!masks_for_training\28,efficientnet,EfficientNet,ok,dirty_prob_delta,0.128513,float,projekt-base,C:\Coding\AI\projekt\conda_envs\base.yml,
28,C:\Coding\AI\Dataset\!masks_for_training\28,efficientnet,EfficientNet,ok,dirty_prob_abs_delta,0.128513,float,projekt-base,C:\Coding\AI\projekt\conda_envs\base.yml,
28,C:\Coding\AI\Dataset\!masks_for_training\28,efficientnet,EfficientNet,ok,before_pred_label,dirty,str,projekt-base,C:\Coding\AI\projekt\conda_envs\base.yml,
28,C:\Coding\AI\Dataset\!masks_for_training\28,efficientnet,EfficientNet,ok,after_pred_label,dirty,str,projekt-base,C:\Coding\AI\projekt\conda_envs\base.yml,
28,C:\Coding\AI\Dataset\!masks_for_training\28,efficientnet,EfficientNet,ok,before_top1_label,dirty,str,projekt-base,C:\Coding\AI\projekt\conda_envs\base.yml,
28,C:\Coding\AI\Dataset\!masks_for_training\28,efficientnet,EfficientNet,ok,after_top1_label,dirty,str,projekt-base,C:\Coding\AI\projekt\conda_envs\base.yml,
28,C:\Coding\AI\Dataset\!masks_for_training\28,efficientnet,EfficientNet,ok,before_top1_prob,0.576405,float,projekt-base,C:\Coding\AI\projekt\conda_envs\base.yml,
28,C:\Coding\AI\Dataset\!masks_for_training\28,efficientnet,EfficientNet,ok,after_top1_prob,0.633399,float,projekt-base,C:\Coding\AI\projekt\conda_envs\base.yml,
28,C:\Coding\AI\Dataset\!masks_for_training\28,efficientnet,EfficientNet,ok,before_entropy_norm,0.99352,float,projekt-base,C:\Coding\AI\projekt\conda_envs\base.yml,
28,C:\Coding\AI\Dataset\!masks_for_training\28,efficientnet,EfficientNet,ok,after_entropy_norm,0.969259,float,projekt-base,C:\Coding\AI\projekt\conda_envs\base.yml,
28,C:\Coding\AI\Dataset\!masks_for_training\28,efficientnet,EfficientNet,ok,before_inference_ms,0,float,projekt-base,C:\Coding\AI\projekt\conda_envs\base.yml,
28,C:\Coding\AI\Dataset\!masks_for_training\28,efficientnet,EfficientNet,ok,after_inference_ms,0,float,projekt-base,C:\Coding\AI\projekt\conda_envs\base.yml,
28,C:\Coding\AI\Dataset\!masks_for_training\28,efficientnet,EfficientNet,ok,inference_ms_total,0,float,projekt-base,C:\Coding\AI\projekt\conda_envs\base.yml,
28,C:\Coding\AI\Dataset\!masks_for_training\28,sift_ransac,SIFT + RANSAC + difference map,ok,alignment_mode,identity_fallback,str,projekt-base,C:\Coding\AI\projekt\conda_envs\base.yml,
28,C:\Coding\AI\Dataset\!masks_for_training\28,sift_ransac,SIFT + RANSAC + difference map,ok,fallback_reason,insufficient_homography_inliers,str,projekt-base,C:\Coding\AI\projekt\conda_envs\base.yml,
28,C:\Coding\AI\Dataset\!masks_for_training\28,sift_ransac,SIFT + RANSAC + difference map,ok,keypoints_before,26692,int,projekt-base,C:\Coding\AI\projekt\conda_envs\base.yml,
28,C:\Coding\AI\Dataset\!masks_for_training\28,sift_ransac,SIFT + RANSAC + difference map,ok,keypoints_after,25631,int,projekt-base,C:\Coding\AI\projekt\conda_envs\base.yml,
28,C:\Coding\AI\Dataset\!masks_for_training\28,sift_ransac,SIFT + RANSAC + difference map,ok,raw_matches,26692,int,projekt-base,C:\Coding\AI\projekt\conda_envs\base.yml,
28,C:\Coding\AI\Dataset\!masks_for_training\28,sift_ransac,SIFT + RANSAC + difference map,ok,good_matches,137,int,projekt-base,C:\Coding\AI\projekt\conda_envs\base.yml,
28,C:\Coding\AI\Dataset\!masks_for_training\28,sift_ransac,SIFT + RANSAC + difference map,ok,inliers,0,int,projekt-base,C:\Coding\AI\projekt\conda_envs\base.yml,
28,C:\Coding\AI\Dataset\!masks_for_training\28,sift_ransac,SIFT + RANSAC + difference map,ok,inlier_ratio,0,float,projekt-base,C:\Coding\AI\projekt\conda_envs\base.yml,
28,C:\Coding\AI\Dataset\!masks_for_training\28,sift_ransac,SIFT + RANSAC + difference map,ok,change_pixels,410958,int,projekt-base,C:\Coding\AI\projekt\conda_envs\base.yml,
28,C:\Coding\AI\Dataset\!masks_for_training\28,sift_ransac,SIFT + RANSAC + difference map,ok,overlap_pixels,12192768,int,projekt-base,C:\Coding\AI\projekt\conda_envs\base.yml,
28,C:\Coding\AI\Dataset\!masks_for_training\28,sift_ransac,SIFT + RANSAC + difference map,ok,canvas_pixels,12192768,int,projekt-base,C:\Coding\AI\projekt\conda_envs\base.yml,
28,C:\Coding\AI\Dataset\!masks_for_training\28,sift_ransac,SIFT + RANSAC + difference map,ok,overlap_ratio,1,float,projekt-base,C:\Coding\AI\projekt\conda_envs\base.yml,
28,C:\Coding\AI\Dataset\!masks_for_training\28,sift_ransac,SIFT + RANSAC + difference map,ok,change_ratio,0.033705,float,projekt-base,C:\Coding\AI\projekt\conda_envs\base.yml,
28,C:\Coding\AI\Dataset\!masks_for_training\28,sift_ransac,SIFT + RANSAC + difference map,ok,otsu_threshold,72,float,projekt-base,C:\Coding\AI\projekt\conda_envs\base.yml,
28,C:\Coding\AI\Dataset\!masks_for_training\28,sift_ransac,SIFT + RANSAC + difference map,ok,segm_gt_pixels,22249,float,projekt-base,C:\Coding\AI\projekt\conda_envs\base.yml,
28,C:\Coding\AI\Dataset\!masks_for_training\28,sift_ransac,SIFT + RANSAC + difference map,ok,segm_pred_pixels,410958,float,projekt-base,C:\Coding\AI\projekt\conda_envs\base.yml,
28,C:\Coding\AI\Dataset\!masks_for_training\28,sift_ransac,SIFT + RANSAC + difference map,ok,segm_intersection_pixels,0,float,projekt-base,C:\Coding\AI\projekt\conda_envs\base.yml,
28,C:\Coding\AI\Dataset\!masks_for_training\28,sift_ransac,SIFT + RANSAC + difference map,ok,segm_union_pixels,433207,float,projekt-base,C:\Coding\AI\projekt\conda_envs\base.yml,
28,C:\Coding\AI\Dataset\!masks_for_training\28,sift_ransac,SIFT + RANSAC + difference map,ok,segm_iou,0,float,projekt-base,C:\Coding\AI\projekt\conda_envs\base.yml,
28,C:\Coding\AI\Dataset\!masks_for_training\28,sift_ransac,SIFT + RANSAC + difference map,ok,segm_dice,0,float,projekt-base,C:\Coding\AI\projekt\conda_envs\base.yml,
28,C:\Coding\AI\Dataset\!masks_for_training\28,sift_ransac,SIFT + RANSAC + difference map,ok,qty_pixels_ground_truth,22249,float,projekt-base,C:\Coding\AI\projekt\conda_envs\base.yml,
28,C:\Coding\AI\Dataset\!masks_for_training\28,sift_ransac,SIFT + RANSAC + difference map,ok,qty_pixels_predicted,410958,float,projekt-base,C:\Coding\AI\projekt\conda_envs\base.yml,
28,C:\Coding\AI\Dataset\!masks_for_training\28,sift_ransac,SIFT + RANSAC + difference map,ok,qty_pixels_absolute_error,388709,float,projekt-base,C:\Coding\AI\projekt\conda_envs\base.yml,
28,C:\Coding\AI\Dataset\!masks_for_training\28,sift_ransac,SIFT + RANSAC + difference map,ok,qty_pixels_mae,388709,float,projekt-base,C:\Coding\AI\projekt\conda_envs\base.yml,
28,C:\Coding\AI\Dataset\!masks_for_training\28,sift_ransac,SIFT + RANSAC + difference map,ok,qty_pixels_mape,1747.09,float,projekt-base,C:\Coding\AI\projekt\conda_envs\base.yml,
28,C:\Coding\AI\Dataset\!masks_for_training\28,sift_ransac,SIFT + RANSAC + difference map,ok,qty_pixels_percentage_error,1747.09,float,projekt-base,C:\Coding\AI\projekt\conda_envs\base.yml,
28,C:\Coding\AI\Dataset\!masks_for_training\28,sift_ransac,SIFT + RANSAC + difference map,ok,qty_ratio_ground_truth,0.00182477,float,projekt-base,C:\Coding\AI\projekt\conda_envs\base.yml,
28,C:\Coding\AI\Dataset\!masks_for_training\28,sift_ransac,SIFT + RANSAC + difference map,ok,qty_ratio_predicted,0.0337051,float,projekt-base,C:\Coding\AI\projekt\conda_envs\base.yml,
28,C:\Coding\AI\Dataset\!masks_for_training\28,sift_ransac,SIFT + RANSAC + difference map,ok,qty_ratio_absolute_error,0.0318803,float,projekt-base,C:\Coding\AI\projekt\conda_envs\base.yml,
28,C:\Coding\AI\Dataset\!masks_for_training\28,sift_ransac,SIFT + RANSAC + difference map,ok,qty_ratio_mae,0.0318803,float,projekt-base,C:\Coding\AI\projekt\conda_envs\base.yml,
28,C:\Coding\AI\Dataset\!masks_for_training\28,sift_ransac,SIFT + RANSAC + difference map,ok,qty_ratio_mape,1747.09,float,projekt-base,C:\Coding\AI\projekt\conda_envs\base.yml,
28,C:\Coding\AI\Dataset\!masks_for_training\28,sift_ransac,SIFT + RANSAC + difference map,ok,qty_ratio_percentage_error,1747.09,float,projekt-base,C:\Coding\AI\projekt\conda_envs\base.yml,
28,C:\Coding\AI\Dataset\!masks_for_training\28,siamese_unet,Siamese U-Net,ok,analysis_mode,siamese_unet_cd_pair,str,projekt-base,C:\Coding\AI\projekt\conda_envs\base.yml,
28,C:\Coding\AI\Dataset\!masks_for_training\28,siamese_unet,Siamese U-Net,ok,model_source,C:\Coding\AI\projekt\weights\siamese_unet_cd_real17_finetuned_best.pt,str,projekt-base,C:\Coding\AI\projekt\conda_envs\base.yml,
28,C:\Coding\AI\Dataset\!masks_for_training\28,siamese_unet,Siamese U-Net,ok,device_requested,auto,str,projekt-base,C:\Coding\AI\projekt\conda_envs\base.yml,
28,C:\Coding\AI\Dataset\!masks_for_training\28,siamese_unet,Siamese U-Net,ok,device_used,cuda,str,projekt-base,C:\Coding\AI\projekt\conda_envs\base.yml,
28,C:\Coding\AI\Dataset\!masks_for_training\28,siamese_unet,Siamese U-Net,ok,force_cpu,False,bool,projekt-base,C:\Coding\AI\projekt\conda_envs\base.yml,
28,C:\Coding\AI\Dataset\!masks_for_training\28,siamese_unet,Siamese U-Net,ok,input_size,384,int,projekt-base,C:\Coding\AI\projekt\conda_envs\base.yml,
28,C:\Coding\AI\Dataset\!masks_for_training\28,siamese_unet,Siamese U-Net,ok,threshold,0.65,float,projekt-base,C:\Coding\AI\projekt\conda_envs\base.yml,
28,C:\Coding\AI\Dataset\!masks_for_training\28,siamese_unet,Siamese U-Net,ok,alignment_mode,resize_fallback,str,projekt-base,C:\Coding\AI\projekt\conda_envs\base.yml,
28,C:\Coding\AI\Dataset\!masks_for_training\28,siamese_unet,Siamese U-Net,ok,change_pixels,1743525,int,projekt-base,C:\Coding\AI\projekt\conda_envs\base.yml,
28,C:\Coding\AI\Dataset\!masks_for_training\28,siamese_unet,Siamese U-Net,ok,overlap_pixels,12192768,int,projekt-base,C:\Coding\AI\projekt\conda_envs\base.yml,
28,C:\Coding\AI\Dataset\!masks_for_training\28,siamese_unet,Siamese U-Net,ok,canvas_pixels,12192768,int,projekt-base,C:\Coding\AI\projekt\conda_envs\base.yml,
28,C:\Coding\AI\Dataset\!masks_for_training\28,siamese_unet,Siamese U-Net,ok,overlap_ratio,1,float,projekt-base,C:\Coding\AI\projekt\conda_envs\base.yml,
28,C:\Coding\AI\Dataset\!masks_for_training\28,siamese_unet,Siamese U-Net,ok,change_ratio,0.142997,float,projekt-base,C:\Coding\AI\projekt\conda_envs\base.yml,
28,C:\Coding\AI\Dataset\!masks_for_training\28,siamese_unet,Siamese U-Net,ok,inference_ms,43.864,float,projekt-base,C:\Coding\AI\projekt\conda_envs\base.yml,
28,C:\Coding\AI\Dataset\!masks_for_training\28,siamese_unet,Siamese U-Net,ok,weights_path,,NoneType,projekt-base,C:\Coding\AI\projekt\conda_envs\base.yml,
28,C:\Coding\AI\Dataset\!masks_for_training\28,siamese_unet,Siamese U-Net,ok,dinov2_hint_used,False,bool,projekt-base,C:\Coding\AI\projekt\conda_envs\base.yml,
28,C:\Coding\AI\Dataset\!masks_for_training\28,siamese_unet,Siamese U-Net,ok,segm_gt_pixels,22249,float,projekt-base,C:\Coding\AI\projekt\conda_envs\base.yml,
28,C:\Coding\AI\Dataset\!masks_for_training\28,siamese_unet,Siamese U-Net,ok,segm_pred_pixels,1.74352e+06,float,projekt-base,C:\Coding\AI\projekt\conda_envs\base.yml,
28,C:\Coding\AI\Dataset\!masks_for_training\28,siamese_unet,Siamese U-Net,ok,segm_intersection_pixels,0,float,projekt-base,C:\Coding\AI\projekt\conda_envs\base.yml,
28,C:\Coding\AI\Dataset\!masks_for_training\28,siamese_unet,Siamese U-Net,ok,segm_union_pixels,1.76577e+06,float,projekt-base,C:\Coding\AI\projekt\conda_envs\base.yml,
28,C:\Coding\AI\Dataset\!masks_for_training\28,siamese_unet,Siamese U-Net,ok,segm_iou,0,float,projekt-base,C:\Coding\AI\projekt\conda_envs\base.yml,
28,C:\Coding\AI\Dataset\!masks_for_training\28,siamese_unet,Siamese U-Net,ok,segm_dice,0,float,projekt-base,C:\Coding\AI\projekt\conda_envs\base.yml,
28,C:\Coding\AI\Dataset\!masks_for_training\28,siamese_unet,Siamese U-Net,ok,qty_pixels_ground_truth,22249,float,projekt-base,C:\Coding\AI\projekt\conda_envs\base.yml,
28,C:\Coding\AI\Dataset\!masks_for_training\28,siamese_unet,Siamese U-Net,ok,qty_pixels_predicted,1.74352e+06,float,projekt-base,C:\Coding\AI\projekt\conda_envs\base.yml,
28,C:\Coding\AI\Dataset\!masks_for_training\28,siamese_unet,Siamese U-Net,ok,qty_pixels_absolute_error,1.72128e+06,float,projekt-base,C:\Coding\AI\projekt\conda_envs\base.yml,
28,C:\Coding\AI\Dataset\!masks_for_training\28,siamese_unet,Siamese U-Net,ok,qty_pixels_mae,1.72128e+06,float,projekt-base,C:\Coding\AI\projekt\conda_envs\base.yml,
28,C:\Coding\AI\Dataset\!masks_for_training\28,siamese_unet,Siamese U-Net,ok,qty_pixels_mape,7736.42,float,projekt-base,C:\Coding\AI\projekt\conda_envs\base.yml,
28,C:\Coding\AI\Dataset\!masks_for_training\28,siamese_unet,Siamese U-Net,ok,qty_pixels_percentage_error,7736.42,float,projekt-base,C:\Coding\AI\projekt\conda_envs\base.yml,
28,C:\Coding\AI\Dataset\!masks_for_training\28,siamese_unet,Siamese U-Net,ok,qty_ratio_ground_truth,0.00182477,float,projekt-base,C:\Coding\AI\projekt\conda_envs\base.yml,
28,C:\Coding\AI\Dataset\!masks_for_training\28,siamese_unet,Siamese U-Net,ok,qty_ratio_predicted,0.142997,float,projekt-base,C:\Coding\AI\projekt\conda_envs\base.yml,
28,C:\Coding\AI\Dataset\!masks_for_training\28,siamese_unet,Siamese U-Net,ok,qty_ratio_absolute_error,0.141172,float,projekt-base,C:\Coding\AI\projekt\conda_envs\base.yml,
28,C:\Coding\AI\Dataset\!masks_for_training\28,siamese_unet,Siamese U-Net,ok,qty_ratio_mae,0.141172,float,projekt-base,C:\Coding\AI\projekt\conda_envs\base.yml,
28,C:\Coding\AI\Dataset\!masks_for_training\28,siamese_unet,Siamese U-Net,ok,qty_ratio_mape,7736.42,float,projekt-base,C:\Coding\AI\projekt\conda_envs\base.yml,
28,C:\Coding\AI\Dataset\!masks_for_training\28,siamese_unet,Siamese U-Net,ok,qty_ratio_percentage_error,7736.42,float,projekt-base,C:\Coding\AI\projekt\conda_envs\base.yml,
28,C:\Coding\AI\Dataset\!masks_for_training\28,yolov8_seg,YOLOv8-seg,ok,analysis_mode,yolov8_seg_pair,str,projekt-base,C:\Coding\AI\projekt\conda_envs\base.yml,
28,C:\Coding\AI\Dataset\!masks_for_training\28,yolov8_seg,YOLOv8-seg,ok,model_name,C:\Coding\AI\projekt\weights\yolov8m_trash_finetuned.pt,str,projekt-base,C:\Coding\AI\projekt\conda_envs\base.yml,
28,C:\Coding\AI\Dataset\!masks_for_training\28,yolov8_seg,YOLOv8-seg,ok,model_source,C:\Coding\AI\projekt\weights\yolov8m_seg_best_new+fine-tune.pt,str,projekt-base,C:\Coding\AI\projekt\conda_envs\base.yml,
28,C:\Coding\AI\Dataset\!masks_for_training\28,yolov8_seg,YOLOv8-seg,ok,device_requested,auto,str,projekt-base,C:\Coding\AI\projekt\conda_envs\base.yml,
28,C:\Coding\AI\Dataset\!masks_for_training\28,yolov8_seg,YOLOv8-seg,ok,device_used,cuda,str,projekt-base,C:\Coding\AI\projekt\conda_envs\base.yml,
28,C:\Coding\AI\Dataset\!masks_for_training\28,yolov8_seg,YOLOv8-seg,ok,force_cpu,False,bool,projekt-base,C:\Coding\AI\projekt\conda_envs\base.yml,
28,C:\Coding\AI\Dataset\!masks_for_training\28,yolov8_seg,YOLOv8-seg,ok,cuda_available,True,bool,projekt-base,C:\Coding\AI\projekt\conda_envs\base.yml,
28,C:\Coding\AI\Dataset\!masks_for_training\28,yolov8_seg,YOLOv8-seg,ok,image_size,1536,int,projekt-base,C:\Coding\AI\projekt\conda_envs\base.yml,
28,C:\Coding\AI\Dataset\!masks_for_training\28,yolov8_seg,YOLOv8-seg,ok,confidence_threshold,0.35,float,projekt-base,C:\Coding\AI\projekt\conda_envs\base.yml,
28,C:\Coding\AI\Dataset\!masks_for_training\28,yolov8_seg,YOLOv8-seg,ok,iou_threshold,0.4,float,projekt-base,C:\Coding\AI\projekt\conda_envs\base.yml,
28,C:\Coding\AI\Dataset\!masks_for_training\28,yolov8_seg,YOLOv8-seg,ok,tile_inference_mode,auto,str,projekt-base,C:\Coding\AI\projekt\conda_envs\base.yml,
28,C:\Coding\AI\Dataset\!masks_for_training\28,yolov8_seg,YOLOv8-seg,ok,tile_size,640,int,projekt-base,C:\Coding\AI\projekt\conda_envs\base.yml,
28,C:\Coding\AI\Dataset\!masks_for_training\28,yolov8_seg,YOLOv8-seg,ok,tile_overlap_ratio,0.5,float,projekt-base,C:\Coding\AI\projekt\conda_envs\base.yml,
28,C:\Coding\AI\Dataset\!masks_for_training\28,yolov8_seg,YOLOv8-seg,ok,before_tile_count,108,int,projekt-base,C:\Coding\AI\projekt\conda_envs\base.yml,
28,C:\Coding\AI\Dataset\!masks_for_training\28,yolov8_seg,YOLOv8-seg,ok,after_tile_count,108,int,projekt-base,C:\Coding\AI\projekt\conda_envs\base.yml,
28,C:\Coding\AI\Dataset\!masks_for_training\28,yolov8_seg,YOLOv8-seg,ok,selected_class_count,0,int,projekt-base,C:\Coding\AI\projekt\conda_envs\base.yml,
28,C:\Coding\AI\Dataset\!masks_for_training\28,yolov8_seg,YOLOv8-seg,ok,selected_class_ids,[],list,projekt-base,C:\Coding\AI\projekt\conda_envs\base.yml,
28,C:\Coding\AI\Dataset\!masks_for_training\28,yolov8_seg,YOLOv8-seg,ok,taco_dataset_root,C:\Coding\AI\projekt\datasets\TACO,str,projekt-base,C:\Coding\AI\projekt\conda_envs\base.yml,
28,C:\Coding\AI\Dataset\!masks_for_training\28,yolov8_seg,YOLOv8-seg,ok,taco_annotations_path,C:\Coding\AI\projekt\datasets\TACO\data\annotations.json,str,projekt-base,C:\Coding\AI\projekt\conda_envs\base.yml,
28,C:\Coding\AI\Dataset\!masks_for_training\28,yolov8_seg,YOLOv8-seg,ok,taco_export_root,C:\Coding\AI\projekt\datasets\TACO\yolo_seg,str,projekt-base,C:\Coding\AI\projekt\conda_envs\base.yml,
28,C:\Coding\AI\Dataset\!masks_for_training\28,yolov8_seg,YOLOv8-seg,ok,taco_data_yaml,C:\Coding\AI\projekt\datasets\TACO\yolo_seg\data.yaml,str,projekt-base,C:\Coding\AI\projekt\conda_envs\base.yml,
28,C:\Coding\AI\Dataset\!masks_for_training\28,yolov8_seg,YOLOv8-seg,ok,taco_source_images,1500,int,projekt-base,C:\Coding\AI\projekt\conda_envs\base.yml,
28,C:\Coding\AI\Dataset\!masks_for_training\28,yolov8_seg,YOLOv8-seg,ok,taco_exported_images,1500,int,projekt-base,C:\Coding\AI\projekt\conda_envs\base.yml,
28,C:\Coding\AI\Dataset\!masks_for_training\28,yolov8_seg,YOLOv8-seg,ok,taco_exported_labels,1500,int,projekt-base,C:\Coding\AI\projekt\conda_envs\base.yml,
28,C:\Coding\AI\Dataset\!masks_for_training\28,yolov8_seg,YOLOv8-seg,ok,taco_skipped_missing_images,0,int,projekt-base,C:\Coding\AI\projekt\conda_envs\base.yml,
28,C:\Coding\AI\Dataset\!masks_for_training\28,yolov8_seg,YOLOv8-seg,ok,taco_skipped_invalid_polygons,0,int,projekt-base,C:\Coding\AI\projekt\conda_envs\base.yml,
28,C:\Coding\AI\Dataset\!masks_for_training\28,yolov8_seg,YOLOv8-seg,ok,before_instance_count,15,int,projekt-base,C:\Coding\AI\projekt\conda_envs\base.yml,
28,C:\Coding\AI\Dataset\!masks_for_training\28,yolov8_seg,YOLOv8-seg,ok,after_instance_count,27,int,projekt-base,C:\Coding\AI\projekt\conda_envs\base.yml,
28,C:\Coding\AI\Dataset\!masks_for_training\28,yolov8_seg,YOLOv8-seg,ok,instance_count_total,42,int,projekt-base,C:\Coding\AI\projekt\conda_envs\base.yml,
28,C:\Coding\AI\Dataset\!masks_for_training\28,yolov8_seg,YOLOv8-seg,ok,before_mask_area_px,56173,int,projekt-base,C:\Coding\AI\projekt\conda_envs\base.yml,
28,C:\Coding\AI\Dataset\!masks_for_training\28,yolov8_seg,YOLOv8-seg,ok,after_mask_area_px,128267,int,projekt-base,C:\Coding\AI\projekt\conda_envs\base.yml,
28,C:\Coding\AI\Dataset\!masks_for_training\28,yolov8_seg,YOLOv8-seg,ok,before_mask_area_ratio,0.004607,float,projekt-base,C:\Coding\AI\projekt\conda_envs\base.yml,
28,C:\Coding\AI\Dataset\!masks_for_training\28,yolov8_seg,YOLOv8-seg,ok,after_mask_area_ratio,0.01052,float,projekt-base,C:\Coding\AI\projekt\conda_envs\base.yml,
28,C:\Coding\AI\Dataset\!masks_for_training\28,yolov8_seg,YOLOv8-seg,ok,mask_area_delta_px,72094,int,projekt-base,C:\Coding\AI\projekt\conda_envs\base.yml,
28,C:\Coding\AI\Dataset\!masks_for_training\28,yolov8_seg,YOLOv8-seg,ok,mask_area_delta_ratio,0.005913,float,projekt-base,C:\Coding\AI\projekt\conda_envs\base.yml,
28,C:\Coding\AI\Dataset\!masks_for_training\28,yolov8_seg,YOLOv8-seg,ok,before_bbox_area_px,130809,int,projekt-base,C:\Coding\AI\projekt\conda_envs\base.yml,
28,C:\Coding\AI\Dataset\!masks_for_training\28,yolov8_seg,YOLOv8-seg,ok,after_bbox_area_px,190086,int,projekt-base,C:\Coding\AI\projekt\conda_envs\base.yml,
28,C:\Coding\AI\Dataset\!masks_for_training\28,yolov8_seg,YOLOv8-seg,ok,before_mean_confidence,0.559997,float,projekt-base,C:\Coding\AI\projekt\conda_envs\base.yml,
28,C:\Coding\AI\Dataset\!masks_for_training\28,yolov8_seg,YOLOv8-seg,ok,after_mean_confidence,0.477445,float,projekt-base,C:\Coding\AI\projekt\conda_envs\base.yml,
28,C:\Coding\AI\Dataset\!masks_for_training\28,yolov8_seg,YOLOv8-seg,ok,before_inference_ms,2315.7,float,projekt-base,C:\Coding\AI\projekt\conda_envs\base.yml,
28,C:\Coding\AI\Dataset\!masks_for_training\28,yolov8_seg,YOLOv8-seg,ok,after_inference_ms,2594.98,float,projekt-base,C:\Coding\AI\projekt\conda_envs\base.yml,
28,C:\Coding\AI\Dataset\!masks_for_training\28,yolov8_seg,YOLOv8-seg,ok,inference_ms_total,4910.69,float,projekt-base,C:\Coding\AI\projekt\conda_envs\base.yml,
29,C:\Coding\AI\Dataset\!masks_for_training\29,changeformer,ChangeFormer,error,,,,projekt-base,C:\Coding\AI\projekt\conda_envs\base.yml,"ValueError: operands could not be broadcast together with shapes (4032,3024,1) (4032,3024) "
29,C:\Coding\AI\Dataset\!masks_for_training\29,efficientnet,EfficientNet,ok,analysis_mode,efficientnet_cls_pair,str,projekt-base,C:\Coding\AI\projekt\conda_envs\base.yml,
29,C:\Coding\AI\Dataset\!masks_for_training\29,efficientnet,EfficientNet,ok,inference_mode,heuristic_fallback,str,projekt-base,C:\Coding\AI\projekt\conda_envs\base.yml,
29,C:\Coding\AI\Dataset\!masks_for_training\29,efficientnet,EfficientNet,ok,model_name,efficientnet_b0,str,projekt-base,C:\Coding\AI\projekt\conda_envs\base.yml,
29,C:\Coding\AI\Dataset\!masks_for_training\29,efficientnet,EfficientNet,ok,model_source,None,str,projekt-base,C:\Coding\AI\projekt\conda_envs\base.yml,
29,C:\Coding\AI\Dataset\!masks_for_training\29,efficientnet,EfficientNet,ok,weights_path,C:\Coding\AI\projekt\weights\efficientnet_best.pt,str,projekt-base,C:\Coding\AI\projekt\conda_envs\base.yml,
29,C:\Coding\AI\Dataset\!masks_for_training\29,efficientnet,EfficientNet,ok,device_requested,auto,str,projekt-base,C:\Coding\AI\projekt\conda_envs\base.yml,
29,C:\Coding\AI\Dataset\!masks_for_training\29,efficientnet,EfficientNet,ok,device_used,cpu,str,projekt-base,C:\Coding\AI\projekt\conda_envs\base.yml,
29,C:\Coding\AI\Dataset\!masks_for_training\29,efficientnet,EfficientNet,ok,force_cpu,False,bool,projekt-base,C:\Coding\AI\projekt\conda_envs\base.yml,
29,C:\Coding\AI\Dataset\!masks_for_training\29,efficientnet,EfficientNet,ok,cuda_available,True,bool,projekt-base,C:\Coding\AI\projekt\conda_envs\base.yml,
29,C:\Coding\AI\Dataset\!masks_for_training\29,efficientnet,EfficientNet,ok,input_size,224,int,projekt-base,C:\Coding\AI\projekt\conda_envs\base.yml,
29,C:\Coding\AI\Dataset\!masks_for_training\29,efficientnet,EfficientNet,ok,dirty_threshold,0.42,float,projekt-base,C:\Coding\AI\projekt\conda_envs\base.yml,
29,C:\Coding\AI\Dataset\!masks_for_training\29,efficientnet,EfficientNet,ok,dirty_keyword_classes,2,int,projekt-base,C:\Coding\AI\projekt\conda_envs\base.yml,
29,C:\Coding\AI\Dataset\!masks_for_training\29,efficientnet,EfficientNet,ok,before_crop_count,6,int,projekt-base,C:\Coding\AI\projekt\conda_envs\base.yml,
29,C:\Coding\AI\Dataset\!masks_for_training\29,efficientnet,EfficientNet,ok,after_crop_count,6,int,projekt-base,C:\Coding\AI\projekt\conda_envs\base.yml,
29,C:\Coding\AI\Dataset\!masks_for_training\29,efficientnet,EfficientNet,ok,before_crop_dirty_prob_mean,0.684027,float,projekt-base,C:\Coding\AI\projekt\conda_envs\base.yml,
29,C:\Coding\AI\Dataset\!masks_for_training\29,efficientnet,EfficientNet,ok,after_crop_dirty_prob_mean,0.660149,float,projekt-base,C:\Coding\AI\projekt\conda_envs\base.yml,
29,C:\Coding\AI\Dataset\!masks_for_training\29,efficientnet,EfficientNet,ok,before_crop_dirty_prob_max,0.731716,float,projekt-base,C:\Coding\AI\projekt\conda_envs\base.yml,
29,C:\Coding\AI\Dataset\!masks_for_training\29,efficientnet,EfficientNet,ok,after_crop_dirty_prob_max,0.725372,float,projekt-base,C:\Coding\AI\projekt\conda_envs\base.yml,
29,C:\Coding\AI\Dataset\!masks_for_training\29,efficientnet,EfficientNet,ok,before_crop_support_ratio,1,float,projekt-base,C:\Coding\AI\projekt\conda_envs\base.yml,
29,C:\Coding\AI\Dataset\!masks_for_training\29,efficientnet,EfficientNet,ok,after_crop_support_ratio,1,float,projekt-base,C:\Coding\AI\projekt\conda_envs\base.yml,
29,C:\Coding\AI\Dataset\!masks_for_training\29,efficientnet,EfficientNet,ok,before_dirty_prob,0.718364,float,projekt-base,C:\Coding\AI\projekt\conda_envs\base.yml,
29,C:\Coding\AI\Dataset\!masks_for_training\29,efficientnet,EfficientNet,ok,after_dirty_prob,0.70711,float,projekt-base,C:\Coding\AI\projekt\conda_envs\base.yml,
29,C:\Coding\AI\Dataset\!masks_for_training\29,efficientnet,EfficientNet,ok,before_clean_prob,0.281636,float,projekt-base,C:\Coding\AI\projekt\conda_envs\base.yml,
29,C:\Coding\AI\Dataset\!masks_for_training\29,efficientnet,EfficientNet,ok,after_clean_prob,0.29289,float,projekt-base,C:\Coding\AI\projekt\conda_envs\base.yml,
29,C:\Coding\AI\Dataset\!masks_for_training\29,efficientnet,EfficientNet,ok,cleanup_delta,0.011254,float,projekt-base,C:\Coding\AI\projekt\conda_envs\base.yml,
29,C:\Coding\AI\Dataset\!masks_for_training\29,efficientnet,EfficientNet,ok,cleanup_score,0.011254,float,projekt-base,C:\Coding\AI\projekt\conda_envs\base.yml,
29,C:\Coding\AI\Dataset\!masks_for_training\29,efficientnet,EfficientNet,ok,dirty_prob_delta,-0.011254,float,projekt-base,C:\Coding\AI\projekt\conda_envs\base.yml,
29,C:\Coding\AI\Dataset\!masks_for_training\29,efficientnet,EfficientNet,ok,dirty_prob_abs_delta,0.011254,float,projekt-base,C:\Coding\AI\projekt\conda_envs\base.yml,
29,C:\Coding\AI\Dataset\!masks_for_training\29,efficientnet,EfficientNet,ok,before_pred_label,dirty,str,projekt-base,C:\Coding\AI\projekt\conda_envs\base.yml,
29,C:\Coding\AI\Dataset\!masks_for_training\29,efficientnet,EfficientNet,ok,after_pred_label,dirty,str,projekt-base,C:\Coding\AI\projekt\conda_envs\base.yml,
29,C:\Coding\AI\Dataset\!masks_for_training\29,efficientnet,EfficientNet,ok,before_top1_label,dirty,str,projekt-base,C:\Coding\AI\projekt\conda_envs\base.yml,
29,C:\Coding\AI\Dataset\!masks_for_training\29,efficientnet,EfficientNet,ok,after_top1_label,dirty,str,projekt-base,C:\Coding\AI\projekt\conda_envs\base.yml,
29,C:\Coding\AI\Dataset\!masks_for_training\29,efficientnet,EfficientNet,ok,before_top1_prob,0.731716,float,projekt-base,C:\Coding\AI\projekt\conda_envs\base.yml,
29,C:\Coding\AI\Dataset\!masks_for_training\29,efficientnet,EfficientNet,ok,after_top1_prob,0.725372,float,projekt-base,C:\Coding\AI\projekt\conda_envs\base.yml,
29,C:\Coding\AI\Dataset\!masks_for_training\29,efficientnet,EfficientNet,ok,before_entropy_norm,0.89585,float,projekt-base,C:\Coding\AI\projekt\conda_envs\base.yml,
29,C:\Coding\AI\Dataset\!masks_for_training\29,efficientnet,EfficientNet,ok,after_entropy_norm,0.917666,float,projekt-base,C:\Coding\AI\projekt\conda_envs\base.yml,
29,C:\Coding\AI\Dataset\!masks_for_training\29,efficientnet,EfficientNet,ok,before_inference_ms,0,float,projekt-base,C:\Coding\AI\projekt\conda_envs\base.yml,
29,C:\Coding\AI\Dataset\!masks_for_training\29,efficientnet,EfficientNet,ok,after_inference_ms,0,float,projekt-base,C:\Coding\AI\projekt\conda_envs\base.yml,
29,C:\Coding\AI\Dataset\!masks_for_training\29,efficientnet,EfficientNet,ok,inference_ms_total,0,float,projekt-base,C:\Coding\AI\projekt\conda_envs\base.yml,
29,C:\Coding\AI\Dataset\!masks_for_training\29,sift_ransac,SIFT + RANSAC + difference map,error,,,,projekt-base,C:\Coding\AI\projekt\conda_envs\base.yml,"ValueError: operands could not be broadcast together with shapes (4032,3024,1) (4032,3024) "
29,C:\Coding\AI\Dataset\!masks_for_training\29,siamese_unet,Siamese U-Net,error,,,,projekt-base,C:\Coding\AI\projekt\conda_envs\base.yml,"ValueError: operands could not be broadcast together with shapes (4032,3024,1) (4032,3024) "
29,C:\Coding\AI\Dataset\!masks_for_training\29,yolov8_seg,YOLOv8-seg,ok,analysis_mode,yolov8_seg_pair,str,projekt-base,C:\Coding\AI\projekt\conda_envs\base.yml,
29,C:\Coding\AI\Dataset\!masks_for_training\29,yolov8_seg,YOLOv8-seg,ok,model_name,C:\Coding\AI\projekt\weights\yolov8m_trash_finetuned.pt,str,projekt-base,C:\Coding\AI\projekt\conda_envs\base.yml,
29,C:\Coding\AI\Dataset\!masks_for_training\29,yolov8_seg,YOLOv8-seg,ok,model_source,C:\Coding\AI\projekt\weights\yolov8m_seg_best_new+fine-tune.pt,str,projekt-base,C:\Coding\AI\projekt\conda_envs\base.yml,
29,C:\Coding\AI\Dataset\!masks_for_training\29,yolov8_seg,YOLOv8-seg,ok,device_requested,auto,str,projekt-base,C:\Coding\AI\projekt\conda_envs\base.yml,
29,C:\Coding\AI\Dataset\!masks_for_training\29,yolov8_seg,YOLOv8-seg,ok,device_used,cuda,str,projekt-base,C:\Coding\AI\projekt\conda_envs\base.yml,
29,C:\Coding\AI\Dataset\!masks_for_training\29,yolov8_seg,YOLOv8-seg,ok,force_cpu,False,bool,projekt-base,C:\Coding\AI\projekt\conda_envs\base.yml,
29,C:\Coding\AI\Dataset\!masks_for_training\29,yolov8_seg,YOLOv8-seg,ok,cuda_available,True,bool,projekt-base,C:\Coding\AI\projekt\conda_envs\base.yml,
29,C:\Coding\AI\Dataset\!masks_for_training\29,yolov8_seg,YOLOv8-seg,ok,image_size,1536,int,projekt-base,C:\Coding\AI\projekt\conda_envs\base.yml,
29,C:\Coding\AI\Dataset\!masks_for_training\29,yolov8_seg,YOLOv8-seg,ok,confidence_threshold,0.35,float,projekt-base,C:\Coding\AI\projekt\conda_envs\base.yml,
29,C:\Coding\AI\Dataset\!masks_for_training\29,yolov8_seg,YOLOv8-seg,ok,iou_threshold,0.4,float,projekt-base,C:\Coding\AI\projekt\conda_envs\base.yml,
29,C:\Coding\AI\Dataset\!masks_for_training\29,yolov8_seg,YOLOv8-seg,ok,tile_inference_mode,auto,str,projekt-base,C:\Coding\AI\projekt\conda_envs\base.yml,
29,C:\Coding\AI\Dataset\!masks_for_training\29,yolov8_seg,YOLOv8-seg,ok,tile_size,640,int,projekt-base,C:\Coding\AI\projekt\conda_envs\base.yml,
29,C:\Coding\AI\Dataset\!masks_for_training\29,yolov8_seg,YOLOv8-seg,ok,tile_overlap_ratio,0.5,float,projekt-base,C:\Coding\AI\projekt\conda_envs\base.yml,
29,C:\Coding\AI\Dataset\!masks_for_training\29,yolov8_seg,YOLOv8-seg,ok,before_tile_count,108,int,projekt-base,C:\Coding\AI\projekt\conda_envs\base.yml,
29,C:\Coding\AI\Dataset\!masks_for_training\29,yolov8_seg,YOLOv8-seg,ok,after_tile_count,108,int,projekt-base,C:\Coding\AI\projekt\conda_envs\base.yml,
29,C:\Coding\AI\Dataset\!masks_for_training\29,yolov8_seg,YOLOv8-seg,ok,selected_class_count,0,int,projekt-base,C:\Coding\AI\projekt\conda_envs\base.yml,
29,C:\Coding\AI\Dataset\!masks_for_training\29,yolov8_seg,YOLOv8-seg,ok,selected_class_ids,[],list,projekt-base,C:\Coding\AI\projekt\conda_envs\base.yml,
29,C:\Coding\AI\Dataset\!masks_for_training\29,yolov8_seg,YOLOv8-seg,ok,taco_dataset_root,C:\Coding\AI\projekt\datasets\TACO,str,projekt-base,C:\Coding\AI\projekt\conda_envs\base.yml,
29,C:\Coding\AI\Dataset\!masks_for_training\29,yolov8_seg,YOLOv8-seg,ok,taco_annotations_path,C:\Coding\AI\projekt\datasets\TACO\data\annotations.json,str,projekt-base,C:\Coding\AI\projekt\conda_envs\base.yml,
29,C:\Coding\AI\Dataset\!masks_for_training\29,yolov8_seg,YOLOv8-seg,ok,taco_export_root,C:\Coding\AI\projekt\datasets\TACO\yolo_seg,str,projekt-base,C:\Coding\AI\projekt\conda_envs\base.yml,
29,C:\Coding\AI\Dataset\!masks_for_training\29,yolov8_seg,YOLOv8-seg,ok,taco_data_yaml,C:\Coding\AI\projekt\datasets\TACO\yolo_seg\data.yaml,str,projekt-base,C:\Coding\AI\projekt\conda_envs\base.yml,
29,C:\Coding\AI\Dataset\!masks_for_training\29,yolov8_seg,YOLOv8-seg,ok,taco_source_images,1500,int,projekt-base,C:\Coding\AI\projekt\conda_envs\base.yml,
29,C:\Coding\AI\Dataset\!masks_for_training\29,yolov8_seg,YOLOv8-seg,ok,taco_exported_images,1500,int,projekt-base,C:\Coding\AI\projekt\conda_envs\base.yml,
29,C:\Coding\AI\Dataset\!masks_for_training\29,yolov8_seg,YOLOv8-seg,ok,taco_exported_labels,1500,int,projekt-base,C:\Coding\AI\projekt\conda_envs\base.yml,
29,C:\Coding\AI\Dataset\!masks_for_training\29,yolov8_seg,YOLOv8-seg,ok,taco_skipped_missing_images,0,int,projekt-base,C:\Coding\AI\projekt\conda_envs\base.yml,
29,C:\Coding\AI\Dataset\!masks_for_training\29,yolov8_seg,YOLOv8-seg,ok,taco_skipped_invalid_polygons,0,int,projekt-base,C:\Coding\AI\projekt\conda_envs\base.yml,
29,C:\Coding\AI\Dataset\!masks_for_training\29,yolov8_seg,YOLOv8-seg,ok,before_instance_count,15,int,projekt-base,C:\Coding\AI\projekt\conda_envs\base.yml,
29,C:\Coding\AI\Dataset\!masks_for_training\29,yolov8_seg,YOLOv8-seg,ok,after_instance_count,17,int,projekt-base,C:\Coding\AI\projekt\conda_envs\base.yml,
29,C:\Coding\AI\Dataset\!masks_for_training\29,yolov8_seg,YOLOv8-seg,ok,instance_count_total,32,int,projekt-base,C:\Coding\AI\projekt\conda_envs\base.yml,
29,C:\Coding\AI\Dataset\!masks_for_training\29,yolov8_seg,YOLOv8-seg,ok,before_mask_area_px,37067,int,projekt-base,C:\Coding\AI\projekt\conda_envs\base.yml,
29,C:\Coding\AI\Dataset\!masks_for_training\29,yolov8_seg,YOLOv8-seg,ok,after_mask_area_px,7090,int,projekt-base,C:\Coding\AI\projekt\conda_envs\base.yml,
29,C:\Coding\AI\Dataset\!masks_for_training\29,yolov8_seg,YOLOv8-seg,ok,before_mask_area_ratio,0.00304,float,projekt-base,C:\Coding\AI\projekt\conda_envs\base.yml,
29,C:\Coding\AI\Dataset\!masks_for_training\29,yolov8_seg,YOLOv8-seg,ok,after_mask_area_ratio,0.000581,float,projekt-base,C:\Coding\AI\projekt\conda_envs\base.yml,
29,C:\Coding\AI\Dataset\!masks_for_training\29,yolov8_seg,YOLOv8-seg,ok,mask_area_delta_px,-29977,int,projekt-base,C:\Coding\AI\projekt\conda_envs\base.yml,
29,C:\Coding\AI\Dataset\!masks_for_training\29,yolov8_seg,YOLOv8-seg,ok,mask_area_delta_ratio,-0.002459,float,projekt-base,C:\Coding\AI\projekt\conda_envs\base.yml,
29,C:\Coding\AI\Dataset\!masks_for_training\29,yolov8_seg,YOLOv8-seg,ok,before_bbox_area_px,65793,int,projekt-base,C:\Coding\AI\projekt\conda_envs\base.yml,
29,C:\Coding\AI\Dataset\!masks_for_training\29,yolov8_seg,YOLOv8-seg,ok,after_bbox_area_px,18246,int,projekt-base,C:\Coding\AI\projekt\conda_envs\base.yml,
29,C:\Coding\AI\Dataset\!masks_for_training\29,yolov8_seg,YOLOv8-seg,ok,before_mean_confidence,0.508502,float,projekt-base,C:\Coding\AI\projekt\conda_envs\base.yml,
29,C:\Coding\AI\Dataset\!masks_for_training\29,yolov8_seg,YOLOv8-seg,ok,after_mean_confidence,0.469427,float,projekt-base,C:\Coding\AI\projekt\conda_envs\base.yml,
29,C:\Coding\AI\Dataset\!masks_for_training\29,yolov8_seg,YOLOv8-seg,ok,before_inference_ms,2218.59,float,projekt-base,C:\Coding\AI\projekt\conda_envs\base.yml,
29,C:\Coding\AI\Dataset\!masks_for_training\29,yolov8_seg,YOLOv8-seg,ok,after_inference_ms,2291.55,float,projekt-base,C:\Coding\AI\projekt\conda_envs\base.yml,
29,C:\Coding\AI\Dataset\!masks_for_training\29,yolov8_seg,YOLOv8-seg,ok,inference_ms_total,4510.14,float,projekt-base,C:\Coding\AI\projekt\conda_envs\base.yml,
3,C:\Coding\AI\Dataset\!masks_for_training\3,changeformer,ChangeFormer,error,,,,projekt-base,C:\Coding\AI\projekt\conda_envs\base.yml,"ValueError: operands could not be broadcast together with shapes (832,1253,1) (832,1253) "
3,C:\Coding\AI\Dataset\!masks_for_training\3,efficientnet,EfficientNet,ok,analysis_mode,efficientnet_cls_pair,str,projekt-base,C:\Coding\AI\projekt\conda_envs\base.yml,
3,C:\Coding\AI\Dataset\!masks_for_training\3,efficientnet,EfficientNet,ok,inference_mode,heuristic_fallback,str,projekt-base,C:\Coding\AI\projekt\conda_envs\base.yml,
3,C:\Coding\AI\Dataset\!masks_for_training\3,efficientnet,EfficientNet,ok,model_name,efficientnet_b0,str,projekt-base,C:\Coding\AI\projekt\conda_envs\base.yml,
3,C:\Coding\AI\Dataset\!masks_for_training\3,efficientnet,EfficientNet,ok,model_source,None,str,projekt-base,C:\Coding\AI\projekt\conda_envs\base.yml,
3,C:\Coding\AI\Dataset\!masks_for_training\3,efficientnet,EfficientNet,ok,weights_path,C:\Coding\AI\projekt\weights\efficientnet_best.pt,str,projekt-base,C:\Coding\AI\projekt\conda_envs\base.yml,
3,C:\Coding\AI\Dataset\!masks_for_training\3,efficientnet,EfficientNet,ok,device_requested,auto,str,projekt-base,C:\Coding\AI\projekt\conda_envs\base.yml,
3,C:\Coding\AI\Dataset\!masks_for_training\3,efficientnet,EfficientNet,ok,device_used,cpu,str,projekt-base,C:\Coding\AI\projekt\conda_envs\base.yml,
3,C:\Coding\AI\Dataset\!masks_for_training\3,efficientnet,EfficientNet,ok,force_cpu,False,bool,projekt-base,C:\Coding\AI\projekt\conda_envs\base.yml,
3,C:\Coding\AI\Dataset\!masks_for_training\3,efficientnet,EfficientNet,ok,cuda_available,True,bool,projekt-base,C:\Coding\AI\projekt\conda_envs\base.yml,
3,C:\Coding\AI\Dataset\!masks_for_training\3,efficientnet,EfficientNet,ok,input_size,224,int,projekt-base,C:\Coding\AI\projekt\conda_envs\base.yml,
3,C:\Coding\AI\Dataset\!masks_for_training\3,efficientnet,EfficientNet,ok,dirty_threshold,0.42,float,projekt-base,C:\Coding\AI\projekt\conda_envs\base.yml,
3,C:\Coding\AI\Dataset\!masks_for_training\3,efficientnet,EfficientNet,ok,dirty_keyword_classes,2,int,projekt-base,C:\Coding\AI\projekt\conda_envs\base.yml,
3,C:\Coding\AI\Dataset\!masks_for_training\3,efficientnet,EfficientNet,ok,before_crop_count,6,int,projekt-base,C:\Coding\AI\projekt\conda_envs\base.yml,
3,C:\Coding\AI\Dataset\!masks_for_training\3,efficientnet,EfficientNet,ok,after_crop_count,6,int,projekt-base,C:\Coding\AI\projekt\conda_envs\base.yml,
3,C:\Coding\AI\Dataset\!masks_for_training\3,efficientnet,EfficientNet,ok,before_crop_dirty_prob_mean,0.574433,float,projekt-base,C:\Coding\AI\projekt\conda_envs\base.yml,
3,C:\Coding\AI\Dataset\!masks_for_training\3,efficientnet,EfficientNet,ok,after_crop_dirty_prob_mean,0.652885,float,projekt-base,C:\Coding\AI\projekt\conda_envs\base.yml,
3,C:\Coding\AI\Dataset\!masks_for_training\3,efficientnet,EfficientNet,ok,before_crop_dirty_prob_max,0.618448,float,projekt-base,C:\Coding\AI\projekt\conda_envs\base.yml,
3,C:\Coding\AI\Dataset\!masks_for_training\3,efficientnet,EfficientNet,ok,after_crop_dirty_prob_max,0.693976,float,projekt-base,C:\Coding\AI\projekt\conda_envs\base.yml,
3,C:\Coding\AI\Dataset\!masks_for_training\3,efficientnet,EfficientNet,ok,before_crop_support_ratio,1,float,projekt-base,C:\Coding\AI\projekt\conda_envs\base.yml,
3,C:\Coding\AI\Dataset\!masks_for_training\3,efficientnet,EfficientNet,ok,after_crop_support_ratio,1,float,projekt-base,C:\Coding\AI\projekt\conda_envs\base.yml,
3,C:\Coding\AI\Dataset\!masks_for_training\3,efficientnet,EfficientNet,ok,before_dirty_prob,0.606124,float,projekt-base,C:\Coding\AI\projekt\conda_envs\base.yml,
3,C:\Coding\AI\Dataset\!masks_for_training\3,efficientnet,EfficientNet,ok,after_dirty_prob,0.682471,float,projekt-base,C:\Coding\AI\projekt\conda_envs\base.yml,
3,C:\Coding\AI\Dataset\!masks_for_training\3,efficientnet,EfficientNet,ok,before_clean_prob,0.393876,float,projekt-base,C:\Coding\AI\projekt\conda_envs\base.yml,
3,C:\Coding\AI\Dataset\!masks_for_training\3,efficientnet,EfficientNet,ok,after_clean_prob,0.317529,float,projekt-base,C:\Coding\AI\projekt\conda_envs\base.yml,
3,C:\Coding\AI\Dataset\!masks_for_training\3,efficientnet,EfficientNet,ok,cleanup_delta,-0.076347,float,projekt-base,C:\Coding\AI\projekt\conda_envs\base.yml,
3,C:\Coding\AI\Dataset\!masks_for_training\3,efficientnet,EfficientNet,ok,cleanup_score,0,float,projekt-base,C:\Coding\AI\projekt\conda_envs\base.yml,
3,C:\Coding\AI\Dataset\!masks_for_training\3,efficientnet,EfficientNet,ok,dirty_prob_delta,0.076347,float,projekt-base,C:\Coding\AI\projekt\conda_envs\base.yml,
3,C:\Coding\AI\Dataset\!masks_for_training\3,efficientnet,EfficientNet,ok,dirty_prob_abs_delta,0.076347,float,projekt-base,C:\Coding\AI\projekt\conda_envs\base.yml,
3,C:\Coding\AI\Dataset\!masks_for_training\3,efficientnet,EfficientNet,ok,before_pred_label,dirty,str,projekt-base,C:\Coding\AI\projekt\conda_envs\base.yml,
3,C:\Coding\AI\Dataset\!masks_for_training\3,efficientnet,EfficientNet,ok,after_pred_label,dirty,str,projekt-base,C:\Coding\AI\projekt\conda_envs\base.yml,
3,C:\Coding\AI\Dataset\!masks_for_training\3,efficientnet,EfficientNet,ok,before_top1_label,dirty,str,projekt-base,C:\Coding\AI\projekt\conda_envs\base.yml,
3,C:\Coding\AI\Dataset\!masks_for_training\3,efficientnet,EfficientNet,ok,after_top1_label,dirty,str,projekt-base,C:\Coding\AI\projekt\conda_envs\base.yml,
3,C:\Coding\AI\Dataset\!masks_for_training\3,efficientnet,EfficientNet,ok,before_top1_prob,0.618448,float,projekt-base,C:\Coding\AI\projekt\conda_envs\base.yml,
3,C:\Coding\AI\Dataset\!masks_for_training\3,efficientnet,EfficientNet,ok,after_top1_prob,0.693976,float,projekt-base,C:\Coding\AI\projekt\conda_envs\base.yml,
3,C:\Coding\AI\Dataset\!masks_for_training\3,efficientnet,EfficientNet,ok,before_entropy_norm,0.980215,float,projekt-base,C:\Coding\AI\projekt\conda_envs\base.yml,
3,C:\Coding\AI\Dataset\!masks_for_training\3,efficientnet,EfficientNet,ok,after_entropy_norm,0.928839,float,projekt-base,C:\Coding\AI\projekt\conda_envs\base.yml,
3,C:\Coding\AI\Dataset\!masks_for_training\3,efficientnet,EfficientNet,ok,before_inference_ms,0,float,projekt-base,C:\Coding\AI\projekt\conda_envs\base.yml,
3,C:\Coding\AI\Dataset\!masks_for_training\3,efficientnet,EfficientNet,ok,after_inference_ms,0,float,projekt-base,C:\Coding\AI\projekt\conda_envs\base.yml,
3,C:\Coding\AI\Dataset\!masks_for_training\3,efficientnet,EfficientNet,ok,inference_ms_total,0,float,projekt-base,C:\Coding\AI\projekt\conda_envs\base.yml,
3,C:\Coding\AI\Dataset\!masks_for_training\3,sift_ransac,SIFT + RANSAC + difference map,error,,,,projekt-base,C:\Coding\AI\projekt\conda_envs\base.yml,"ValueError: operands could not be broadcast together with shapes (832,1253,1) (832,1253) "
3,C:\Coding\AI\Dataset\!masks_for_training\3,siamese_unet,Siamese U-Net,error,,,,projekt-base,C:\Coding\AI\projekt\conda_envs\base.yml,"ValueError: operands could not be broadcast together with shapes (832,1253,1) (832,1253) "
3,C:\Coding\AI\Dataset\!masks_for_training\3,yolov8_seg,YOLOv8-seg,ok,analysis_mode,yolov8_seg_pair,str,projekt-base,C:\Coding\AI\projekt\conda_envs\base.yml,
3,C:\Coding\AI\Dataset\!masks_for_training\3,yolov8_seg,YOLOv8-seg,ok,model_name,C:\Coding\AI\projekt\weights\yolov8m_trash_finetuned.pt,str,projekt-base,C:\Coding\AI\projekt\conda_envs\base.yml,
3,C:\Coding\AI\Dataset\!masks_for_training\3,yolov8_seg,YOLOv8-seg,ok,model_source,C:\Coding\AI\projekt\weights\yolov8m_seg_best_new+fine-tune.pt,str,projekt-base,C:\Coding\AI\projekt\conda_envs\base.yml,
3,C:\Coding\AI\Dataset\!masks_for_training\3,yolov8_seg,YOLOv8-seg,ok,device_requested,auto,str,projekt-base,C:\Coding\AI\projekt\conda_envs\base.yml,
3,C:\Coding\AI\Dataset\!masks_for_training\3,yolov8_seg,YOLOv8-seg,ok,device_used,cuda,str,projekt-base,C:\Coding\AI\projekt\conda_envs\base.yml,
3,C:\Coding\AI\Dataset\!masks_for_training\3,yolov8_seg,YOLOv8-seg,ok,force_cpu,False,bool,projekt-base,C:\Coding\AI\projekt\conda_envs\base.yml,
3,C:\Coding\AI\Dataset\!masks_for_training\3,yolov8_seg,YOLOv8-seg,ok,cuda_available,True,bool,projekt-base,C:\Coding\AI\projekt\conda_envs\base.yml,
3,C:\Coding\AI\Dataset\!masks_for_training\3,yolov8_seg,YOLOv8-seg,ok,image_size,1536,int,projekt-base,C:\Coding\AI\projekt\conda_envs\base.yml,
3,C:\Coding\AI\Dataset\!masks_for_training\3,yolov8_seg,YOLOv8-seg,ok,confidence_threshold,0.35,float,projekt-base,C:\Coding\AI\projekt\conda_envs\base.yml,
3,C:\Coding\AI\Dataset\!masks_for_training\3,yolov8_seg,YOLOv8-seg,ok,iou_threshold,0.4,float,projekt-base,C:\Coding\AI\projekt\conda_envs\base.yml,
3,C:\Coding\AI\Dataset\!masks_for_training\3,yolov8_seg,YOLOv8-seg,ok,tile_inference_mode,auto,str,projekt-base,C:\Coding\AI\projekt\conda_envs\base.yml,
3,C:\Coding\AI\Dataset\!masks_for_training\3,yolov8_seg,YOLOv8-seg,ok,tile_size,640,int,projekt-base,C:\Coding\AI\projekt\conda_envs\base.yml,
3,C:\Coding\AI\Dataset\!masks_for_training\3,yolov8_seg,YOLOv8-seg,ok,tile_overlap_ratio,0.5,float,projekt-base,C:\Coding\AI\projekt\conda_envs\base.yml,
3,C:\Coding\AI\Dataset\!masks_for_training\3,yolov8_seg,YOLOv8-seg,ok,before_tile_count,6,int,projekt-base,C:\Coding\AI\projekt\conda_envs\base.yml,
3,C:\Coding\AI\Dataset\!masks_for_training\3,yolov8_seg,YOLOv8-seg,ok,after_tile_count,6,int,projekt-base,C:\Coding\AI\projekt\conda_envs\base.yml,
3,C:\Coding\AI\Dataset\!masks_for_training\3,yolov8_seg,YOLOv8-seg,ok,selected_class_count,0,int,projekt-base,C:\Coding\AI\projekt\conda_envs\base.yml,
3,C:\Coding\AI\Dataset\!masks_for_training\3,yolov8_seg,YOLOv8-seg,ok,selected_class_ids,[],list,projekt-base,C:\Coding\AI\projekt\conda_envs\base.yml,
3,C:\Coding\AI\Dataset\!masks_for_training\3,yolov8_seg,YOLOv8-seg,ok,taco_dataset_root,C:\Coding\AI\projekt\datasets\TACO,str,projekt-base,C:\Coding\AI\projekt\conda_envs\base.yml,
3,C:\Coding\AI\Dataset\!masks_for_training\3,yolov8_seg,YOLOv8-seg,ok,taco_annotations_path,C:\Coding\AI\projekt\datasets\TACO\data\annotations.json,str,projekt-base,C:\Coding\AI\projekt\conda_envs\base.yml,
3,C:\Coding\AI\Dataset\!masks_for_training\3,yolov8_seg,YOLOv8-seg,ok,taco_export_root,C:\Coding\AI\projekt\datasets\TACO\yolo_seg,str,projekt-base,C:\Coding\AI\projekt\conda_envs\base.yml,
3,C:\Coding\AI\Dataset\!masks_for_training\3,yolov8_seg,YOLOv8-seg,ok,taco_data_yaml,C:\Coding\AI\projekt\datasets\TACO\yolo_seg\data.yaml,str,projekt-base,C:\Coding\AI\projekt\conda_envs\base.yml,
3,C:\Coding\AI\Dataset\!masks_for_training\3,yolov8_seg,YOLOv8-seg,ok,taco_source_images,1500,int,projekt-base,C:\Coding\AI\projekt\conda_envs\base.yml,
3,C:\Coding\AI\Dataset\!masks_for_training\3,yolov8_seg,YOLOv8-seg,ok,taco_exported_images,1500,int,projekt-base,C:\Coding\AI\projekt\conda_envs\base.yml,
3,C:\Coding\AI\Dataset\!masks_for_training\3,yolov8_seg,YOLOv8-seg,ok,taco_exported_labels,1500,int,projekt-base,C:\Coding\AI\projekt\conda_envs\base.yml,
3,C:\Coding\AI\Dataset\!masks_for_training\3,yolov8_seg,YOLOv8-seg,ok,taco_skipped_missing_images,0,int,projekt-base,C:\Coding\AI\projekt\conda_envs\base.yml,
3,C:\Coding\AI\Dataset\!masks_for_training\3,yolov8_seg,YOLOv8-seg,ok,taco_skipped_invalid_polygons,0,int,projekt-base,C:\Coding\AI\projekt\conda_envs\base.yml,
3,C:\Coding\AI\Dataset\!masks_for_training\3,yolov8_seg,YOLOv8-seg,ok,before_instance_count,16,int,projekt-base,C:\Coding\AI\projekt\conda_envs\base.yml,
3,C:\Coding\AI\Dataset\!masks_for_training\3,yolov8_seg,YOLOv8-seg,ok,after_instance_count,10,int,projekt-base,C:\Coding\AI\projekt\conda_envs\base.yml,
3,C:\Coding\AI\Dataset\!masks_for_training\3,yolov8_seg,YOLOv8-seg,ok,instance_count_total,26,int,projekt-base,C:\Coding\AI\projekt\conda_envs\base.yml,
3,C:\Coding\AI\Dataset\!masks_for_training\3,yolov8_seg,YOLOv8-seg,ok,before_mask_area_px,223626,int,projekt-base,C:\Coding\AI\projekt\conda_envs\base.yml,
3,C:\Coding\AI\Dataset\!masks_for_training\3,yolov8_seg,YOLOv8-seg,ok,after_mask_area_px,4006,int,projekt-base,C:\Coding\AI\projekt\conda_envs\base.yml,
3,C:\Coding\AI\Dataset\!masks_for_training\3,yolov8_seg,YOLOv8-seg,ok,before_mask_area_ratio,0.21451,float,projekt-base,C:\Coding\AI\projekt\conda_envs\base.yml,
3,C:\Coding\AI\Dataset\!masks_for_training\3,yolov8_seg,YOLOv8-seg,ok,after_mask_area_ratio,0.003843,float,projekt-base,C:\Coding\AI\projekt\conda_envs\base.yml,
3,C:\Coding\AI\Dataset\!masks_for_training\3,yolov8_seg,YOLOv8-seg,ok,mask_area_delta_px,-219620,int,projekt-base,C:\Coding\AI\projekt\conda_envs\base.yml,
3,C:\Coding\AI\Dataset\!masks_for_training\3,yolov8_seg,YOLOv8-seg,ok,mask_area_delta_ratio,-0.210667,float,projekt-base,C:\Coding\AI\projekt\conda_envs\base.yml,
3,C:\Coding\AI\Dataset\!masks_for_training\3,yolov8_seg,YOLOv8-seg,ok,before_bbox_area_px,573039,int,projekt-base,C:\Coding\AI\projekt\conda_envs\base.yml,
3,C:\Coding\AI\Dataset\!masks_for_training\3,yolov8_seg,YOLOv8-seg,ok,after_bbox_area_px,10138,int,projekt-base,C:\Coding\AI\projekt\conda_envs\base.yml,
3,C:\Coding\AI\Dataset\!masks_for_training\3,yolov8_seg,YOLOv8-seg,ok,before_mean_confidence,0.702779,float,projekt-base,C:\Coding\AI\projekt\conda_envs\base.yml,
3,C:\Coding\AI\Dataset\!masks_for_training\3,yolov8_seg,YOLOv8-seg,ok,after_mean_confidence,0.51992,float,projekt-base,C:\Coding\AI\projekt\conda_envs\base.yml,
3,C:\Coding\AI\Dataset\!masks_for_training\3,yolov8_seg,YOLOv8-seg,ok,before_inference_ms,189.571,float,projekt-base,C:\Coding\AI\projekt\conda_envs\base.yml,
3,C:\Coding\AI\Dataset\!masks_for_training\3,yolov8_seg,YOLOv8-seg,ok,after_inference_ms,146.145,float,projekt-base,C:\Coding\AI\projekt\conda_envs\base.yml,
3,C:\Coding\AI\Dataset\!masks_for_training\3,yolov8_seg,YOLOv8-seg,ok,inference_ms_total,335.716,float,projekt-base,C:\Coding\AI\projekt\conda_envs\base.yml,
30,C:\Coding\AI\Dataset\!masks_for_training\30,changeformer,ChangeFormer,error,,,,projekt-base,C:\Coding\AI\projekt\conda_envs\base.yml,"ValueError: operands could not be broadcast together with shapes (4032,3024,1) (4032,3024) "
30,C:\Coding\AI\Dataset\!masks_for_training\30,efficientnet,EfficientNet,ok,analysis_mode,efficientnet_cls_pair,str,projekt-base,C:\Coding\AI\projekt\conda_envs\base.yml,
30,C:\Coding\AI\Dataset\!masks_for_training\30,efficientnet,EfficientNet,ok,inference_mode,heuristic_fallback,str,projekt-base,C:\Coding\AI\projekt\conda_envs\base.yml,
30,C:\Coding\AI\Dataset\!masks_for_training\30,efficientnet,EfficientNet,ok,model_name,efficientnet_b0,str,projekt-base,C:\Coding\AI\projekt\conda_envs\base.yml,
30,C:\Coding\AI\Dataset\!masks_for_training\30,efficientnet,EfficientNet,ok,model_source,None,str,projekt-base,C:\Coding\AI\projekt\conda_envs\base.yml,
30,C:\Coding\AI\Dataset\!masks_for_training\30,efficientnet,EfficientNet,ok,weights_path,C:\Coding\AI\projekt\weights\efficientnet_best.pt,str,projekt-base,C:\Coding\AI\projekt\conda_envs\base.yml,
30,C:\Coding\AI\Dataset\!masks_for_training\30,efficientnet,EfficientNet,ok,device_requested,auto,str,projekt-base,C:\Coding\AI\projekt\conda_envs\base.yml,
30,C:\Coding\AI\Dataset\!masks_for_training\30,efficientnet,EfficientNet,ok,device_used,cpu,str,projekt-base,C:\Coding\AI\projekt\conda_envs\base.yml,
30,C:\Coding\AI\Dataset\!masks_for_training\30,efficientnet,EfficientNet,ok,force_cpu,False,bool,projekt-base,C:\Coding\AI\projekt\conda_envs\base.yml,
30,C:\Coding\AI\Dataset\!masks_for_training\30,efficientnet,EfficientNet,ok,cuda_available,True,bool,projekt-base,C:\Coding\AI\projekt\conda_envs\base.yml,
30,C:\Coding\AI\Dataset\!masks_for_training\30,efficientnet,EfficientNet,ok,input_size,224,int,projekt-base,C:\Coding\AI\projekt\conda_envs\base.yml,
30,C:\Coding\AI\Dataset\!masks_for_training\30,efficientnet,EfficientNet,ok,dirty_threshold,0.42,float,projekt-base,C:\Coding\AI\projekt\conda_envs\base.yml,
30,C:\Coding\AI\Dataset\!masks_for_training\30,efficientnet,EfficientNet,ok,dirty_keyword_classes,2,int,projekt-base,C:\Coding\AI\projekt\conda_envs\base.yml,
30,C:\Coding\AI\Dataset\!masks_for_training\30,efficientnet,EfficientNet,ok,before_crop_count,6,int,projekt-base,C:\Coding\AI\projekt\conda_envs\base.yml,
30,C:\Coding\AI\Dataset\!masks_for_training\30,efficientnet,EfficientNet,ok,after_crop_count,6,int,projekt-base,C:\Coding\AI\projekt\conda_envs\base.yml,
30,C:\Coding\AI\Dataset\!masks_for_training\30,efficientnet,EfficientNet,ok,before_crop_dirty_prob_mean,0.62618,float,projekt-base,C:\Coding\AI\projekt\conda_envs\base.yml,
30,C:\Coding\AI\Dataset\!masks_for_training\30,efficientnet,EfficientNet,ok,after_crop_dirty_prob_mean,0.614612,float,projekt-base,C:\Coding\AI\projekt\conda_envs\base.yml,
30,C:\Coding\AI\Dataset\!masks_for_training\30,efficientnet,EfficientNet,ok,before_crop_dirty_prob_max,0.654303,float,projekt-base,C:\Coding\AI\projekt\conda_envs\base.yml,
30,C:\Coding\AI\Dataset\!masks_for_training\30,efficientnet,EfficientNet,ok,after_crop_dirty_prob_max,0.646684,float,projekt-base,C:\Coding\AI\projekt\conda_envs\base.yml,
30,C:\Coding\AI\Dataset\!masks_for_training\30,efficientnet,EfficientNet,ok,before_crop_support_ratio,1,float,projekt-base,C:\Coding\AI\projekt\conda_envs\base.yml,
30,C:\Coding\AI\Dataset\!masks_for_training\30,efficientnet,EfficientNet,ok,after_crop_support_ratio,1,float,projekt-base,C:\Coding\AI\projekt\conda_envs\base.yml,
30,C:\Coding\AI\Dataset\!masks_for_training\30,efficientnet,EfficientNet,ok,before_dirty_prob,0.646429,float,projekt-base,C:\Coding\AI\projekt\conda_envs\base.yml,
30,C:\Coding\AI\Dataset\!masks_for_training\30,efficientnet,EfficientNet,ok,after_dirty_prob,0.637704,float,projekt-base,C:\Coding\AI\projekt\conda_envs\base.yml,
30,C:\Coding\AI\Dataset\!masks_for_training\30,efficientnet,EfficientNet,ok,before_clean_prob,0.353571,float,projekt-base,C:\Coding\AI\projekt\conda_envs\base.yml,
30,C:\Coding\AI\Dataset\!masks_for_training\30,efficientnet,EfficientNet,ok,after_clean_prob,0.362296,float,projekt-base,C:\Coding\AI\projekt\conda_envs\base.yml,
30,C:\Coding\AI\Dataset\!masks_for_training\30,efficientnet,EfficientNet,ok,cleanup_delta,0.008725,float,projekt-base,C:\Coding\AI\projekt\conda_envs\base.yml,
30,C:\Coding\AI\Dataset\!masks_for_training\30,efficientnet,EfficientNet,ok,cleanup_score,0.008725,float,projekt-base,C:\Coding\AI\projekt\conda_envs\base.yml,
30,C:\Coding\AI\Dataset\!masks_for_training\30,efficientnet,EfficientNet,ok,dirty_prob_delta,-0.008725,float,projekt-base,C:\Coding\AI\projekt\conda_envs\base.yml,
30,C:\Coding\AI\Dataset\!masks_for_training\30,efficientnet,EfficientNet,ok,dirty_prob_abs_delta,0.008725,float,projekt-base,C:\Coding\AI\projekt\conda_envs\base.yml,
30,C:\Coding\AI\Dataset\!masks_for_training\30,efficientnet,EfficientNet,ok,before_pred_label,dirty,str,projekt-base,C:\Coding\AI\projekt\conda_envs\base.yml,
30,C:\Coding\AI\Dataset\!masks_for_training\30,efficientnet,EfficientNet,ok,after_pred_label,dirty,str,projekt-base,C:\Coding\AI\projekt\conda_envs\base.yml,
30,C:\Coding\AI\Dataset\!masks_for_training\30,efficientnet,EfficientNet,ok,before_top1_label,dirty,str,projekt-base,C:\Coding\AI\projekt\conda_envs\base.yml,
30,C:\Coding\AI\Dataset\!masks_for_training\30,efficientnet,EfficientNet,ok,after_top1_label,dirty,str,projekt-base,C:\Coding\AI\projekt\conda_envs\base.yml,
30,C:\Coding\AI\Dataset\!masks_for_training\30,efficientnet,EfficientNet,ok,before_top1_prob,0.654303,float,projekt-base,C:\Coding\AI\projekt\conda_envs\base.yml,
30,C:\Coding\AI\Dataset\!masks_for_training\30,efficientnet,EfficientNet,ok,after_top1_prob,0.646684,float,projekt-base,C:\Coding\AI\projekt\conda_envs\base.yml,
30,C:\Coding\AI\Dataset\!masks_for_training\30,efficientnet,EfficientNet,ok,before_entropy_norm,0.952342,float,projekt-base,C:\Coding\AI\projekt\conda_envs\base.yml,
30,C:\Coding\AI\Dataset\!masks_for_training\30,efficientnet,EfficientNet,ok,after_entropy_norm,0.959929,float,projekt-base,C:\Coding\AI\projekt\conda_envs\base.yml,
30,C:\Coding\AI\Dataset\!masks_for_training\30,efficientnet,EfficientNet,ok,before_inference_ms,0,float,projekt-base,C:\Coding\AI\projekt\conda_envs\base.yml,
30,C:\Coding\AI\Dataset\!masks_for_training\30,efficientnet,EfficientNet,ok,after_inference_ms,0,float,projekt-base,C:\Coding\AI\projekt\conda_envs\base.yml,
30,C:\Coding\AI\Dataset\!masks_for_training\30,efficientnet,EfficientNet,ok,inference_ms_total,0,float,projekt-base,C:\Coding\AI\projekt\conda_envs\base.yml,
30,C:\Coding\AI\Dataset\!masks_for_training\30,sift_ransac,SIFT + RANSAC + difference map,error,,,,projekt-base,C:\Coding\AI\projekt\conda_envs\base.yml,"ValueError: operands could not be broadcast together with shapes (4032,3024,1) (4032,3024) "
30,C:\Coding\AI\Dataset\!masks_for_training\30,siamese_unet,Siamese U-Net,error,,,,projekt-base,C:\Coding\AI\projekt\conda_envs\base.yml,"ValueError: operands could not be broadcast together with shapes (4032,3024,1) (4032,3024) "
30,C:\Coding\AI\Dataset\!masks_for_training\30,yolov8_seg,YOLOv8-seg,ok,analysis_mode,yolov8_seg_pair,str,projekt-base,C:\Coding\AI\projekt\conda_envs\base.yml,
30,C:\Coding\AI\Dataset\!masks_for_training\30,yolov8_seg,YOLOv8-seg,ok,model_name,C:\Coding\AI\projekt\weights\yolov8m_trash_finetuned.pt,str,projekt-base,C:\Coding\AI\projekt\conda_envs\base.yml,
30,C:\Coding\AI\Dataset\!masks_for_training\30,yolov8_seg,YOLOv8-seg,ok,model_source,C:\Coding\AI\projekt\weights\yolov8m_seg_best_new+fine-tune.pt,str,projekt-base,C:\Coding\AI\projekt\conda_envs\base.yml,
30,C:\Coding\AI\Dataset\!masks_for_training\30,yolov8_seg,YOLOv8-seg,ok,device_requested,auto,str,projekt-base,C:\Coding\AI\projekt\conda_envs\base.yml,
30,C:\Coding\AI\Dataset\!masks_for_training\30,yolov8_seg,YOLOv8-seg,ok,device_used,cuda,str,projekt-base,C:\Coding\AI\projekt\conda_envs\base.yml,
30,C:\Coding\AI\Dataset\!masks_for_training\30,yolov8_seg,YOLOv8-seg,ok,force_cpu,False,bool,projekt-base,C:\Coding\AI\projekt\conda_envs\base.yml,
30,C:\Coding\AI\Dataset\!masks_for_training\30,yolov8_seg,YOLOv8-seg,ok,cuda_available,True,bool,projekt-base,C:\Coding\AI\projekt\conda_envs\base.yml,
30,C:\Coding\AI\Dataset\!masks_for_training\30,yolov8_seg,YOLOv8-seg,ok,image_size,1536,int,projekt-base,C:\Coding\AI\projekt\conda_envs\base.yml,
30,C:\Coding\AI\Dataset\!masks_for_training\30,yolov8_seg,YOLOv8-seg,ok,confidence_threshold,0.35,float,projekt-base,C:\Coding\AI\projekt\conda_envs\base.yml,
30,C:\Coding\AI\Dataset\!masks_for_training\30,yolov8_seg,YOLOv8-seg,ok,iou_threshold,0.4,float,projekt-base,C:\Coding\AI\projekt\conda_envs\base.yml,
30,C:\Coding\AI\Dataset\!masks_for_training\30,yolov8_seg,YOLOv8-seg,ok,tile_inference_mode,auto,str,projekt-base,C:\Coding\AI\projekt\conda_envs\base.yml,
30,C:\Coding\AI\Dataset\!masks_for_training\30,yolov8_seg,YOLOv8-seg,ok,tile_size,640,int,projekt-base,C:\Coding\AI\projekt\conda_envs\base.yml,
30,C:\Coding\AI\Dataset\!masks_for_training\30,yolov8_seg,YOLOv8-seg,ok,tile_overlap_ratio,0.5,float,projekt-base,C:\Coding\AI\projekt\conda_envs\base.yml,
30,C:\Coding\AI\Dataset\!masks_for_training\30,yolov8_seg,YOLOv8-seg,ok,before_tile_count,108,int,projekt-base,C:\Coding\AI\projekt\conda_envs\base.yml,
30,C:\Coding\AI\Dataset\!masks_for_training\30,yolov8_seg,YOLOv8-seg,ok,after_tile_count,108,int,projekt-base,C:\Coding\AI\projekt\conda_envs\base.yml,
30,C:\Coding\AI\Dataset\!masks_for_training\30,yolov8_seg,YOLOv8-seg,ok,selected_class_count,0,int,projekt-base,C:\Coding\AI\projekt\conda_envs\base.yml,
30,C:\Coding\AI\Dataset\!masks_for_training\30,yolov8_seg,YOLOv8-seg,ok,selected_class_ids,[],list,projekt-base,C:\Coding\AI\projekt\conda_envs\base.yml,
30,C:\Coding\AI\Dataset\!masks_for_training\30,yolov8_seg,YOLOv8-seg,ok,taco_dataset_root,C:\Coding\AI\projekt\datasets\TACO,str,projekt-base,C:\Coding\AI\projekt\conda_envs\base.yml,
30,C:\Coding\AI\Dataset\!masks_for_training\30,yolov8_seg,YOLOv8-seg,ok,taco_annotations_path,C:\Coding\AI\projekt\datasets\TACO\data\annotations.json,str,projekt-base,C:\Coding\AI\projekt\conda_envs\base.yml,
30,C:\Coding\AI\Dataset\!masks_for_training\30,yolov8_seg,YOLOv8-seg,ok,taco_export_root,C:\Coding\AI\projekt\datasets\TACO\yolo_seg,str,projekt-base,C:\Coding\AI\projekt\conda_envs\base.yml,
30,C:\Coding\AI\Dataset\!masks_for_training\30,yolov8_seg,YOLOv8-seg,ok,taco_data_yaml,C:\Coding\AI\projekt\datasets\TACO\yolo_seg\data.yaml,str,projekt-base,C:\Coding\AI\projekt\conda_envs\base.yml,
30,C:\Coding\AI\Dataset\!masks_for_training\30,yolov8_seg,YOLOv8-seg,ok,taco_source_images,1500,int,projekt-base,C:\Coding\AI\projekt\conda_envs\base.yml,
30,C:\Coding\AI\Dataset\!masks_for_training\30,yolov8_seg,YOLOv8-seg,ok,taco_exported_images,1500,int,projekt-base,C:\Coding\AI\projekt\conda_envs\base.yml,
30,C:\Coding\AI\Dataset\!masks_for_training\30,yolov8_seg,YOLOv8-seg,ok,taco_exported_labels,1500,int,projekt-base,C:\Coding\AI\projekt\conda_envs\base.yml,
30,C:\Coding\AI\Dataset\!masks_for_training\30,yolov8_seg,YOLOv8-seg,ok,taco_skipped_missing_images,0,int,projekt-base,C:\Coding\AI\projekt\conda_envs\base.yml,
30,C:\Coding\AI\Dataset\!masks_for_training\30,yolov8_seg,YOLOv8-seg,ok,taco_skipped_invalid_polygons,0,int,projekt-base,C:\Coding\AI\projekt\conda_envs\base.yml,
30,C:\Coding\AI\Dataset\!masks_for_training\30,yolov8_seg,YOLOv8-seg,ok,before_instance_count,24,int,projekt-base,C:\Coding\AI\projekt\conda_envs\base.yml,
30,C:\Coding\AI\Dataset\!masks_for_training\30,yolov8_seg,YOLOv8-seg,ok,after_instance_count,20,int,projekt-base,C:\Coding\AI\projekt\conda_envs\base.yml,
30,C:\Coding\AI\Dataset\!masks_for_training\30,yolov8_seg,YOLOv8-seg,ok,instance_count_total,44,int,projekt-base,C:\Coding\AI\projekt\conda_envs\base.yml,
30,C:\Coding\AI\Dataset\!masks_for_training\30,yolov8_seg,YOLOv8-seg,ok,before_mask_area_px,76025,int,projekt-base,C:\Coding\AI\projekt\conda_envs\base.yml,
30,C:\Coding\AI\Dataset\!masks_for_training\30,yolov8_seg,YOLOv8-seg,ok,after_mask_area_px,91708,int,projekt-base,C:\Coding\AI\projekt\conda_envs\base.yml,
30,C:\Coding\AI\Dataset\!masks_for_training\30,yolov8_seg,YOLOv8-seg,ok,before_mask_area_ratio,0.006235,float,projekt-base,C:\Coding\AI\projekt\conda_envs\base.yml,
30,C:\Coding\AI\Dataset\!masks_for_training\30,yolov8_seg,YOLOv8-seg,ok,after_mask_area_ratio,0.007522,float,projekt-base,C:\Coding\AI\projekt\conda_envs\base.yml,
30,C:\Coding\AI\Dataset\!masks_for_training\30,yolov8_seg,YOLOv8-seg,ok,mask_area_delta_px,15683,int,projekt-base,C:\Coding\AI\projekt\conda_envs\base.yml,
30,C:\Coding\AI\Dataset\!masks_for_training\30,yolov8_seg,YOLOv8-seg,ok,mask_area_delta_ratio,0.001286,float,projekt-base,C:\Coding\AI\projekt\conda_envs\base.yml,
30,C:\Coding\AI\Dataset\!masks_for_training\30,yolov8_seg,YOLOv8-seg,ok,before_bbox_area_px,124732,int,projekt-base,C:\Coding\AI\projekt\conda_envs\base.yml,
30,C:\Coding\AI\Dataset\!masks_for_training\30,yolov8_seg,YOLOv8-seg,ok,after_bbox_area_px,263224,int,projekt-base,C:\Coding\AI\projekt\conda_envs\base.yml,
30,C:\Coding\AI\Dataset\!masks_for_training\30,yolov8_seg,YOLOv8-seg,ok,before_mean_confidence,0.528355,float,projekt-base,C:\Coding\AI\projekt\conda_envs\base.yml,
30,C:\Coding\AI\Dataset\!masks_for_training\30,yolov8_seg,YOLOv8-seg,ok,after_mean_confidence,0.546853,float,projekt-base,C:\Coding\AI\projekt\conda_envs\base.yml,
30,C:\Coding\AI\Dataset\!masks_for_training\30,yolov8_seg,YOLOv8-seg,ok,before_inference_ms,3566.55,float,projekt-base,C:\Coding\AI\projekt\conda_envs\base.yml,
30,C:\Coding\AI\Dataset\!masks_for_training\30,yolov8_seg,YOLOv8-seg,ok,after_inference_ms,3158.51,float,projekt-base,C:\Coding\AI\projekt\conda_envs\base.yml,
30,C:\Coding\AI\Dataset\!masks_for_training\30,yolov8_seg,YOLOv8-seg,ok,inference_ms_total,6725.06,float,projekt-base,C:\Coding\AI\projekt\conda_envs\base.yml,
31,C:\Coding\AI\Dataset\!masks_for_training\31,changeformer,ChangeFormer,error,,,,projekt-base,C:\Coding\AI\projekt\conda_envs\base.yml,"ValueError: operands could not be broadcast together with shapes (4032,3024,1) (4032,3024) "
31,C:\Coding\AI\Dataset\!masks_for_training\31,efficientnet,EfficientNet,ok,analysis_mode,efficientnet_cls_pair,str,projekt-base,C:\Coding\AI\projekt\conda_envs\base.yml,
31,C:\Coding\AI\Dataset\!masks_for_training\31,efficientnet,EfficientNet,ok,inference_mode,heuristic_fallback,str,projekt-base,C:\Coding\AI\projekt\conda_envs\base.yml,
31,C:\Coding\AI\Dataset\!masks_for_training\31,efficientnet,EfficientNet,ok,model_name,efficientnet_b0,str,projekt-base,C:\Coding\AI\projekt\conda_envs\base.yml,
31,C:\Coding\AI\Dataset\!masks_for_training\31,efficientnet,EfficientNet,ok,model_source,None,str,projekt-base,C:\Coding\AI\projekt\conda_envs\base.yml,
31,C:\Coding\AI\Dataset\!masks_for_training\31,efficientnet,EfficientNet,ok,weights_path,C:\Coding\AI\projekt\weights\efficientnet_best.pt,str,projekt-base,C:\Coding\AI\projekt\conda_envs\base.yml,
31,C:\Coding\AI\Dataset\!masks_for_training\31,efficientnet,EfficientNet,ok,device_requested,auto,str,projekt-base,C:\Coding\AI\projekt\conda_envs\base.yml,
31,C:\Coding\AI\Dataset\!masks_for_training\31,efficientnet,EfficientNet,ok,device_used,cpu,str,projekt-base,C:\Coding\AI\projekt\conda_envs\base.yml,
31,C:\Coding\AI\Dataset\!masks_for_training\31,efficientnet,EfficientNet,ok,force_cpu,False,bool,projekt-base,C:\Coding\AI\projekt\conda_envs\base.yml,
31,C:\Coding\AI\Dataset\!masks_for_training\31,efficientnet,EfficientNet,ok,cuda_available,True,bool,projekt-base,C:\Coding\AI\projekt\conda_envs\base.yml,
31,C:\Coding\AI\Dataset\!masks_for_training\31,efficientnet,EfficientNet,ok,input_size,224,int,projekt-base,C:\Coding\AI\projekt\conda_envs\base.yml,
31,C:\Coding\AI\Dataset\!masks_for_training\31,efficientnet,EfficientNet,ok,dirty_threshold,0.42,float,projekt-base,C:\Coding\AI\projekt\conda_envs\base.yml,
31,C:\Coding\AI\Dataset\!masks_for_training\31,efficientnet,EfficientNet,ok,dirty_keyword_classes,2,int,projekt-base,C:\Coding\AI\projekt\conda_envs\base.yml,
31,C:\Coding\AI\Dataset\!masks_for_training\31,efficientnet,EfficientNet,ok,before_crop_count,6,int,projekt-base,C:\Coding\AI\projekt\conda_envs\base.yml,
31,C:\Coding\AI\Dataset\!masks_for_training\31,efficientnet,EfficientNet,ok,after_crop_count,6,int,projekt-base,C:\Coding\AI\projekt\conda_envs\base.yml,
31,C:\Coding\AI\Dataset\!masks_for_training\31,efficientnet,EfficientNet,ok,before_crop_dirty_prob_mean,0.369479,float,projekt-base,C:\Coding\AI\projekt\conda_envs\base.yml,
31,C:\Coding\AI\Dataset\!masks_for_training\31,efficientnet,EfficientNet,ok,after_crop_dirty_prob_mean,0.375767,float,projekt-base,C:\Coding\AI\projekt\conda_envs\base.yml,
31,C:\Coding\AI\Dataset\!masks_for_training\31,efficientnet,EfficientNet,ok,before_crop_dirty_prob_max,0.43316,float,projekt-base,C:\Coding\AI\projekt\conda_envs\base.yml,
31,C:\Coding\AI\Dataset\!masks_for_training\31,efficientnet,EfficientNet,ok,after_crop_dirty_prob_max,0.469979,float,projekt-base,C:\Coding\AI\projekt\conda_envs\base.yml,
31,C:\Coding\AI\Dataset\!masks_for_training\31,efficientnet,EfficientNet,ok,before_crop_support_ratio,0.166667,float,projekt-base,C:\Coding\AI\projekt\conda_envs\base.yml,
31,C:\Coding\AI\Dataset\!masks_for_training\31,efficientnet,EfficientNet,ok,after_crop_support_ratio,0.166667,float,projekt-base,C:\Coding\AI\projekt\conda_envs\base.yml,
31,C:\Coding\AI\Dataset\!masks_for_training\31,efficientnet,EfficientNet,ok,before_dirty_prob,0.415329,float,projekt-base,C:\Coding\AI\projekt\conda_envs\base.yml,
31,C:\Coding\AI\Dataset\!masks_for_training\31,efficientnet,EfficientNet,ok,after_dirty_prob,0.4436,float,projekt-base,C:\Coding\AI\projekt\conda_envs\base.yml,
31,C:\Coding\AI\Dataset\!masks_for_training\31,efficientnet,EfficientNet,ok,before_clean_prob,0.584671,float,projekt-base,C:\Coding\AI\projekt\conda_envs\base.yml,
31,C:\Coding\AI\Dataset\!masks_for_training\31,efficientnet,EfficientNet,ok,after_clean_prob,0.5564,float,projekt-base,C:\Coding\AI\projekt\conda_envs\base.yml,
31,C:\Coding\AI\Dataset\!masks_for_training\31,efficientnet,EfficientNet,ok,cleanup_delta,-0.028271,float,projekt-base,C:\Coding\AI\projekt\conda_envs\base.yml,
31,C:\Coding\AI\Dataset\!masks_for_training\31,efficientnet,EfficientNet,ok,cleanup_score,0,float,projekt-base,C:\Coding\AI\projekt\conda_envs\base.yml,
31,C:\Coding\AI\Dataset\!masks_for_training\31,efficientnet,EfficientNet,ok,dirty_prob_delta,0.028271,float,projekt-base,C:\Coding\AI\projekt\conda_envs\base.yml,
31,C:\Coding\AI\Dataset\!masks_for_training\31,efficientnet,EfficientNet,ok,dirty_prob_abs_delta,0.028271,float,projekt-base,C:\Coding\AI\projekt\conda_envs\base.yml,
31,C:\Coding\AI\Dataset\!masks_for_training\31,efficientnet,EfficientNet,ok,before_pred_label,clean,str,projekt-base,C:\Coding\AI\projekt\conda_envs\base.yml,
31,C:\Coding\AI\Dataset\!masks_for_training\31,efficientnet,EfficientNet,ok,after_pred_label,dirty,str,projekt-base,C:\Coding\AI\projekt\conda_envs\base.yml,
31,C:\Coding\AI\Dataset\!masks_for_training\31,efficientnet,EfficientNet,ok,before_top1_label,clean,str,projekt-base,C:\Coding\AI\projekt\conda_envs\base.yml,
31,C:\Coding\AI\Dataset\!masks_for_training\31,efficientnet,EfficientNet,ok,after_top1_label,clean,str,projekt-base,C:\Coding\AI\projekt\conda_envs\base.yml,
31,C:\Coding\AI\Dataset\!masks_for_training\31,efficientnet,EfficientNet,ok,before_top1_prob,0.662911,float,projekt-base,C:\Coding\AI\projekt\conda_envs\base.yml,
31,C:\Coding\AI\Dataset\!masks_for_training\31,efficientnet,EfficientNet,ok,after_top1_prob,0.670577,float,projekt-base,C:\Coding\AI\projekt\conda_envs\base.yml,
31,C:\Coding\AI\Dataset\!masks_for_training\31,efficientnet,EfficientNet,ok,before_entropy_norm,0.946799,float,projekt-base,C:\Coding\AI\projekt\conda_envs\base.yml,
31,C:\Coding\AI\Dataset\!masks_for_training\31,efficientnet,EfficientNet,ok,after_entropy_norm,0.947604,float,projekt-base,C:\Coding\AI\projekt\conda_envs\base.yml,
31,C:\Coding\AI\Dataset\!masks_for_training\31,efficientnet,EfficientNet,ok,before_inference_ms,0,float,projekt-base,C:\Coding\AI\projekt\conda_envs\base.yml,
31,C:\Coding\AI\Dataset\!masks_for_training\31,efficientnet,EfficientNet,ok,after_inference_ms,0,float,projekt-base,C:\Coding\AI\projekt\conda_envs\base.yml,
31,C:\Coding\AI\Dataset\!masks_for_training\31,efficientnet,EfficientNet,ok,inference_ms_total,0,float,projekt-base,C:\Coding\AI\projekt\conda_envs\base.yml,
31,C:\Coding\AI\Dataset\!masks_for_training\31,sift_ransac,SIFT + RANSAC + difference map,error,,,,projekt-base,C:\Coding\AI\projekt\conda_envs\base.yml,"ValueError: operands could not be broadcast together with shapes (4032,3024,1) (4032,3024) "
31,C:\Coding\AI\Dataset\!masks_for_training\31,siamese_unet,Siamese U-Net,error,,,,projekt-base,C:\Coding\AI\projekt\conda_envs\base.yml,"ValueError: operands could not be broadcast together with shapes (4032,3024,1) (4032,3024) "
31,C:\Coding\AI\Dataset\!masks_for_training\31,yolov8_seg,YOLOv8-seg,ok,analysis_mode,yolov8_seg_pair,str,projekt-base,C:\Coding\AI\projekt\conda_envs\base.yml,
31,C:\Coding\AI\Dataset\!masks_for_training\31,yolov8_seg,YOLOv8-seg,ok,model_name,C:\Coding\AI\projekt\weights\yolov8m_trash_finetuned.pt,str,projekt-base,C:\Coding\AI\projekt\conda_envs\base.yml,
31,C:\Coding\AI\Dataset\!masks_for_training\31,yolov8_seg,YOLOv8-seg,ok,model_source,C:\Coding\AI\projekt\weights\yolov8m_seg_best_new+fine-tune.pt,str,projekt-base,C:\Coding\AI\projekt\conda_envs\base.yml,
31,C:\Coding\AI\Dataset\!masks_for_training\31,yolov8_seg,YOLOv8-seg,ok,device_requested,auto,str,projekt-base,C:\Coding\AI\projekt\conda_envs\base.yml,
31,C:\Coding\AI\Dataset\!masks_for_training\31,yolov8_seg,YOLOv8-seg,ok,device_used,cuda,str,projekt-base,C:\Coding\AI\projekt\conda_envs\base.yml,
31,C:\Coding\AI\Dataset\!masks_for_training\31,yolov8_seg,YOLOv8-seg,ok,force_cpu,False,bool,projekt-base,C:\Coding\AI\projekt\conda_envs\base.yml,
31,C:\Coding\AI\Dataset\!masks_for_training\31,yolov8_seg,YOLOv8-seg,ok,cuda_available,True,bool,projekt-base,C:\Coding\AI\projekt\conda_envs\base.yml,
31,C:\Coding\AI\Dataset\!masks_for_training\31,yolov8_seg,YOLOv8-seg,ok,image_size,1536,int,projekt-base,C:\Coding\AI\projekt\conda_envs\base.yml,
31,C:\Coding\AI\Dataset\!masks_for_training\31,yolov8_seg,YOLOv8-seg,ok,confidence_threshold,0.35,float,projekt-base,C:\Coding\AI\projekt\conda_envs\base.yml,
31,C:\Coding\AI\Dataset\!masks_for_training\31,yolov8_seg,YOLOv8-seg,ok,iou_threshold,0.4,float,projekt-base,C:\Coding\AI\projekt\conda_envs\base.yml,
31,C:\Coding\AI\Dataset\!masks_for_training\31,yolov8_seg,YOLOv8-seg,ok,tile_inference_mode,auto,str,projekt-base,C:\Coding\AI\projekt\conda_envs\base.yml,
31,C:\Coding\AI\Dataset\!masks_for_training\31,yolov8_seg,YOLOv8-seg,ok,tile_size,640,int,projekt-base,C:\Coding\AI\projekt\conda_envs\base.yml,
31,C:\Coding\AI\Dataset\!masks_for_training\31,yolov8_seg,YOLOv8-seg,ok,tile_overlap_ratio,0.5,float,projekt-base,C:\Coding\AI\projekt\conda_envs\base.yml,
31,C:\Coding\AI\Dataset\!masks_for_training\31,yolov8_seg,YOLOv8-seg,ok,before_tile_count,108,int,projekt-base,C:\Coding\AI\projekt\conda_envs\base.yml,
31,C:\Coding\AI\Dataset\!masks_for_training\31,yolov8_seg,YOLOv8-seg,ok,after_tile_count,108,int,projekt-base,C:\Coding\AI\projekt\conda_envs\base.yml,
31,C:\Coding\AI\Dataset\!masks_for_training\31,yolov8_seg,YOLOv8-seg,ok,selected_class_count,0,int,projekt-base,C:\Coding\AI\projekt\conda_envs\base.yml,
31,C:\Coding\AI\Dataset\!masks_for_training\31,yolov8_seg,YOLOv8-seg,ok,selected_class_ids,[],list,projekt-base,C:\Coding\AI\projekt\conda_envs\base.yml,
31,C:\Coding\AI\Dataset\!masks_for_training\31,yolov8_seg,YOLOv8-seg,ok,taco_dataset_root,C:\Coding\AI\projekt\datasets\TACO,str,projekt-base,C:\Coding\AI\projekt\conda_envs\base.yml,
31,C:\Coding\AI\Dataset\!masks_for_training\31,yolov8_seg,YOLOv8-seg,ok,taco_annotations_path,C:\Coding\AI\projekt\datasets\TACO\data\annotations.json,str,projekt-base,C:\Coding\AI\projekt\conda_envs\base.yml,
31,C:\Coding\AI\Dataset\!masks_for_training\31,yolov8_seg,YOLOv8-seg,ok,taco_export_root,C:\Coding\AI\projekt\datasets\TACO\yolo_seg,str,projekt-base,C:\Coding\AI\projekt\conda_envs\base.yml,
31,C:\Coding\AI\Dataset\!masks_for_training\31,yolov8_seg,YOLOv8-seg,ok,taco_data_yaml,C:\Coding\AI\projekt\datasets\TACO\yolo_seg\data.yaml,str,projekt-base,C:\Coding\AI\projekt\conda_envs\base.yml,
31,C:\Coding\AI\Dataset\!masks_for_training\31,yolov8_seg,YOLOv8-seg,ok,taco_source_images,1500,int,projekt-base,C:\Coding\AI\projekt\conda_envs\base.yml,
31,C:\Coding\AI\Dataset\!masks_for_training\31,yolov8_seg,YOLOv8-seg,ok,taco_exported_images,1500,int,projekt-base,C:\Coding\AI\projekt\conda_envs\base.yml,
31,C:\Coding\AI\Dataset\!masks_for_training\31,yolov8_seg,YOLOv8-seg,ok,taco_exported_labels,1500,int,projekt-base,C:\Coding\AI\projekt\conda_envs\base.yml,
31,C:\Coding\AI\Dataset\!masks_for_training\31,yolov8_seg,YOLOv8-seg,ok,taco_skipped_missing_images,0,int,projekt-base,C:\Coding\AI\projekt\conda_envs\base.yml,
31,C:\Coding\AI\Dataset\!masks_for_training\31,yolov8_seg,YOLOv8-seg,ok,taco_skipped_invalid_polygons,0,int,projekt-base,C:\Coding\AI\projekt\conda_envs\base.yml,
31,C:\Coding\AI\Dataset\!masks_for_training\31,yolov8_seg,YOLOv8-seg,ok,before_instance_count,17,int,projekt-base,C:\Coding\AI\projekt\conda_envs\base.yml,
31,C:\Coding\AI\Dataset\!masks_for_training\31,yolov8_seg,YOLOv8-seg,ok,after_instance_count,28,int,projekt-base,C:\Coding\AI\projekt\conda_envs\base.yml,
31,C:\Coding\AI\Dataset\!masks_for_training\31,yolov8_seg,YOLOv8-seg,ok,instance_count_total,45,int,projekt-base,C:\Coding\AI\projekt\conda_envs\base.yml,
31,C:\Coding\AI\Dataset\!masks_for_training\31,yolov8_seg,YOLOv8-seg,ok,before_mask_area_px,84033,int,projekt-base,C:\Coding\AI\projekt\conda_envs\base.yml,
31,C:\Coding\AI\Dataset\!masks_for_training\31,yolov8_seg,YOLOv8-seg,ok,after_mask_area_px,18152,int,projekt-base,C:\Coding\AI\projekt\conda_envs\base.yml,
31,C:\Coding\AI\Dataset\!masks_for_training\31,yolov8_seg,YOLOv8-seg,ok,before_mask_area_ratio,0.006892,float,projekt-base,C:\Coding\AI\projekt\conda_envs\base.yml,
31,C:\Coding\AI\Dataset\!masks_for_training\31,yolov8_seg,YOLOv8-seg,ok,after_mask_area_ratio,0.001489,float,projekt-base,C:\Coding\AI\projekt\conda_envs\base.yml,
31,C:\Coding\AI\Dataset\!masks_for_training\31,yolov8_seg,YOLOv8-seg,ok,mask_area_delta_px,-65881,int,projekt-base,C:\Coding\AI\projekt\conda_envs\base.yml,
31,C:\Coding\AI\Dataset\!masks_for_training\31,yolov8_seg,YOLOv8-seg,ok,mask_area_delta_ratio,-0.005403,float,projekt-base,C:\Coding\AI\projekt\conda_envs\base.yml,
31,C:\Coding\AI\Dataset\!masks_for_training\31,yolov8_seg,YOLOv8-seg,ok,before_bbox_area_px,135550,int,projekt-base,C:\Coding\AI\projekt\conda_envs\base.yml,
31,C:\Coding\AI\Dataset\!masks_for_training\31,yolov8_seg,YOLOv8-seg,ok,after_bbox_area_px,24813,int,projekt-base,C:\Coding\AI\projekt\conda_envs\base.yml,
31,C:\Coding\AI\Dataset\!masks_for_training\31,yolov8_seg,YOLOv8-seg,ok,before_mean_confidence,0.543442,float,projekt-base,C:\Coding\AI\projekt\conda_envs\base.yml,
31,C:\Coding\AI\Dataset\!masks_for_training\31,yolov8_seg,YOLOv8-seg,ok,after_mean_confidence,0.489737,float,projekt-base,C:\Coding\AI\projekt\conda_envs\base.yml,
31,C:\Coding\AI\Dataset\!masks_for_training\31,yolov8_seg,YOLOv8-seg,ok,before_inference_ms,3215.03,float,projekt-base,C:\Coding\AI\projekt\conda_envs\base.yml,
31,C:\Coding\AI\Dataset\!masks_for_training\31,yolov8_seg,YOLOv8-seg,ok,after_inference_ms,3288.64,float,projekt-base,C:\Coding\AI\projekt\conda_envs\base.yml,
31,C:\Coding\AI\Dataset\!masks_for_training\31,yolov8_seg,YOLOv8-seg,ok,inference_ms_total,6503.67,float,projekt-base,C:\Coding\AI\projekt\conda_envs\base.yml,
32,C:\Coding\AI\Dataset\!masks_for_training\32,changeformer,ChangeFormer,error,,,,projekt-base,C:\Coding\AI\projekt\conda_envs\base.yml,"ValueError: operands could not be broadcast together with shapes (996,1736,1) (996,1736) "
32,C:\Coding\AI\Dataset\!masks_for_training\32,efficientnet,EfficientNet,ok,analysis_mode,efficientnet_cls_pair,str,projekt-base,C:\Coding\AI\projekt\conda_envs\base.yml,
32,C:\Coding\AI\Dataset\!masks_for_training\32,efficientnet,EfficientNet,ok,inference_mode,heuristic_fallback,str,projekt-base,C:\Coding\AI\projekt\conda_envs\base.yml,
32,C:\Coding\AI\Dataset\!masks_for_training\32,efficientnet,EfficientNet,ok,model_name,efficientnet_b0,str,projekt-base,C:\Coding\AI\projekt\conda_envs\base.yml,
32,C:\Coding\AI\Dataset\!masks_for_training\32,efficientnet,EfficientNet,ok,model_source,None,str,projekt-base,C:\Coding\AI\projekt\conda_envs\base.yml,
32,C:\Coding\AI\Dataset\!masks_for_training\32,efficientnet,EfficientNet,ok,weights_path,C:\Coding\AI\projekt\weights\efficientnet_best.pt,str,projekt-base,C:\Coding\AI\projekt\conda_envs\base.yml,
32,C:\Coding\AI\Dataset\!masks_for_training\32,efficientnet,EfficientNet,ok,device_requested,auto,str,projekt-base,C:\Coding\AI\projekt\conda_envs\base.yml,
32,C:\Coding\AI\Dataset\!masks_for_training\32,efficientnet,EfficientNet,ok,device_used,cpu,str,projekt-base,C:\Coding\AI\projekt\conda_envs\base.yml,
32,C:\Coding\AI\Dataset\!masks_for_training\32,efficientnet,EfficientNet,ok,force_cpu,False,bool,projekt-base,C:\Coding\AI\projekt\conda_envs\base.yml,
32,C:\Coding\AI\Dataset\!masks_for_training\32,efficientnet,EfficientNet,ok,cuda_available,True,bool,projekt-base,C:\Coding\AI\projekt\conda_envs\base.yml,
32,C:\Coding\AI\Dataset\!masks_for_training\32,efficientnet,EfficientNet,ok,input_size,224,int,projekt-base,C:\Coding\AI\projekt\conda_envs\base.yml,
32,C:\Coding\AI\Dataset\!masks_for_training\32,efficientnet,EfficientNet,ok,dirty_threshold,0.42,float,projekt-base,C:\Coding\AI\projekt\conda_envs\base.yml,
32,C:\Coding\AI\Dataset\!masks_for_training\32,efficientnet,EfficientNet,ok,dirty_keyword_classes,2,int,projekt-base,C:\Coding\AI\projekt\conda_envs\base.yml,
32,C:\Coding\AI\Dataset\!masks_for_training\32,efficientnet,EfficientNet,ok,before_crop_count,6,int,projekt-base,C:\Coding\AI\projekt\conda_envs\base.yml,
32,C:\Coding\AI\Dataset\!masks_for_training\32,efficientnet,EfficientNet,ok,after_crop_count,6,int,projekt-base,C:\Coding\AI\projekt\conda_envs\base.yml,
32,C:\Coding\AI\Dataset\!masks_for_training\32,efficientnet,EfficientNet,ok,before_crop_dirty_prob_mean,0.284317,float,projekt-base,C:\Coding\AI\projekt\conda_envs\base.yml,
32,C:\Coding\AI\Dataset\!masks_for_training\32,efficientnet,EfficientNet,ok,after_crop_dirty_prob_mean,0.271241,float,projekt-base,C:\Coding\AI\projekt\conda_envs\base.yml,
32,C:\Coding\AI\Dataset\!masks_for_training\32,efficientnet,EfficientNet,ok,before_crop_dirty_prob_max,0.343346,float,projekt-base,C:\Coding\AI\projekt\conda_envs\base.yml,
32,C:\Coding\AI\Dataset\!masks_for_training\32,efficientnet,EfficientNet,ok,after_crop_dirty_prob_max,0.283552,float,projekt-base,C:\Coding\AI\projekt\conda_envs\base.yml,
32,C:\Coding\AI\Dataset\!masks_for_training\32,efficientnet,EfficientNet,ok,before_crop_support_ratio,0,float,projekt-base,C:\Coding\AI\projekt\conda_envs\base.yml,
32,C:\Coding\AI\Dataset\!masks_for_training\32,efficientnet,EfficientNet,ok,after_crop_support_ratio,0,float,projekt-base,C:\Coding\AI\projekt\conda_envs\base.yml,
32,C:\Coding\AI\Dataset\!masks_for_training\32,efficientnet,EfficientNet,ok,before_dirty_prob,0.326818,float,projekt-base,C:\Coding\AI\projekt\conda_envs\base.yml,
32,C:\Coding\AI\Dataset\!masks_for_training\32,efficientnet,EfficientNet,ok,after_dirty_prob,0.280105,float,projekt-base,C:\Coding\AI\projekt\conda_envs\base.yml,
32,C:\Coding\AI\Dataset\!masks_for_training\32,efficientnet,EfficientNet,ok,before_clean_prob,0.673182,float,projekt-base,C:\Coding\AI\projekt\conda_envs\base.yml,
32,C:\Coding\AI\Dataset\!masks_for_training\32,efficientnet,EfficientNet,ok,after_clean_prob,0.719895,float,projekt-base,C:\Coding\AI\projekt\conda_envs\base.yml,
32,C:\Coding\AI\Dataset\!masks_for_training\32,efficientnet,EfficientNet,ok,cleanup_delta,0.046713,float,projekt-base,C:\Coding\AI\projekt\conda_envs\base.yml,
32,C:\Coding\AI\Dataset\!masks_for_training\32,efficientnet,EfficientNet,ok,cleanup_score,0.046713,float,projekt-base,C:\Coding\AI\projekt\conda_envs\base.yml,
32,C:\Coding\AI\Dataset\!masks_for_training\32,efficientnet,EfficientNet,ok,dirty_prob_delta,-0.046713,float,projekt-base,C:\Coding\AI\projekt\conda_envs\base.yml,
32,C:\Coding\AI\Dataset\!masks_for_training\32,efficientnet,EfficientNet,ok,dirty_prob_abs_delta,0.046713,float,projekt-base,C:\Coding\AI\projekt\conda_envs\base.yml,
32,C:\Coding\AI\Dataset\!masks_for_training\32,efficientnet,EfficientNet,ok,before_pred_label,clean,str,projekt-base,C:\Coding\AI\projekt\conda_envs\base.yml,
32,C:\Coding\AI\Dataset\!masks_for_training\32,efficientnet,EfficientNet,ok,after_pred_label,clean,str,projekt-base,C:\Coding\AI\projekt\conda_envs\base.yml,
32,C:\Coding\AI\Dataset\!masks_for_training\32,efficientnet,EfficientNet,ok,before_top1_label,clean,str,projekt-base,C:\Coding\AI\projekt\conda_envs\base.yml,
32,C:\Coding\AI\Dataset\!masks_for_training\32,efficientnet,EfficientNet,ok,after_top1_label,clean,str,projekt-base,C:\Coding\AI\projekt\conda_envs\base.yml,
32,C:\Coding\AI\Dataset\!masks_for_training\32,efficientnet,EfficientNet,ok,before_top1_prob,0.774663,float,projekt-base,C:\Coding\AI\projekt\conda_envs\base.yml,
32,C:\Coding\AI\Dataset\!masks_for_training\32,efficientnet,EfficientNet,ok,after_top1_prob,0.765864,float,projekt-base,C:\Coding\AI\projekt\conda_envs\base.yml,
32,C:\Coding\AI\Dataset\!masks_for_training\32,efficientnet,EfficientNet,ok,before_entropy_norm,0.856676,float,projekt-base,C:\Coding\AI\projekt\conda_envs\base.yml,
32,C:\Coding\AI\Dataset\!masks_for_training\32,efficientnet,EfficientNet,ok,after_entropy_norm,0.842159,float,projekt-base,C:\Coding\AI\projekt\conda_envs\base.yml,
32,C:\Coding\AI\Dataset\!masks_for_training\32,efficientnet,EfficientNet,ok,before_inference_ms,0,float,projekt-base,C:\Coding\AI\projekt\conda_envs\base.yml,
32,C:\Coding\AI\Dataset\!masks_for_training\32,efficientnet,EfficientNet,ok,after_inference_ms,0,float,projekt-base,C:\Coding\AI\projekt\conda_envs\base.yml,
32,C:\Coding\AI\Dataset\!masks_for_training\32,efficientnet,EfficientNet,ok,inference_ms_total,0,float,projekt-base,C:\Coding\AI\projekt\conda_envs\base.yml,
32,C:\Coding\AI\Dataset\!masks_for_training\32,sift_ransac,SIFT + RANSAC + difference map,error,,,,projekt-base,C:\Coding\AI\projekt\conda_envs\base.yml,"ValueError: operands could not be broadcast together with shapes (996,1736,1) (996,1736) "
32,C:\Coding\AI\Dataset\!masks_for_training\32,siamese_unet,Siamese U-Net,error,,,,projekt-base,C:\Coding\AI\projekt\conda_envs\base.yml,"ValueError: operands could not be broadcast together with shapes (996,1736,1) (996,1736) "
32,C:\Coding\AI\Dataset\!masks_for_training\32,yolov8_seg,YOLOv8-seg,ok,analysis_mode,yolov8_seg_pair,str,projekt-base,C:\Coding\AI\projekt\conda_envs\base.yml,
32,C:\Coding\AI\Dataset\!masks_for_training\32,yolov8_seg,YOLOv8-seg,ok,model_name,C:\Coding\AI\projekt\weights\yolov8m_trash_finetuned.pt,str,projekt-base,C:\Coding\AI\projekt\conda_envs\base.yml,
32,C:\Coding\AI\Dataset\!masks_for_training\32,yolov8_seg,YOLOv8-seg,ok,model_source,C:\Coding\AI\projekt\weights\yolov8m_seg_best_new+fine-tune.pt,str,projekt-base,C:\Coding\AI\projekt\conda_envs\base.yml,
32,C:\Coding\AI\Dataset\!masks_for_training\32,yolov8_seg,YOLOv8-seg,ok,device_requested,auto,str,projekt-base,C:\Coding\AI\projekt\conda_envs\base.yml,
32,C:\Coding\AI\Dataset\!masks_for_training\32,yolov8_seg,YOLOv8-seg,ok,device_used,cuda,str,projekt-base,C:\Coding\AI\projekt\conda_envs\base.yml,
32,C:\Coding\AI\Dataset\!masks_for_training\32,yolov8_seg,YOLOv8-seg,ok,force_cpu,False,bool,projekt-base,C:\Coding\AI\projekt\conda_envs\base.yml,
32,C:\Coding\AI\Dataset\!masks_for_training\32,yolov8_seg,YOLOv8-seg,ok,cuda_available,True,bool,projekt-base,C:\Coding\AI\projekt\conda_envs\base.yml,
32,C:\Coding\AI\Dataset\!masks_for_training\32,yolov8_seg,YOLOv8-seg,ok,image_size,1536,int,projekt-base,C:\Coding\AI\projekt\conda_envs\base.yml,
32,C:\Coding\AI\Dataset\!masks_for_training\32,yolov8_seg,YOLOv8-seg,ok,confidence_threshold,0.35,float,projekt-base,C:\Coding\AI\projekt\conda_envs\base.yml,
32,C:\Coding\AI\Dataset\!masks_for_training\32,yolov8_seg,YOLOv8-seg,ok,iou_threshold,0.4,float,projekt-base,C:\Coding\AI\projekt\conda_envs\base.yml,
32,C:\Coding\AI\Dataset\!masks_for_training\32,yolov8_seg,YOLOv8-seg,ok,tile_inference_mode,auto,str,projekt-base,C:\Coding\AI\projekt\conda_envs\base.yml,
32,C:\Coding\AI\Dataset\!masks_for_training\32,yolov8_seg,YOLOv8-seg,ok,tile_size,640,int,projekt-base,C:\Coding\AI\projekt\conda_envs\base.yml,
32,C:\Coding\AI\Dataset\!masks_for_training\32,yolov8_seg,YOLOv8-seg,ok,tile_overlap_ratio,0.5,float,projekt-base,C:\Coding\AI\projekt\conda_envs\base.yml,
32,C:\Coding\AI\Dataset\!masks_for_training\32,yolov8_seg,YOLOv8-seg,ok,before_tile_count,15,int,projekt-base,C:\Coding\AI\projekt\conda_envs\base.yml,
32,C:\Coding\AI\Dataset\!masks_for_training\32,yolov8_seg,YOLOv8-seg,ok,after_tile_count,15,int,projekt-base,C:\Coding\AI\projekt\conda_envs\base.yml,
32,C:\Coding\AI\Dataset\!masks_for_training\32,yolov8_seg,YOLOv8-seg,ok,selected_class_count,0,int,projekt-base,C:\Coding\AI\projekt\conda_envs\base.yml,
32,C:\Coding\AI\Dataset\!masks_for_training\32,yolov8_seg,YOLOv8-seg,ok,selected_class_ids,[],list,projekt-base,C:\Coding\AI\projekt\conda_envs\base.yml,
32,C:\Coding\AI\Dataset\!masks_for_training\32,yolov8_seg,YOLOv8-seg,ok,taco_dataset_root,C:\Coding\AI\projekt\datasets\TACO,str,projekt-base,C:\Coding\AI\projekt\conda_envs\base.yml,
32,C:\Coding\AI\Dataset\!masks_for_training\32,yolov8_seg,YOLOv8-seg,ok,taco_annotations_path,C:\Coding\AI\projekt\datasets\TACO\data\annotations.json,str,projekt-base,C:\Coding\AI\projekt\conda_envs\base.yml,
32,C:\Coding\AI\Dataset\!masks_for_training\32,yolov8_seg,YOLOv8-seg,ok,taco_export_root,C:\Coding\AI\projekt\datasets\TACO\yolo_seg,str,projekt-base,C:\Coding\AI\projekt\conda_envs\base.yml,
32,C:\Coding\AI\Dataset\!masks_for_training\32,yolov8_seg,YOLOv8-seg,ok,taco_data_yaml,C:\Coding\AI\projekt\datasets\TACO\yolo_seg\data.yaml,str,projekt-base,C:\Coding\AI\projekt\conda_envs\base.yml,
32,C:\Coding\AI\Dataset\!masks_for_training\32,yolov8_seg,YOLOv8-seg,ok,taco_source_images,1500,int,projekt-base,C:\Coding\AI\projekt\conda_envs\base.yml,
32,C:\Coding\AI\Dataset\!masks_for_training\32,yolov8_seg,YOLOv8-seg,ok,taco_exported_images,1500,int,projekt-base,C:\Coding\AI\projekt\conda_envs\base.yml,
32,C:\Coding\AI\Dataset\!masks_for_training\32,yolov8_seg,YOLOv8-seg,ok,taco_exported_labels,1500,int,projekt-base,C:\Coding\AI\projekt\conda_envs\base.yml,
32,C:\Coding\AI\Dataset\!masks_for_training\32,yolov8_seg,YOLOv8-seg,ok,taco_skipped_missing_images,0,int,projekt-base,C:\Coding\AI\projekt\conda_envs\base.yml,
32,C:\Coding\AI\Dataset\!masks_for_training\32,yolov8_seg,YOLOv8-seg,ok,taco_skipped_invalid_polygons,0,int,projekt-base,C:\Coding\AI\projekt\conda_envs\base.yml,
32,C:\Coding\AI\Dataset\!masks_for_training\32,yolov8_seg,YOLOv8-seg,ok,before_instance_count,6,int,projekt-base,C:\Coding\AI\projekt\conda_envs\base.yml,
32,C:\Coding\AI\Dataset\!masks_for_training\32,yolov8_seg,YOLOv8-seg,ok,after_instance_count,5,int,projekt-base,C:\Coding\AI\projekt\conda_envs\base.yml,
32,C:\Coding\AI\Dataset\!masks_for_training\32,yolov8_seg,YOLOv8-seg,ok,instance_count_total,11,int,projekt-base,C:\Coding\AI\projekt\conda_envs\base.yml,
32,C:\Coding\AI\Dataset\!masks_for_training\32,yolov8_seg,YOLOv8-seg,ok,before_mask_area_px,43350,int,projekt-base,C:\Coding\AI\projekt\conda_envs\base.yml,
32,C:\Coding\AI\Dataset\!masks_for_training\32,yolov8_seg,YOLOv8-seg,ok,after_mask_area_px,4797,int,projekt-base,C:\Coding\AI\projekt\conda_envs\base.yml,
32,C:\Coding\AI\Dataset\!masks_for_training\32,yolov8_seg,YOLOv8-seg,ok,before_mask_area_ratio,0.025071,float,projekt-base,C:\Coding\AI\projekt\conda_envs\base.yml,
32,C:\Coding\AI\Dataset\!masks_for_training\32,yolov8_seg,YOLOv8-seg,ok,after_mask_area_ratio,0.002774,float,projekt-base,C:\Coding\AI\projekt\conda_envs\base.yml,
32,C:\Coding\AI\Dataset\!masks_for_training\32,yolov8_seg,YOLOv8-seg,ok,mask_area_delta_px,-38553,int,projekt-base,C:\Coding\AI\projekt\conda_envs\base.yml,
32,C:\Coding\AI\Dataset\!masks_for_training\32,yolov8_seg,YOLOv8-seg,ok,mask_area_delta_ratio,-0.022297,float,projekt-base,C:\Coding\AI\projekt\conda_envs\base.yml,
32,C:\Coding\AI\Dataset\!masks_for_training\32,yolov8_seg,YOLOv8-seg,ok,before_bbox_area_px,104626,int,projekt-base,C:\Coding\AI\projekt\conda_envs\base.yml,
32,C:\Coding\AI\Dataset\!masks_for_training\32,yolov8_seg,YOLOv8-seg,ok,after_bbox_area_px,6243,int,projekt-base,C:\Coding\AI\projekt\conda_envs\base.yml,
32,C:\Coding\AI\Dataset\!masks_for_training\32,yolov8_seg,YOLOv8-seg,ok,before_mean_confidence,0.5735,float,projekt-base,C:\Coding\AI\projekt\conda_envs\base.yml,
32,C:\Coding\AI\Dataset\!masks_for_training\32,yolov8_seg,YOLOv8-seg,ok,after_mean_confidence,0.560655,float,projekt-base,C:\Coding\AI\projekt\conda_envs\base.yml,
32,C:\Coding\AI\Dataset\!masks_for_training\32,yolov8_seg,YOLOv8-seg,ok,before_inference_ms,396.508,float,projekt-base,C:\Coding\AI\projekt\conda_envs\base.yml,
32,C:\Coding\AI\Dataset\!masks_for_training\32,yolov8_seg,YOLOv8-seg,ok,after_inference_ms,405.027,float,projekt-base,C:\Coding\AI\projekt\conda_envs\base.yml,
32,C:\Coding\AI\Dataset\!masks_for_training\32,yolov8_seg,YOLOv8-seg,ok,inference_ms_total,801.535,float,projekt-base,C:\Coding\AI\projekt\conda_envs\base.yml,
33,C:\Coding\AI\Dataset\!masks_for_training\33,changeformer,ChangeFormer,error,,,,projekt-base,C:\Coding\AI\projekt\conda_envs\base.yml,"ValueError: operands could not be broadcast together with shapes (4032,3024,1) (4032,3024) "
33,C:\Coding\AI\Dataset\!masks_for_training\33,efficientnet,EfficientNet,ok,analysis_mode,efficientnet_cls_pair,str,projekt-base,C:\Coding\AI\projekt\conda_envs\base.yml,
33,C:\Coding\AI\Dataset\!masks_for_training\33,efficientnet,EfficientNet,ok,inference_mode,heuristic_fallback,str,projekt-base,C:\Coding\AI\projekt\conda_envs\base.yml,
33,C:\Coding\AI\Dataset\!masks_for_training\33,efficientnet,EfficientNet,ok,model_name,efficientnet_b0,str,projekt-base,C:\Coding\AI\projekt\conda_envs\base.yml,
33,C:\Coding\AI\Dataset\!masks_for_training\33,efficientnet,EfficientNet,ok,model_source,None,str,projekt-base,C:\Coding\AI\projekt\conda_envs\base.yml,
33,C:\Coding\AI\Dataset\!masks_for_training\33,efficientnet,EfficientNet,ok,weights_path,C:\Coding\AI\projekt\weights\efficientnet_best.pt,str,projekt-base,C:\Coding\AI\projekt\conda_envs\base.yml,
33,C:\Coding\AI\Dataset\!masks_for_training\33,efficientnet,EfficientNet,ok,device_requested,auto,str,projekt-base,C:\Coding\AI\projekt\conda_envs\base.yml,
33,C:\Coding\AI\Dataset\!masks_for_training\33,efficientnet,EfficientNet,ok,device_used,cpu,str,projekt-base,C:\Coding\AI\projekt\conda_envs\base.yml,
33,C:\Coding\AI\Dataset\!masks_for_training\33,efficientnet,EfficientNet,ok,force_cpu,False,bool,projekt-base,C:\Coding\AI\projekt\conda_envs\base.yml,
33,C:\Coding\AI\Dataset\!masks_for_training\33,efficientnet,EfficientNet,ok,cuda_available,True,bool,projekt-base,C:\Coding\AI\projekt\conda_envs\base.yml,
33,C:\Coding\AI\Dataset\!masks_for_training\33,efficientnet,EfficientNet,ok,input_size,224,int,projekt-base,C:\Coding\AI\projekt\conda_envs\base.yml,
33,C:\Coding\AI\Dataset\!masks_for_training\33,efficientnet,EfficientNet,ok,dirty_threshold,0.42,float,projekt-base,C:\Coding\AI\projekt\conda_envs\base.yml,
33,C:\Coding\AI\Dataset\!masks_for_training\33,efficientnet,EfficientNet,ok,dirty_keyword_classes,2,int,projekt-base,C:\Coding\AI\projekt\conda_envs\base.yml,
33,C:\Coding\AI\Dataset\!masks_for_training\33,efficientnet,EfficientNet,ok,before_crop_count,6,int,projekt-base,C:\Coding\AI\projekt\conda_envs\base.yml,
33,C:\Coding\AI\Dataset\!masks_for_training\33,efficientnet,EfficientNet,ok,after_crop_count,6,int,projekt-base,C:\Coding\AI\projekt\conda_envs\base.yml,
33,C:\Coding\AI\Dataset\!masks_for_training\33,efficientnet,EfficientNet,ok,before_crop_dirty_prob_mean,0.569321,float,projekt-base,C:\Coding\AI\projekt\conda_envs\base.yml,
33,C:\Coding\AI\Dataset\!masks_for_training\33,efficientnet,EfficientNet,ok,after_crop_dirty_prob_mean,0.554423,float,projekt-base,C:\Coding\AI\projekt\conda_envs\base.yml,
33,C:\Coding\AI\Dataset\!masks_for_training\33,efficientnet,EfficientNet,ok,before_crop_dirty_prob_max,0.673176,float,projekt-base,C:\Coding\AI\projekt\conda_envs\base.yml,
33,C:\Coding\AI\Dataset\!masks_for_training\33,efficientnet,EfficientNet,ok,after_crop_dirty_prob_max,0.670939,float,projekt-base,C:\Coding\AI\projekt\conda_envs\base.yml,
33,C:\Coding\AI\Dataset\!masks_for_training\33,efficientnet,EfficientNet,ok,before_crop_support_ratio,0.833333,float,projekt-base,C:\Coding\AI\projekt\conda_envs\base.yml,
33,C:\Coding\AI\Dataset\!masks_for_training\33,efficientnet,EfficientNet,ok,after_crop_support_ratio,0.833333,float,projekt-base,C:\Coding\AI\projekt\conda_envs\base.yml,
33,C:\Coding\AI\Dataset\!masks_for_training\33,efficientnet,EfficientNet,ok,before_dirty_prob,0.644097,float,projekt-base,C:\Coding\AI\projekt\conda_envs\base.yml,
33,C:\Coding\AI\Dataset\!masks_for_training\33,efficientnet,EfficientNet,ok,after_dirty_prob,0.638315,float,projekt-base,C:\Coding\AI\projekt\conda_envs\base.yml,
33,C:\Coding\AI\Dataset\!masks_for_training\33,efficientnet,EfficientNet,ok,before_clean_prob,0.355903,float,projekt-base,C:\Coding\AI\projekt\conda_envs\base.yml,
33,C:\Coding\AI\Dataset\!masks_for_training\33,efficientnet,EfficientNet,ok,after_clean_prob,0.361685,float,projekt-base,C:\Coding\AI\projekt\conda_envs\base.yml,
33,C:\Coding\AI\Dataset\!masks_for_training\33,efficientnet,EfficientNet,ok,cleanup_delta,0.005782,float,projekt-base,C:\Coding\AI\projekt\conda_envs\base.yml,
33,C:\Coding\AI\Dataset\!masks_for_training\33,efficientnet,EfficientNet,ok,cleanup_score,0.005782,float,projekt-base,C:\Coding\AI\projekt\conda_envs\base.yml,
33,C:\Coding\AI\Dataset\!masks_for_training\33,efficientnet,EfficientNet,ok,dirty_prob_delta,-0.005782,float,projekt-base,C:\Coding\AI\projekt\conda_envs\base.yml,
33,C:\Coding\AI\Dataset\!masks_for_training\33,efficientnet,EfficientNet,ok,dirty_prob_abs_delta,0.005782,float,projekt-base,C:\Coding\AI\projekt\conda_envs\base.yml,
33,C:\Coding\AI\Dataset\!masks_for_training\33,efficientnet,EfficientNet,ok,before_pred_label,dirty,str,projekt-base,C:\Coding\AI\projekt\conda_envs\base.yml,
33,C:\Coding\AI\Dataset\!masks_for_training\33,efficientnet,EfficientNet,ok,after_pred_label,dirty,str,projekt-base,C:\Coding\AI\projekt\conda_envs\base.yml,
33,C:\Coding\AI\Dataset\!masks_for_training\33,efficientnet,EfficientNet,ok,before_top1_label,dirty,str,projekt-base,C:\Coding\AI\projekt\conda_envs\base.yml,
33,C:\Coding\AI\Dataset\!masks_for_training\33,efficientnet,EfficientNet,ok,after_top1_label,dirty,str,projekt-base,C:\Coding\AI\projekt\conda_envs\base.yml,
33,C:\Coding\AI\Dataset\!masks_for_training\33,efficientnet,EfficientNet,ok,before_top1_prob,0.673176,float,projekt-base,C:\Coding\AI\projekt\conda_envs\base.yml,
33,C:\Coding\AI\Dataset\!masks_for_training\33,efficientnet,EfficientNet,ok,after_top1_prob,0.670939,float,projekt-base,C:\Coding\AI\projekt\conda_envs\base.yml,
33,C:\Coding\AI\Dataset\!masks_for_training\33,efficientnet,EfficientNet,ok,before_entropy_norm,0.964564,float,projekt-base,C:\Coding\AI\projekt\conda_envs\base.yml,
33,C:\Coding\AI\Dataset\!masks_for_training\33,efficientnet,EfficientNet,ok,after_entropy_norm,0.963553,float,projekt-base,C:\Coding\AI\projekt\conda_envs\base.yml,
33,C:\Coding\AI\Dataset\!masks_for_training\33,efficientnet,EfficientNet,ok,before_inference_ms,0,float,projekt-base,C:\Coding\AI\projekt\conda_envs\base.yml,
33,C:\Coding\AI\Dataset\!masks_for_training\33,efficientnet,EfficientNet,ok,after_inference_ms,0,float,projekt-base,C:\Coding\AI\projekt\conda_envs\base.yml,
33,C:\Coding\AI\Dataset\!masks_for_training\33,efficientnet,EfficientNet,ok,inference_ms_total,0,float,projekt-base,C:\Coding\AI\projekt\conda_envs\base.yml,
33,C:\Coding\AI\Dataset\!masks_for_training\33,sift_ransac,SIFT + RANSAC + difference map,error,,,,projekt-base,C:\Coding\AI\projekt\conda_envs\base.yml,"ValueError: operands could not be broadcast together with shapes (4032,3024,1) (4032,3024) "
33,C:\Coding\AI\Dataset\!masks_for_training\33,siamese_unet,Siamese U-Net,error,,,,projekt-base,C:\Coding\AI\projekt\conda_envs\base.yml,"ValueError: operands could not be broadcast together with shapes (4032,3024,1) (4032,3024) "
33,C:\Coding\AI\Dataset\!masks_for_training\33,yolov8_seg,YOLOv8-seg,ok,analysis_mode,yolov8_seg_pair,str,projekt-base,C:\Coding\AI\projekt\conda_envs\base.yml,
33,C:\Coding\AI\Dataset\!masks_for_training\33,yolov8_seg,YOLOv8-seg,ok,model_name,C:\Coding\AI\projekt\weights\yolov8m_trash_finetuned.pt,str,projekt-base,C:\Coding\AI\projekt\conda_envs\base.yml,
33,C:\Coding\AI\Dataset\!masks_for_training\33,yolov8_seg,YOLOv8-seg,ok,model_source,C:\Coding\AI\projekt\weights\yolov8m_seg_best_new+fine-tune.pt,str,projekt-base,C:\Coding\AI\projekt\conda_envs\base.yml,
33,C:\Coding\AI\Dataset\!masks_for_training\33,yolov8_seg,YOLOv8-seg,ok,device_requested,auto,str,projekt-base,C:\Coding\AI\projekt\conda_envs\base.yml,
33,C:\Coding\AI\Dataset\!masks_for_training\33,yolov8_seg,YOLOv8-seg,ok,device_used,cuda,str,projekt-base,C:\Coding\AI\projekt\conda_envs\base.yml,
33,C:\Coding\AI\Dataset\!masks_for_training\33,yolov8_seg,YOLOv8-seg,ok,force_cpu,False,bool,projekt-base,C:\Coding\AI\projekt\conda_envs\base.yml,
33,C:\Coding\AI\Dataset\!masks_for_training\33,yolov8_seg,YOLOv8-seg,ok,cuda_available,True,bool,projekt-base,C:\Coding\AI\projekt\conda_envs\base.yml,
33,C:\Coding\AI\Dataset\!masks_for_training\33,yolov8_seg,YOLOv8-seg,ok,image_size,1536,int,projekt-base,C:\Coding\AI\projekt\conda_envs\base.yml,
33,C:\Coding\AI\Dataset\!masks_for_training\33,yolov8_seg,YOLOv8-seg,ok,confidence_threshold,0.35,float,projekt-base,C:\Coding\AI\projekt\conda_envs\base.yml,
33,C:\Coding\AI\Dataset\!masks_for_training\33,yolov8_seg,YOLOv8-seg,ok,iou_threshold,0.4,float,projekt-base,C:\Coding\AI\projekt\conda_envs\base.yml,
33,C:\Coding\AI\Dataset\!masks_for_training\33,yolov8_seg,YOLOv8-seg,ok,tile_inference_mode,auto,str,projekt-base,C:\Coding\AI\projekt\conda_envs\base.yml,
33,C:\Coding\AI\Dataset\!masks_for_training\33,yolov8_seg,YOLOv8-seg,ok,tile_size,640,int,projekt-base,C:\Coding\AI\projekt\conda_envs\base.yml,
33,C:\Coding\AI\Dataset\!masks_for_training\33,yolov8_seg,YOLOv8-seg,ok,tile_overlap_ratio,0.5,float,projekt-base,C:\Coding\AI\projekt\conda_envs\base.yml,
33,C:\Coding\AI\Dataset\!masks_for_training\33,yolov8_seg,YOLOv8-seg,ok,before_tile_count,108,int,projekt-base,C:\Coding\AI\projekt\conda_envs\base.yml,
33,C:\Coding\AI\Dataset\!masks_for_training\33,yolov8_seg,YOLOv8-seg,ok,after_tile_count,108,int,projekt-base,C:\Coding\AI\projekt\conda_envs\base.yml,
33,C:\Coding\AI\Dataset\!masks_for_training\33,yolov8_seg,YOLOv8-seg,ok,selected_class_count,0,int,projekt-base,C:\Coding\AI\projekt\conda_envs\base.yml,
33,C:\Coding\AI\Dataset\!masks_for_training\33,yolov8_seg,YOLOv8-seg,ok,selected_class_ids,[],list,projekt-base,C:\Coding\AI\projekt\conda_envs\base.yml,
33,C:\Coding\AI\Dataset\!masks_for_training\33,yolov8_seg,YOLOv8-seg,ok,taco_dataset_root,C:\Coding\AI\projekt\datasets\TACO,str,projekt-base,C:\Coding\AI\projekt\conda_envs\base.yml,
33,C:\Coding\AI\Dataset\!masks_for_training\33,yolov8_seg,YOLOv8-seg,ok,taco_annotations_path,C:\Coding\AI\projekt\datasets\TACO\data\annotations.json,str,projekt-base,C:\Coding\AI\projekt\conda_envs\base.yml,
33,C:\Coding\AI\Dataset\!masks_for_training\33,yolov8_seg,YOLOv8-seg,ok,taco_export_root,C:\Coding\AI\projekt\datasets\TACO\yolo_seg,str,projekt-base,C:\Coding\AI\projekt\conda_envs\base.yml,
33,C:\Coding\AI\Dataset\!masks_for_training\33,yolov8_seg,YOLOv8-seg,ok,taco_data_yaml,C:\Coding\AI\projekt\datasets\TACO\yolo_seg\data.yaml,str,projekt-base,C:\Coding\AI\projekt\conda_envs\base.yml,
33,C:\Coding\AI\Dataset\!masks_for_training\33,yolov8_seg,YOLOv8-seg,ok,taco_source_images,1500,int,projekt-base,C:\Coding\AI\projekt\conda_envs\base.yml,
33,C:\Coding\AI\Dataset\!masks_for_training\33,yolov8_seg,YOLOv8-seg,ok,taco_exported_images,1500,int,projekt-base,C:\Coding\AI\projekt\conda_envs\base.yml,
33,C:\Coding\AI\Dataset\!masks_for_training\33,yolov8_seg,YOLOv8-seg,ok,taco_exported_labels,1500,int,projekt-base,C:\Coding\AI\projekt\conda_envs\base.yml,
33,C:\Coding\AI\Dataset\!masks_for_training\33,yolov8_seg,YOLOv8-seg,ok,taco_skipped_missing_images,0,int,projekt-base,C:\Coding\AI\projekt\conda_envs\base.yml,
33,C:\Coding\AI\Dataset\!masks_for_training\33,yolov8_seg,YOLOv8-seg,ok,taco_skipped_invalid_polygons,0,int,projekt-base,C:\Coding\AI\projekt\conda_envs\base.yml,
33,C:\Coding\AI\Dataset\!masks_for_training\33,yolov8_seg,YOLOv8-seg,ok,before_instance_count,9,int,projekt-base,C:\Coding\AI\projekt\conda_envs\base.yml,
33,C:\Coding\AI\Dataset\!masks_for_training\33,yolov8_seg,YOLOv8-seg,ok,after_instance_count,6,int,projekt-base,C:\Coding\AI\projekt\conda_envs\base.yml,
33,C:\Coding\AI\Dataset\!masks_for_training\33,yolov8_seg,YOLOv8-seg,ok,instance_count_total,15,int,projekt-base,C:\Coding\AI\projekt\conda_envs\base.yml,
33,C:\Coding\AI\Dataset\!masks_for_training\33,yolov8_seg,YOLOv8-seg,ok,before_mask_area_px,315817,int,projekt-base,C:\Coding\AI\projekt\conda_envs\base.yml,
33,C:\Coding\AI\Dataset\!masks_for_training\33,yolov8_seg,YOLOv8-seg,ok,after_mask_area_px,289141,int,projekt-base,C:\Coding\AI\projekt\conda_envs\base.yml,
33,C:\Coding\AI\Dataset\!masks_for_training\33,yolov8_seg,YOLOv8-seg,ok,before_mask_area_ratio,0.025902,float,projekt-base,C:\Coding\AI\projekt\conda_envs\base.yml,
33,C:\Coding\AI\Dataset\!masks_for_training\33,yolov8_seg,YOLOv8-seg,ok,after_mask_area_ratio,0.023714,float,projekt-base,C:\Coding\AI\projekt\conda_envs\base.yml,
33,C:\Coding\AI\Dataset\!masks_for_training\33,yolov8_seg,YOLOv8-seg,ok,mask_area_delta_px,-26676,int,projekt-base,C:\Coding\AI\projekt\conda_envs\base.yml,
33,C:\Coding\AI\Dataset\!masks_for_training\33,yolov8_seg,YOLOv8-seg,ok,mask_area_delta_ratio,-0.002188,float,projekt-base,C:\Coding\AI\projekt\conda_envs\base.yml,
33,C:\Coding\AI\Dataset\!masks_for_training\33,yolov8_seg,YOLOv8-seg,ok,before_bbox_area_px,515002,int,projekt-base,C:\Coding\AI\projekt\conda_envs\base.yml,
33,C:\Coding\AI\Dataset\!masks_for_training\33,yolov8_seg,YOLOv8-seg,ok,after_bbox_area_px,416291,int,projekt-base,C:\Coding\AI\projekt\conda_envs\base.yml,
33,C:\Coding\AI\Dataset\!masks_for_training\33,yolov8_seg,YOLOv8-seg,ok,before_mean_confidence,0.435933,float,projekt-base,C:\Coding\AI\projekt\conda_envs\base.yml,
33,C:\Coding\AI\Dataset\!masks_for_training\33,yolov8_seg,YOLOv8-seg,ok,after_mean_confidence,0.437331,float,projekt-base,C:\Coding\AI\projekt\conda_envs\base.yml,
33,C:\Coding\AI\Dataset\!masks_for_training\33,yolov8_seg,YOLOv8-seg,ok,before_inference_ms,2810.17,float,projekt-base,C:\Coding\AI\projekt\conda_envs\base.yml,
33,C:\Coding\AI\Dataset\!masks_for_training\33,yolov8_seg,YOLOv8-seg,ok,after_inference_ms,2770.78,float,projekt-base,C:\Coding\AI\projekt\conda_envs\base.yml,
33,C:\Coding\AI\Dataset\!masks_for_training\33,yolov8_seg,YOLOv8-seg,ok,inference_ms_total,5580.95,float,projekt-base,C:\Coding\AI\projekt\conda_envs\base.yml,
34,C:\Coding\AI\Dataset\!masks_for_training\34,changeformer,ChangeFormer,error,,,,projekt-base,C:\Coding\AI\projekt\conda_envs\base.yml,"ValueError: operands could not be broadcast together with shapes (4032,3024,1) (4032,3024) "
34,C:\Coding\AI\Dataset\!masks_for_training\34,efficientnet,EfficientNet,ok,analysis_mode,efficientnet_cls_pair,str,projekt-base,C:\Coding\AI\projekt\conda_envs\base.yml,
34,C:\Coding\AI\Dataset\!masks_for_training\34,efficientnet,EfficientNet,ok,inference_mode,heuristic_fallback,str,projekt-base,C:\Coding\AI\projekt\conda_envs\base.yml,
34,C:\Coding\AI\Dataset\!masks_for_training\34,efficientnet,EfficientNet,ok,model_name,efficientnet_b0,str,projekt-base,C:\Coding\AI\projekt\conda_envs\base.yml,
34,C:\Coding\AI\Dataset\!masks_for_training\34,efficientnet,EfficientNet,ok,model_source,None,str,projekt-base,C:\Coding\AI\projekt\conda_envs\base.yml,
34,C:\Coding\AI\Dataset\!masks_for_training\34,efficientnet,EfficientNet,ok,weights_path,C:\Coding\AI\projekt\weights\efficientnet_best.pt,str,projekt-base,C:\Coding\AI\projekt\conda_envs\base.yml,
34,C:\Coding\AI\Dataset\!masks_for_training\34,efficientnet,EfficientNet,ok,device_requested,auto,str,projekt-base,C:\Coding\AI\projekt\conda_envs\base.yml,
34,C:\Coding\AI\Dataset\!masks_for_training\34,efficientnet,EfficientNet,ok,device_used,cpu,str,projekt-base,C:\Coding\AI\projekt\conda_envs\base.yml,
34,C:\Coding\AI\Dataset\!masks_for_training\34,efficientnet,EfficientNet,ok,force_cpu,False,bool,projekt-base,C:\Coding\AI\projekt\conda_envs\base.yml,
34,C:\Coding\AI\Dataset\!masks_for_training\34,efficientnet,EfficientNet,ok,cuda_available,True,bool,projekt-base,C:\Coding\AI\projekt\conda_envs\base.yml,
34,C:\Coding\AI\Dataset\!masks_for_training\34,efficientnet,EfficientNet,ok,input_size,224,int,projekt-base,C:\Coding\AI\projekt\conda_envs\base.yml,
34,C:\Coding\AI\Dataset\!masks_for_training\34,efficientnet,EfficientNet,ok,dirty_threshold,0.42,float,projekt-base,C:\Coding\AI\projekt\conda_envs\base.yml,
34,C:\Coding\AI\Dataset\!masks_for_training\34,efficientnet,EfficientNet,ok,dirty_keyword_classes,2,int,projekt-base,C:\Coding\AI\projekt\conda_envs\base.yml,
34,C:\Coding\AI\Dataset\!masks_for_training\34,efficientnet,EfficientNet,ok,before_crop_count,6,int,projekt-base,C:\Coding\AI\projekt\conda_envs\base.yml,
34,C:\Coding\AI\Dataset\!masks_for_training\34,efficientnet,EfficientNet,ok,after_crop_count,6,int,projekt-base,C:\Coding\AI\projekt\conda_envs\base.yml,
34,C:\Coding\AI\Dataset\!masks_for_training\34,efficientnet,EfficientNet,ok,before_crop_dirty_prob_mean,0.64462,float,projekt-base,C:\Coding\AI\projekt\conda_envs\base.yml,
34,C:\Coding\AI\Dataset\!masks_for_training\34,efficientnet,EfficientNet,ok,after_crop_dirty_prob_mean,0.642835,float,projekt-base,C:\Coding\AI\projekt\conda_envs\base.yml,
34,C:\Coding\AI\Dataset\!masks_for_training\34,efficientnet,EfficientNet,ok,before_crop_dirty_prob_max,0.682826,float,projekt-base,C:\Coding\AI\projekt\conda_envs\base.yml,
34,C:\Coding\AI\Dataset\!masks_for_training\34,efficientnet,EfficientNet,ok,after_crop_dirty_prob_max,0.670002,float,projekt-base,C:\Coding\AI\projekt\conda_envs\base.yml,
34,C:\Coding\AI\Dataset\!masks_for_training\34,efficientnet,EfficientNet,ok,before_crop_support_ratio,1,float,projekt-base,C:\Coding\AI\projekt\conda_envs\base.yml,
34,C:\Coding\AI\Dataset\!masks_for_training\34,efficientnet,EfficientNet,ok,after_crop_support_ratio,1,float,projekt-base,C:\Coding\AI\projekt\conda_envs\base.yml,
34,C:\Coding\AI\Dataset\!masks_for_training\34,efficientnet,EfficientNet,ok,before_dirty_prob,0.672128,float,projekt-base,C:\Coding\AI\projekt\conda_envs\base.yml,
34,C:\Coding\AI\Dataset\!masks_for_training\34,efficientnet,EfficientNet,ok,after_dirty_prob,0.662395,float,projekt-base,C:\Coding\AI\projekt\conda_envs\base.yml,
34,C:\Coding\AI\Dataset\!masks_for_training\34,efficientnet,EfficientNet,ok,before_clean_prob,0.327872,float,projekt-base,C:\Coding\AI\projekt\conda_envs\base.yml,
34,C:\Coding\AI\Dataset\!masks_for_training\34,efficientnet,EfficientNet,ok,after_clean_prob,0.337605,float,projekt-base,C:\Coding\AI\projekt\conda_envs\base.yml,
34,C:\Coding\AI\Dataset\!masks_for_training\34,efficientnet,EfficientNet,ok,cleanup_delta,0.009733,float,projekt-base,C:\Coding\AI\projekt\conda_envs\base.yml,
34,C:\Coding\AI\Dataset\!masks_for_training\34,efficientnet,EfficientNet,ok,cleanup_score,0.009733,float,projekt-base,C:\Coding\AI\projekt\conda_envs\base.yml,
34,C:\Coding\AI\Dataset\!masks_for_training\34,efficientnet,EfficientNet,ok,dirty_prob_delta,-0.009733,float,projekt-base,C:\Coding\AI\projekt\conda_envs\base.yml,
34,C:\Coding\AI\Dataset\!masks_for_training\34,efficientnet,EfficientNet,ok,dirty_prob_abs_delta,0.009733,float,projekt-base,C:\Coding\AI\projekt\conda_envs\base.yml,
34,C:\Coding\AI\Dataset\!masks_for_training\34,efficientnet,EfficientNet,ok,before_pred_label,dirty,str,projekt-base,C:\Coding\AI\projekt\conda_envs\base.yml,
34,C:\Coding\AI\Dataset\!masks_for_training\34,efficientnet,EfficientNet,ok,after_pred_label,dirty,str,projekt-base,C:\Coding\AI\projekt\conda_envs\base.yml,
34,C:\Coding\AI\Dataset\!masks_for_training\34,efficientnet,EfficientNet,ok,before_top1_label,dirty,str,projekt-base,C:\Coding\AI\projekt\conda_envs\base.yml,
34,C:\Coding\AI\Dataset\!masks_for_training\34,efficientnet,EfficientNet,ok,after_top1_label,dirty,str,projekt-base,C:\Coding\AI\projekt\conda_envs\base.yml,
34,C:\Coding\AI\Dataset\!masks_for_training\34,efficientnet,EfficientNet,ok,before_top1_prob,0.682826,float,projekt-base,C:\Coding\AI\projekt\conda_envs\base.yml,
34,C:\Coding\AI\Dataset\!masks_for_training\34,efficientnet,EfficientNet,ok,after_top1_prob,0.670002,float,projekt-base,C:\Coding\AI\projekt\conda_envs\base.yml,
34,C:\Coding\AI\Dataset\!masks_for_training\34,efficientnet,EfficientNet,ok,before_entropy_norm,0.935581,float,projekt-base,C:\Coding\AI\projekt\conda_envs\base.yml,
34,C:\Coding\AI\Dataset\!masks_for_training\34,efficientnet,EfficientNet,ok,after_entropy_norm,0.937708,float,projekt-base,C:\Coding\AI\projekt\conda_envs\base.yml,
34,C:\Coding\AI\Dataset\!masks_for_training\34,efficientnet,EfficientNet,ok,before_inference_ms,0,float,projekt-base,C:\Coding\AI\projekt\conda_envs\base.yml,
34,C:\Coding\AI\Dataset\!masks_for_training\34,efficientnet,EfficientNet,ok,after_inference_ms,0,float,projekt-base,C:\Coding\AI\projekt\conda_envs\base.yml,
34,C:\Coding\AI\Dataset\!masks_for_training\34,efficientnet,EfficientNet,ok,inference_ms_total,0,float,projekt-base,C:\Coding\AI\projekt\conda_envs\base.yml,
34,C:\Coding\AI\Dataset\!masks_for_training\34,sift_ransac,SIFT + RANSAC + difference map,error,,,,projekt-base,C:\Coding\AI\projekt\conda_envs\base.yml,"ValueError: operands could not be broadcast together with shapes (4032,3024,1) (4032,3024) "
34,C:\Coding\AI\Dataset\!masks_for_training\34,siamese_unet,Siamese U-Net,error,,,,projekt-base,C:\Coding\AI\projekt\conda_envs\base.yml,"ValueError: operands could not be broadcast together with shapes (4032,3024,1) (4032,3024) "
34,C:\Coding\AI\Dataset\!masks_for_training\34,yolov8_seg,YOLOv8-seg,ok,analysis_mode,yolov8_seg_pair,str,projekt-base,C:\Coding\AI\projekt\conda_envs\base.yml,
34,C:\Coding\AI\Dataset\!masks_for_training\34,yolov8_seg,YOLOv8-seg,ok,model_name,C:\Coding\AI\projekt\weights\yolov8m_trash_finetuned.pt,str,projekt-base,C:\Coding\AI\projekt\conda_envs\base.yml,
34,C:\Coding\AI\Dataset\!masks_for_training\34,yolov8_seg,YOLOv8-seg,ok,model_source,C:\Coding\AI\projekt\weights\yolov8m_seg_best_new+fine-tune.pt,str,projekt-base,C:\Coding\AI\projekt\conda_envs\base.yml,
34,C:\Coding\AI\Dataset\!masks_for_training\34,yolov8_seg,YOLOv8-seg,ok,device_requested,auto,str,projekt-base,C:\Coding\AI\projekt\conda_envs\base.yml,
34,C:\Coding\AI\Dataset\!masks_for_training\34,yolov8_seg,YOLOv8-seg,ok,device_used,cuda,str,projekt-base,C:\Coding\AI\projekt\conda_envs\base.yml,
34,C:\Coding\AI\Dataset\!masks_for_training\34,yolov8_seg,YOLOv8-seg,ok,force_cpu,False,bool,projekt-base,C:\Coding\AI\projekt\conda_envs\base.yml,
34,C:\Coding\AI\Dataset\!masks_for_training\34,yolov8_seg,YOLOv8-seg,ok,cuda_available,True,bool,projekt-base,C:\Coding\AI\projekt\conda_envs\base.yml,
34,C:\Coding\AI\Dataset\!masks_for_training\34,yolov8_seg,YOLOv8-seg,ok,image_size,1536,int,projekt-base,C:\Coding\AI\projekt\conda_envs\base.yml,
34,C:\Coding\AI\Dataset\!masks_for_training\34,yolov8_seg,YOLOv8-seg,ok,confidence_threshold,0.35,float,projekt-base,C:\Coding\AI\projekt\conda_envs\base.yml,
34,C:\Coding\AI\Dataset\!masks_for_training\34,yolov8_seg,YOLOv8-seg,ok,iou_threshold,0.4,float,projekt-base,C:\Coding\AI\projekt\conda_envs\base.yml,
34,C:\Coding\AI\Dataset\!masks_for_training\34,yolov8_seg,YOLOv8-seg,ok,tile_inference_mode,auto,str,projekt-base,C:\Coding\AI\projekt\conda_envs\base.yml,
34,C:\Coding\AI\Dataset\!masks_for_training\34,yolov8_seg,YOLOv8-seg,ok,tile_size,640,int,projekt-base,C:\Coding\AI\projekt\conda_envs\base.yml,
34,C:\Coding\AI\Dataset\!masks_for_training\34,yolov8_seg,YOLOv8-seg,ok,tile_overlap_ratio,0.5,float,projekt-base,C:\Coding\AI\projekt\conda_envs\base.yml,
34,C:\Coding\AI\Dataset\!masks_for_training\34,yolov8_seg,YOLOv8-seg,ok,before_tile_count,108,int,projekt-base,C:\Coding\AI\projekt\conda_envs\base.yml,
34,C:\Coding\AI\Dataset\!masks_for_training\34,yolov8_seg,YOLOv8-seg,ok,after_tile_count,108,int,projekt-base,C:\Coding\AI\projekt\conda_envs\base.yml,
34,C:\Coding\AI\Dataset\!masks_for_training\34,yolov8_seg,YOLOv8-seg,ok,selected_class_count,0,int,projekt-base,C:\Coding\AI\projekt\conda_envs\base.yml,
34,C:\Coding\AI\Dataset\!masks_for_training\34,yolov8_seg,YOLOv8-seg,ok,selected_class_ids,[],list,projekt-base,C:\Coding\AI\projekt\conda_envs\base.yml,
34,C:\Coding\AI\Dataset\!masks_for_training\34,yolov8_seg,YOLOv8-seg,ok,taco_dataset_root,C:\Coding\AI\projekt\datasets\TACO,str,projekt-base,C:\Coding\AI\projekt\conda_envs\base.yml,
34,C:\Coding\AI\Dataset\!masks_for_training\34,yolov8_seg,YOLOv8-seg,ok,taco_annotations_path,C:\Coding\AI\projekt\datasets\TACO\data\annotations.json,str,projekt-base,C:\Coding\AI\projekt\conda_envs\base.yml,
34,C:\Coding\AI\Dataset\!masks_for_training\34,yolov8_seg,YOLOv8-seg,ok,taco_export_root,C:\Coding\AI\projekt\datasets\TACO\yolo_seg,str,projekt-base,C:\Coding\AI\projekt\conda_envs\base.yml,
34,C:\Coding\AI\Dataset\!masks_for_training\34,yolov8_seg,YOLOv8-seg,ok,taco_data_yaml,C:\Coding\AI\projekt\datasets\TACO\yolo_seg\data.yaml,str,projekt-base,C:\Coding\AI\projekt\conda_envs\base.yml,
34,C:\Coding\AI\Dataset\!masks_for_training\34,yolov8_seg,YOLOv8-seg,ok,taco_source_images,1500,int,projekt-base,C:\Coding\AI\projekt\conda_envs\base.yml,
34,C:\Coding\AI\Dataset\!masks_for_training\34,yolov8_seg,YOLOv8-seg,ok,taco_exported_images,1500,int,projekt-base,C:\Coding\AI\projekt\conda_envs\base.yml,
34,C:\Coding\AI\Dataset\!masks_for_training\34,yolov8_seg,YOLOv8-seg,ok,taco_exported_labels,1500,int,projekt-base,C:\Coding\AI\projekt\conda_envs\base.yml,
34,C:\Coding\AI\Dataset\!masks_for_training\34,yolov8_seg,YOLOv8-seg,ok,taco_skipped_missing_images,0,int,projekt-base,C:\Coding\AI\projekt\conda_envs\base.yml,
34,C:\Coding\AI\Dataset\!masks_for_training\34,yolov8_seg,YOLOv8-seg,ok,taco_skipped_invalid_polygons,0,int,projekt-base,C:\Coding\AI\projekt\conda_envs\base.yml,
34,C:\Coding\AI\Dataset\!masks_for_training\34,yolov8_seg,YOLOv8-seg,ok,before_instance_count,21,int,projekt-base,C:\Coding\AI\projekt\conda_envs\base.yml,
34,C:\Coding\AI\Dataset\!masks_for_training\34,yolov8_seg,YOLOv8-seg,ok,after_instance_count,30,int,projekt-base,C:\Coding\AI\projekt\conda_envs\base.yml,
34,C:\Coding\AI\Dataset\!masks_for_training\34,yolov8_seg,YOLOv8-seg,ok,instance_count_total,51,int,projekt-base,C:\Coding\AI\projekt\conda_envs\base.yml,
34,C:\Coding\AI\Dataset\!masks_for_training\34,yolov8_seg,YOLOv8-seg,ok,before_mask_area_px,50536,int,projekt-base,C:\Coding\AI\projekt\conda_envs\base.yml,
34,C:\Coding\AI\Dataset\!masks_for_training\34,yolov8_seg,YOLOv8-seg,ok,after_mask_area_px,38765,int,projekt-base,C:\Coding\AI\projekt\conda_envs\base.yml,
34,C:\Coding\AI\Dataset\!masks_for_training\34,yolov8_seg,YOLOv8-seg,ok,before_mask_area_ratio,0.004145,float,projekt-base,C:\Coding\AI\projekt\conda_envs\base.yml,
34,C:\Coding\AI\Dataset\!masks_for_training\34,yolov8_seg,YOLOv8-seg,ok,after_mask_area_ratio,0.003179,float,projekt-base,C:\Coding\AI\projekt\conda_envs\base.yml,
34,C:\Coding\AI\Dataset\!masks_for_training\34,yolov8_seg,YOLOv8-seg,ok,mask_area_delta_px,-11771,int,projekt-base,C:\Coding\AI\projekt\conda_envs\base.yml,
34,C:\Coding\AI\Dataset\!masks_for_training\34,yolov8_seg,YOLOv8-seg,ok,mask_area_delta_ratio,-0.000965,float,projekt-base,C:\Coding\AI\projekt\conda_envs\base.yml,
34,C:\Coding\AI\Dataset\!masks_for_training\34,yolov8_seg,YOLOv8-seg,ok,before_bbox_area_px,81743,int,projekt-base,C:\Coding\AI\projekt\conda_envs\base.yml,
34,C:\Coding\AI\Dataset\!masks_for_training\34,yolov8_seg,YOLOv8-seg,ok,after_bbox_area_px,62426,int,projekt-base,C:\Coding\AI\projekt\conda_envs\base.yml,
34,C:\Coding\AI\Dataset\!masks_for_training\34,yolov8_seg,YOLOv8-seg,ok,before_mean_confidence,0.545459,float,projekt-base,C:\Coding\AI\projekt\conda_envs\base.yml,
34,C:\Coding\AI\Dataset\!masks_for_training\34,yolov8_seg,YOLOv8-seg,ok,after_mean_confidence,0.479025,float,projekt-base,C:\Coding\AI\projekt\conda_envs\base.yml,
34,C:\Coding\AI\Dataset\!masks_for_training\34,yolov8_seg,YOLOv8-seg,ok,before_inference_ms,3352.97,float,projekt-base,C:\Coding\AI\projekt\conda_envs\base.yml,
34,C:\Coding\AI\Dataset\!masks_for_training\34,yolov8_seg,YOLOv8-seg,ok,after_inference_ms,3786.03,float,projekt-base,C:\Coding\AI\projekt\conda_envs\base.yml,
34,C:\Coding\AI\Dataset\!masks_for_training\34,yolov8_seg,YOLOv8-seg,ok,inference_ms_total,7138.99,float,projekt-base,C:\Coding\AI\projekt\conda_envs\base.yml,
35,C:\Coding\AI\Dataset\!masks_for_training\35,changeformer,ChangeFormer,error,,,,projekt-base,C:\Coding\AI\projekt\conda_envs\base.yml,"ValueError: operands could not be broadcast together with shapes (4032,3024,1) (4032,3024) "
35,C:\Coding\AI\Dataset\!masks_for_training\35,efficientnet,EfficientNet,ok,analysis_mode,efficientnet_cls_pair,str,projekt-base,C:\Coding\AI\projekt\conda_envs\base.yml,
35,C:\Coding\AI\Dataset\!masks_for_training\35,efficientnet,EfficientNet,ok,inference_mode,heuristic_fallback,str,projekt-base,C:\Coding\AI\projekt\conda_envs\base.yml,
35,C:\Coding\AI\Dataset\!masks_for_training\35,efficientnet,EfficientNet,ok,model_name,efficientnet_b0,str,projekt-base,C:\Coding\AI\projekt\conda_envs\base.yml,
35,C:\Coding\AI\Dataset\!masks_for_training\35,efficientnet,EfficientNet,ok,model_source,None,str,projekt-base,C:\Coding\AI\projekt\conda_envs\base.yml,
35,C:\Coding\AI\Dataset\!masks_for_training\35,efficientnet,EfficientNet,ok,weights_path,C:\Coding\AI\projekt\weights\efficientnet_best.pt,str,projekt-base,C:\Coding\AI\projekt\conda_envs\base.yml,
35,C:\Coding\AI\Dataset\!masks_for_training\35,efficientnet,EfficientNet,ok,device_requested,auto,str,projekt-base,C:\Coding\AI\projekt\conda_envs\base.yml,
35,C:\Coding\AI\Dataset\!masks_for_training\35,efficientnet,EfficientNet,ok,device_used,cpu,str,projekt-base,C:\Coding\AI\projekt\conda_envs\base.yml,
35,C:\Coding\AI\Dataset\!masks_for_training\35,efficientnet,EfficientNet,ok,force_cpu,False,bool,projekt-base,C:\Coding\AI\projekt\conda_envs\base.yml,
35,C:\Coding\AI\Dataset\!masks_for_training\35,efficientnet,EfficientNet,ok,cuda_available,True,bool,projekt-base,C:\Coding\AI\projekt\conda_envs\base.yml,
35,C:\Coding\AI\Dataset\!masks_for_training\35,efficientnet,EfficientNet,ok,input_size,224,int,projekt-base,C:\Coding\AI\projekt\conda_envs\base.yml,
35,C:\Coding\AI\Dataset\!masks_for_training\35,efficientnet,EfficientNet,ok,dirty_threshold,0.42,float,projekt-base,C:\Coding\AI\projekt\conda_envs\base.yml,
35,C:\Coding\AI\Dataset\!masks_for_training\35,efficientnet,EfficientNet,ok,dirty_keyword_classes,2,int,projekt-base,C:\Coding\AI\projekt\conda_envs\base.yml,
35,C:\Coding\AI\Dataset\!masks_for_training\35,efficientnet,EfficientNet,ok,before_crop_count,6,int,projekt-base,C:\Coding\AI\projekt\conda_envs\base.yml,
35,C:\Coding\AI\Dataset\!masks_for_training\35,efficientnet,EfficientNet,ok,after_crop_count,6,int,projekt-base,C:\Coding\AI\projekt\conda_envs\base.yml,
35,C:\Coding\AI\Dataset\!masks_for_training\35,efficientnet,EfficientNet,ok,before_crop_dirty_prob_mean,0.500972,float,projekt-base,C:\Coding\AI\projekt\conda_envs\base.yml,
35,C:\Coding\AI\Dataset\!masks_for_training\35,efficientnet,EfficientNet,ok,after_crop_dirty_prob_mean,0.500932,float,projekt-base,C:\Coding\AI\projekt\conda_envs\base.yml,
35,C:\Coding\AI\Dataset\!masks_for_training\35,efficientnet,EfficientNet,ok,before_crop_dirty_prob_max,0.540549,float,projekt-base,C:\Coding\AI\projekt\conda_envs\base.yml,
35,C:\Coding\AI\Dataset\!masks_for_training\35,efficientnet,EfficientNet,ok,after_crop_dirty_prob_max,0.557829,float,projekt-base,C:\Coding\AI\projekt\conda_envs\base.yml,
35,C:\Coding\AI\Dataset\!masks_for_training\35,efficientnet,EfficientNet,ok,before_crop_support_ratio,1,float,projekt-base,C:\Coding\AI\projekt\conda_envs\base.yml,
35,C:\Coding\AI\Dataset\!masks_for_training\35,efficientnet,EfficientNet,ok,after_crop_support_ratio,0.833333,float,projekt-base,C:\Coding\AI\projekt\conda_envs\base.yml,
35,C:\Coding\AI\Dataset\!masks_for_training\35,efficientnet,EfficientNet,ok,before_dirty_prob,0.529468,float,projekt-base,C:\Coding\AI\projekt\conda_envs\base.yml,
35,C:\Coding\AI\Dataset\!masks_for_training\35,efficientnet,EfficientNet,ok,after_dirty_prob,0.541898,float,projekt-base,C:\Coding\AI\projekt\conda_envs\base.yml,
35,C:\Coding\AI\Dataset\!masks_for_training\35,efficientnet,EfficientNet,ok,before_clean_prob,0.470532,float,projekt-base,C:\Coding\AI\projekt\conda_envs\base.yml,
35,C:\Coding\AI\Dataset\!masks_for_training\35,efficientnet,EfficientNet,ok,after_clean_prob,0.458102,float,projekt-base,C:\Coding\AI\projekt\conda_envs\base.yml,
35,C:\Coding\AI\Dataset\!masks_for_training\35,efficientnet,EfficientNet,ok,cleanup_delta,-0.01243,float,projekt-base,C:\Coding\AI\projekt\conda_envs\base.yml,
35,C:\Coding\AI\Dataset\!masks_for_training\35,efficientnet,EfficientNet,ok,cleanup_score,0,float,projekt-base,C:\Coding\AI\projekt\conda_envs\base.yml,
35,C:\Coding\AI\Dataset\!masks_for_training\35,efficientnet,EfficientNet,ok,dirty_prob_delta,0.01243,float,projekt-base,C:\Coding\AI\projekt\conda_envs\base.yml,
35,C:\Coding\AI\Dataset\!masks_for_training\35,efficientnet,EfficientNet,ok,dirty_prob_abs_delta,0.01243,float,projekt-base,C:\Coding\AI\projekt\conda_envs\base.yml,
35,C:\Coding\AI\Dataset\!masks_for_training\35,efficientnet,EfficientNet,ok,before_pred_label,dirty,str,projekt-base,C:\Coding\AI\projekt\conda_envs\base.yml,
35,C:\Coding\AI\Dataset\!masks_for_training\35,efficientnet,EfficientNet,ok,after_pred_label,dirty,str,projekt-base,C:\Coding\AI\projekt\conda_envs\base.yml,
35,C:\Coding\AI\Dataset\!masks_for_training\35,efficientnet,EfficientNet,ok,before_top1_label,dirty,str,projekt-base,C:\Coding\AI\projekt\conda_envs\base.yml,
35,C:\Coding\AI\Dataset\!masks_for_training\35,efficientnet,EfficientNet,ok,after_top1_label,dirty,str,projekt-base,C:\Coding\AI\projekt\conda_envs\base.yml,
35,C:\Coding\AI\Dataset\!masks_for_training\35,efficientnet,EfficientNet,ok,before_top1_prob,0.542164,float,projekt-base,C:\Coding\AI\projekt\conda_envs\base.yml,
35,C:\Coding\AI\Dataset\!masks_for_training\35,efficientnet,EfficientNet,ok,after_top1_prob,0.626871,float,projekt-base,C:\Coding\AI\projekt\conda_envs\base.yml,
35,C:\Coding\AI\Dataset\!masks_for_training\35,efficientnet,EfficientNet,ok,before_entropy_norm,0.997183,float,projekt-base,C:\Coding\AI\projekt\conda_envs\base.yml,
35,C:\Coding\AI\Dataset\!masks_for_training\35,efficientnet,EfficientNet,ok,after_entropy_norm,0.989576,float,projekt-base,C:\Coding\AI\projekt\conda_envs\base.yml,
35,C:\Coding\AI\Dataset\!masks_for_training\35,efficientnet,EfficientNet,ok,before_inference_ms,0,float,projekt-base,C:\Coding\AI\projekt\conda_envs\base.yml,
35,C:\Coding\AI\Dataset\!masks_for_training\35,efficientnet,EfficientNet,ok,after_inference_ms,0,float,projekt-base,C:\Coding\AI\projekt\conda_envs\base.yml,
35,C:\Coding\AI\Dataset\!masks_for_training\35,efficientnet,EfficientNet,ok,inference_ms_total,0,float,projekt-base,C:\Coding\AI\projekt\conda_envs\base.yml,
35,C:\Coding\AI\Dataset\!masks_for_training\35,sift_ransac,SIFT + RANSAC + difference map,error,,,,projekt-base,C:\Coding\AI\projekt\conda_envs\base.yml,"ValueError: operands could not be broadcast together with shapes (4032,3024,1) (4032,3024) "
35,C:\Coding\AI\Dataset\!masks_for_training\35,siamese_unet,Siamese U-Net,error,,,,projekt-base,C:\Coding\AI\projekt\conda_envs\base.yml,"ValueError: operands could not be broadcast together with shapes (4032,3024,1) (4032,3024) "
35,C:\Coding\AI\Dataset\!masks_for_training\35,yolov8_seg,YOLOv8-seg,ok,analysis_mode,yolov8_seg_pair,str,projekt-base,C:\Coding\AI\projekt\conda_envs\base.yml,
35,C:\Coding\AI\Dataset\!masks_for_training\35,yolov8_seg,YOLOv8-seg,ok,model_name,C:\Coding\AI\projekt\weights\yolov8m_trash_finetuned.pt,str,projekt-base,C:\Coding\AI\projekt\conda_envs\base.yml,
35,C:\Coding\AI\Dataset\!masks_for_training\35,yolov8_seg,YOLOv8-seg,ok,model_source,C:\Coding\AI\projekt\weights\yolov8m_seg_best_new+fine-tune.pt,str,projekt-base,C:\Coding\AI\projekt\conda_envs\base.yml,
35,C:\Coding\AI\Dataset\!masks_for_training\35,yolov8_seg,YOLOv8-seg,ok,device_requested,auto,str,projekt-base,C:\Coding\AI\projekt\conda_envs\base.yml,
35,C:\Coding\AI\Dataset\!masks_for_training\35,yolov8_seg,YOLOv8-seg,ok,device_used,cuda,str,projekt-base,C:\Coding\AI\projekt\conda_envs\base.yml,
35,C:\Coding\AI\Dataset\!masks_for_training\35,yolov8_seg,YOLOv8-seg,ok,force_cpu,False,bool,projekt-base,C:\Coding\AI\projekt\conda_envs\base.yml,
35,C:\Coding\AI\Dataset\!masks_for_training\35,yolov8_seg,YOLOv8-seg,ok,cuda_available,True,bool,projekt-base,C:\Coding\AI\projekt\conda_envs\base.yml,
35,C:\Coding\AI\Dataset\!masks_for_training\35,yolov8_seg,YOLOv8-seg,ok,image_size,1536,int,projekt-base,C:\Coding\AI\projekt\conda_envs\base.yml,
35,C:\Coding\AI\Dataset\!masks_for_training\35,yolov8_seg,YOLOv8-seg,ok,confidence_threshold,0.35,float,projekt-base,C:\Coding\AI\projekt\conda_envs\base.yml,
35,C:\Coding\AI\Dataset\!masks_for_training\35,yolov8_seg,YOLOv8-seg,ok,iou_threshold,0.4,float,projekt-base,C:\Coding\AI\projekt\conda_envs\base.yml,
35,C:\Coding\AI\Dataset\!masks_for_training\35,yolov8_seg,YOLOv8-seg,ok,tile_inference_mode,auto,str,projekt-base,C:\Coding\AI\projekt\conda_envs\base.yml,
35,C:\Coding\AI\Dataset\!masks_for_training\35,yolov8_seg,YOLOv8-seg,ok,tile_size,640,int,projekt-base,C:\Coding\AI\projekt\conda_envs\base.yml,
35,C:\Coding\AI\Dataset\!masks_for_training\35,yolov8_seg,YOLOv8-seg,ok,tile_overlap_ratio,0.5,float,projekt-base,C:\Coding\AI\projekt\conda_envs\base.yml,
35,C:\Coding\AI\Dataset\!masks_for_training\35,yolov8_seg,YOLOv8-seg,ok,before_tile_count,108,int,projekt-base,C:\Coding\AI\projekt\conda_envs\base.yml,
35,C:\Coding\AI\Dataset\!masks_for_training\35,yolov8_seg,YOLOv8-seg,ok,after_tile_count,108,int,projekt-base,C:\Coding\AI\projekt\conda_envs\base.yml,
35,C:\Coding\AI\Dataset\!masks_for_training\35,yolov8_seg,YOLOv8-seg,ok,selected_class_count,0,int,projekt-base,C:\Coding\AI\projekt\conda_envs\base.yml,
35,C:\Coding\AI\Dataset\!masks_for_training\35,yolov8_seg,YOLOv8-seg,ok,selected_class_ids,[],list,projekt-base,C:\Coding\AI\projekt\conda_envs\base.yml,
35,C:\Coding\AI\Dataset\!masks_for_training\35,yolov8_seg,YOLOv8-seg,ok,taco_dataset_root,C:\Coding\AI\projekt\datasets\TACO,str,projekt-base,C:\Coding\AI\projekt\conda_envs\base.yml,
35,C:\Coding\AI\Dataset\!masks_for_training\35,yolov8_seg,YOLOv8-seg,ok,taco_annotations_path,C:\Coding\AI\projekt\datasets\TACO\data\annotations.json,str,projekt-base,C:\Coding\AI\projekt\conda_envs\base.yml,
35,C:\Coding\AI\Dataset\!masks_for_training\35,yolov8_seg,YOLOv8-seg,ok,taco_export_root,C:\Coding\AI\projekt\datasets\TACO\yolo_seg,str,projekt-base,C:\Coding\AI\projekt\conda_envs\base.yml,
35,C:\Coding\AI\Dataset\!masks_for_training\35,yolov8_seg,YOLOv8-seg,ok,taco_data_yaml,C:\Coding\AI\projekt\datasets\TACO\yolo_seg\data.yaml,str,projekt-base,C:\Coding\AI\projekt\conda_envs\base.yml,
35,C:\Coding\AI\Dataset\!masks_for_training\35,yolov8_seg,YOLOv8-seg,ok,taco_source_images,1500,int,projekt-base,C:\Coding\AI\projekt\conda_envs\base.yml,
35,C:\Coding\AI\Dataset\!masks_for_training\35,yolov8_seg,YOLOv8-seg,ok,taco_exported_images,1500,int,projekt-base,C:\Coding\AI\projekt\conda_envs\base.yml,
35,C:\Coding\AI\Dataset\!masks_for_training\35,yolov8_seg,YOLOv8-seg,ok,taco_exported_labels,1500,int,projekt-base,C:\Coding\AI\projekt\conda_envs\base.yml,
35,C:\Coding\AI\Dataset\!masks_for_training\35,yolov8_seg,YOLOv8-seg,ok,taco_skipped_missing_images,0,int,projekt-base,C:\Coding\AI\projekt\conda_envs\base.yml,
35,C:\Coding\AI\Dataset\!masks_for_training\35,yolov8_seg,YOLOv8-seg,ok,taco_skipped_invalid_polygons,0,int,projekt-base,C:\Coding\AI\projekt\conda_envs\base.yml,
35,C:\Coding\AI\Dataset\!masks_for_training\35,yolov8_seg,YOLOv8-seg,ok,before_instance_count,19,int,projekt-base,C:\Coding\AI\projekt\conda_envs\base.yml,
35,C:\Coding\AI\Dataset\!masks_for_training\35,yolov8_seg,YOLOv8-seg,ok,after_instance_count,7,int,projekt-base,C:\Coding\AI\projekt\conda_envs\base.yml,
35,C:\Coding\AI\Dataset\!masks_for_training\35,yolov8_seg,YOLOv8-seg,ok,instance_count_total,26,int,projekt-base,C:\Coding\AI\projekt\conda_envs\base.yml,
35,C:\Coding\AI\Dataset\!masks_for_training\35,yolov8_seg,YOLOv8-seg,ok,before_mask_area_px,111401,int,projekt-base,C:\Coding\AI\projekt\conda_envs\base.yml,
35,C:\Coding\AI\Dataset\!masks_for_training\35,yolov8_seg,YOLOv8-seg,ok,after_mask_area_px,1532,int,projekt-base,C:\Coding\AI\projekt\conda_envs\base.yml,
35,C:\Coding\AI\Dataset\!masks_for_training\35,yolov8_seg,YOLOv8-seg,ok,before_mask_area_ratio,0.009137,float,projekt-base,C:\Coding\AI\projekt\conda_envs\base.yml,
35,C:\Coding\AI\Dataset\!masks_for_training\35,yolov8_seg,YOLOv8-seg,ok,after_mask_area_ratio,0.000126,float,projekt-base,C:\Coding\AI\projekt\conda_envs\base.yml,
35,C:\Coding\AI\Dataset\!masks_for_training\35,yolov8_seg,YOLOv8-seg,ok,mask_area_delta_px,-109869,int,projekt-base,C:\Coding\AI\projekt\conda_envs\base.yml,
35,C:\Coding\AI\Dataset\!masks_for_training\35,yolov8_seg,YOLOv8-seg,ok,mask_area_delta_ratio,-0.009011,float,projekt-base,C:\Coding\AI\projekt\conda_envs\base.yml,
35,C:\Coding\AI\Dataset\!masks_for_training\35,yolov8_seg,YOLOv8-seg,ok,before_bbox_area_px,522341,int,projekt-base,C:\Coding\AI\projekt\conda_envs\base.yml,
35,C:\Coding\AI\Dataset\!masks_for_training\35,yolov8_seg,YOLOv8-seg,ok,after_bbox_area_px,1474,int,projekt-base,C:\Coding\AI\projekt\conda_envs\base.yml,
35,C:\Coding\AI\Dataset\!masks_for_training\35,yolov8_seg,YOLOv8-seg,ok,before_mean_confidence,0.632067,float,projekt-base,C:\Coding\AI\projekt\conda_envs\base.yml,
35,C:\Coding\AI\Dataset\!masks_for_training\35,yolov8_seg,YOLOv8-seg,ok,after_mean_confidence,0.449108,float,projekt-base,C:\Coding\AI\projekt\conda_envs\base.yml,
35,C:\Coding\AI\Dataset\!masks_for_training\35,yolov8_seg,YOLOv8-seg,ok,before_inference_ms,3015.29,float,projekt-base,C:\Coding\AI\projekt\conda_envs\base.yml,
35,C:\Coding\AI\Dataset\!masks_for_training\35,yolov8_seg,YOLOv8-seg,ok,after_inference_ms,2569.23,float,projekt-base,C:\Coding\AI\projekt\conda_envs\base.yml,
35,C:\Coding\AI\Dataset\!masks_for_training\35,yolov8_seg,YOLOv8-seg,ok,inference_ms_total,5584.52,float,projekt-base,C:\Coding\AI\projekt\conda_envs\base.yml,
36,C:\Coding\AI\Dataset\!masks_for_training\36,changeformer,ChangeFormer,error,,,,projekt-base,C:\Coding\AI\projekt\conda_envs\base.yml,"ValueError: operands could not be broadcast together with shapes (4032,3024,1) (4032,3024) "
36,C:\Coding\AI\Dataset\!masks_for_training\36,efficientnet,EfficientNet,ok,analysis_mode,efficientnet_cls_pair,str,projekt-base,C:\Coding\AI\projekt\conda_envs\base.yml,
36,C:\Coding\AI\Dataset\!masks_for_training\36,efficientnet,EfficientNet,ok,inference_mode,heuristic_fallback,str,projekt-base,C:\Coding\AI\projekt\conda_envs\base.yml,
36,C:\Coding\AI\Dataset\!masks_for_training\36,efficientnet,EfficientNet,ok,model_name,efficientnet_b0,str,projekt-base,C:\Coding\AI\projekt\conda_envs\base.yml,
36,C:\Coding\AI\Dataset\!masks_for_training\36,efficientnet,EfficientNet,ok,model_source,None,str,projekt-base,C:\Coding\AI\projekt\conda_envs\base.yml,
36,C:\Coding\AI\Dataset\!masks_for_training\36,efficientnet,EfficientNet,ok,weights_path,C:\Coding\AI\projekt\weights\efficientnet_best.pt,str,projekt-base,C:\Coding\AI\projekt\conda_envs\base.yml,
36,C:\Coding\AI\Dataset\!masks_for_training\36,efficientnet,EfficientNet,ok,device_requested,auto,str,projekt-base,C:\Coding\AI\projekt\conda_envs\base.yml,
36,C:\Coding\AI\Dataset\!masks_for_training\36,efficientnet,EfficientNet,ok,device_used,cpu,str,projekt-base,C:\Coding\AI\projekt\conda_envs\base.yml,
36,C:\Coding\AI\Dataset\!masks_for_training\36,efficientnet,EfficientNet,ok,force_cpu,False,bool,projekt-base,C:\Coding\AI\projekt\conda_envs\base.yml,
36,C:\Coding\AI\Dataset\!masks_for_training\36,efficientnet,EfficientNet,ok,cuda_available,True,bool,projekt-base,C:\Coding\AI\projekt\conda_envs\base.yml,
36,C:\Coding\AI\Dataset\!masks_for_training\36,efficientnet,EfficientNet,ok,input_size,224,int,projekt-base,C:\Coding\AI\projekt\conda_envs\base.yml,
36,C:\Coding\AI\Dataset\!masks_for_training\36,efficientnet,EfficientNet,ok,dirty_threshold,0.42,float,projekt-base,C:\Coding\AI\projekt\conda_envs\base.yml,
36,C:\Coding\AI\Dataset\!masks_for_training\36,efficientnet,EfficientNet,ok,dirty_keyword_classes,2,int,projekt-base,C:\Coding\AI\projekt\conda_envs\base.yml,
36,C:\Coding\AI\Dataset\!masks_for_training\36,efficientnet,EfficientNet,ok,before_crop_count,6,int,projekt-base,C:\Coding\AI\projekt\conda_envs\base.yml,
36,C:\Coding\AI\Dataset\!masks_for_training\36,efficientnet,EfficientNet,ok,after_crop_count,6,int,projekt-base,C:\Coding\AI\projekt\conda_envs\base.yml,
36,C:\Coding\AI\Dataset\!masks_for_training\36,efficientnet,EfficientNet,ok,before_crop_dirty_prob_mean,0.743613,float,projekt-base,C:\Coding\AI\projekt\conda_envs\base.yml,
36,C:\Coding\AI\Dataset\!masks_for_training\36,efficientnet,EfficientNet,ok,after_crop_dirty_prob_mean,0.742657,float,projekt-base,C:\Coding\AI\projekt\conda_envs\base.yml,
36,C:\Coding\AI\Dataset\!masks_for_training\36,efficientnet,EfficientNet,ok,before_crop_dirty_prob_max,0.769749,float,projekt-base,C:\Coding\AI\projekt\conda_envs\base.yml,
36,C:\Coding\AI\Dataset\!masks_for_training\36,efficientnet,EfficientNet,ok,after_crop_dirty_prob_max,0.771531,float,projekt-base,C:\Coding\AI\projekt\conda_envs\base.yml,
36,C:\Coding\AI\Dataset\!masks_for_training\36,efficientnet,EfficientNet,ok,before_crop_support_ratio,1,float,projekt-base,C:\Coding\AI\projekt\conda_envs\base.yml,
36,C:\Coding\AI\Dataset\!masks_for_training\36,efficientnet,EfficientNet,ok,after_crop_support_ratio,1,float,projekt-base,C:\Coding\AI\projekt\conda_envs\base.yml,
36,C:\Coding\AI\Dataset\!masks_for_training\36,efficientnet,EfficientNet,ok,before_dirty_prob,0.762431,float,projekt-base,C:\Coding\AI\projekt\conda_envs\base.yml,
36,C:\Coding\AI\Dataset\!masks_for_training\36,efficientnet,EfficientNet,ok,after_dirty_prob,0.763446,float,projekt-base,C:\Coding\AI\projekt\conda_envs\base.yml,
36,C:\Coding\AI\Dataset\!masks_for_training\36,efficientnet,EfficientNet,ok,before_clean_prob,0.237569,float,projekt-base,C:\Coding\AI\projekt\conda_envs\base.yml,
36,C:\Coding\AI\Dataset\!masks_for_training\36,efficientnet,EfficientNet,ok,after_clean_prob,0.236554,float,projekt-base,C:\Coding\AI\projekt\conda_envs\base.yml,
36,C:\Coding\AI\Dataset\!masks_for_training\36,efficientnet,EfficientNet,ok,cleanup_delta,-0.001016,float,projekt-base,C:\Coding\AI\projekt\conda_envs\base.yml,
36,C:\Coding\AI\Dataset\!masks_for_training\36,efficientnet,EfficientNet,ok,cleanup_score,0,float,projekt-base,C:\Coding\AI\projekt\conda_envs\base.yml,
36,C:\Coding\AI\Dataset\!masks_for_training\36,efficientnet,EfficientNet,ok,dirty_prob_delta,0.001016,float,projekt-base,C:\Coding\AI\projekt\conda_envs\base.yml,
36,C:\Coding\AI\Dataset\!masks_for_training\36,efficientnet,EfficientNet,ok,dirty_prob_abs_delta,0.001016,float,projekt-base,C:\Coding\AI\projekt\conda_envs\base.yml,
36,C:\Coding\AI\Dataset\!masks_for_training\36,efficientnet,EfficientNet,ok,before_pred_label,dirty,str,projekt-base,C:\Coding\AI\projekt\conda_envs\base.yml,
36,C:\Coding\AI\Dataset\!masks_for_training\36,efficientnet,EfficientNet,ok,after_pred_label,dirty,str,projekt-base,C:\Coding\AI\projekt\conda_envs\base.yml,
36,C:\Coding\AI\Dataset\!masks_for_training\36,efficientnet,EfficientNet,ok,before_top1_label,dirty,str,projekt-base,C:\Coding\AI\projekt\conda_envs\base.yml,
36,C:\Coding\AI\Dataset\!masks_for_training\36,efficientnet,EfficientNet,ok,after_top1_label,dirty,str,projekt-base,C:\Coding\AI\projekt\conda_envs\base.yml,
36,C:\Coding\AI\Dataset\!masks_for_training\36,efficientnet,EfficientNet,ok,before_top1_prob,0.769749,float,projekt-base,C:\Coding\AI\projekt\conda_envs\base.yml,
36,C:\Coding\AI\Dataset\!masks_for_training\36,efficientnet,EfficientNet,ok,after_top1_prob,0.771531,float,projekt-base,C:\Coding\AI\projekt\conda_envs\base.yml,
36,C:\Coding\AI\Dataset\!masks_for_training\36,efficientnet,EfficientNet,ok,before_entropy_norm,0.819764,float,projekt-base,C:\Coding\AI\projekt\conda_envs\base.yml,
36,C:\Coding\AI\Dataset\!masks_for_training\36,efficientnet,EfficientNet,ok,after_entropy_norm,0.820578,float,projekt-base,C:\Coding\AI\projekt\conda_envs\base.yml,
36,C:\Coding\AI\Dataset\!masks_for_training\36,efficientnet,EfficientNet,ok,before_inference_ms,0,float,projekt-base,C:\Coding\AI\projekt\conda_envs\base.yml,
36,C:\Coding\AI\Dataset\!masks_for_training\36,efficientnet,EfficientNet,ok,after_inference_ms,0,float,projekt-base,C:\Coding\AI\projekt\conda_envs\base.yml,
36,C:\Coding\AI\Dataset\!masks_for_training\36,efficientnet,EfficientNet,ok,inference_ms_total,0,float,projekt-base,C:\Coding\AI\projekt\conda_envs\base.yml,
36,C:\Coding\AI\Dataset\!masks_for_training\36,sift_ransac,SIFT + RANSAC + difference map,error,,,,projekt-base,C:\Coding\AI\projekt\conda_envs\base.yml,"ValueError: operands could not be broadcast together with shapes (4032,3024,1) (4032,3024) "
36,C:\Coding\AI\Dataset\!masks_for_training\36,siamese_unet,Siamese U-Net,error,,,,projekt-base,C:\Coding\AI\projekt\conda_envs\base.yml,"ValueError: operands could not be broadcast together with shapes (4032,3024,1) (4032,3024) "
36,C:\Coding\AI\Dataset\!masks_for_training\36,yolov8_seg,YOLOv8-seg,ok,analysis_mode,yolov8_seg_pair,str,projekt-base,C:\Coding\AI\projekt\conda_envs\base.yml,
36,C:\Coding\AI\Dataset\!masks_for_training\36,yolov8_seg,YOLOv8-seg,ok,model_name,C:\Coding\AI\projekt\weights\yolov8m_trash_finetuned.pt,str,projekt-base,C:\Coding\AI\projekt\conda_envs\base.yml,
36,C:\Coding\AI\Dataset\!masks_for_training\36,yolov8_seg,YOLOv8-seg,ok,model_source,C:\Coding\AI\projekt\weights\yolov8m_seg_best_new+fine-tune.pt,str,projekt-base,C:\Coding\AI\projekt\conda_envs\base.yml,
36,C:\Coding\AI\Dataset\!masks_for_training\36,yolov8_seg,YOLOv8-seg,ok,device_requested,auto,str,projekt-base,C:\Coding\AI\projekt\conda_envs\base.yml,
36,C:\Coding\AI\Dataset\!masks_for_training\36,yolov8_seg,YOLOv8-seg,ok,device_used,cuda,str,projekt-base,C:\Coding\AI\projekt\conda_envs\base.yml,
36,C:\Coding\AI\Dataset\!masks_for_training\36,yolov8_seg,YOLOv8-seg,ok,force_cpu,False,bool,projekt-base,C:\Coding\AI\projekt\conda_envs\base.yml,
36,C:\Coding\AI\Dataset\!masks_for_training\36,yolov8_seg,YOLOv8-seg,ok,cuda_available,True,bool,projekt-base,C:\Coding\AI\projekt\conda_envs\base.yml,
36,C:\Coding\AI\Dataset\!masks_for_training\36,yolov8_seg,YOLOv8-seg,ok,image_size,1536,int,projekt-base,C:\Coding\AI\projekt\conda_envs\base.yml,
36,C:\Coding\AI\Dataset\!masks_for_training\36,yolov8_seg,YOLOv8-seg,ok,confidence_threshold,0.35,float,projekt-base,C:\Coding\AI\projekt\conda_envs\base.yml,
36,C:\Coding\AI\Dataset\!masks_for_training\36,yolov8_seg,YOLOv8-seg,ok,iou_threshold,0.4,float,projekt-base,C:\Coding\AI\projekt\conda_envs\base.yml,
36,C:\Coding\AI\Dataset\!masks_for_training\36,yolov8_seg,YOLOv8-seg,ok,tile_inference_mode,auto,str,projekt-base,C:\Coding\AI\projekt\conda_envs\base.yml,
36,C:\Coding\AI\Dataset\!masks_for_training\36,yolov8_seg,YOLOv8-seg,ok,tile_size,640,int,projekt-base,C:\Coding\AI\projekt\conda_envs\base.yml,
36,C:\Coding\AI\Dataset\!masks_for_training\36,yolov8_seg,YOLOv8-seg,ok,tile_overlap_ratio,0.5,float,projekt-base,C:\Coding\AI\projekt\conda_envs\base.yml,
36,C:\Coding\AI\Dataset\!masks_for_training\36,yolov8_seg,YOLOv8-seg,ok,before_tile_count,108,int,projekt-base,C:\Coding\AI\projekt\conda_envs\base.yml,
36,C:\Coding\AI\Dataset\!masks_for_training\36,yolov8_seg,YOLOv8-seg,ok,after_tile_count,108,int,projekt-base,C:\Coding\AI\projekt\conda_envs\base.yml,
36,C:\Coding\AI\Dataset\!masks_for_training\36,yolov8_seg,YOLOv8-seg,ok,selected_class_count,0,int,projekt-base,C:\Coding\AI\projekt\conda_envs\base.yml,
36,C:\Coding\AI\Dataset\!masks_for_training\36,yolov8_seg,YOLOv8-seg,ok,selected_class_ids,[],list,projekt-base,C:\Coding\AI\projekt\conda_envs\base.yml,
36,C:\Coding\AI\Dataset\!masks_for_training\36,yolov8_seg,YOLOv8-seg,ok,taco_dataset_root,C:\Coding\AI\projekt\datasets\TACO,str,projekt-base,C:\Coding\AI\projekt\conda_envs\base.yml,
36,C:\Coding\AI\Dataset\!masks_for_training\36,yolov8_seg,YOLOv8-seg,ok,taco_annotations_path,C:\Coding\AI\projekt\datasets\TACO\data\annotations.json,str,projekt-base,C:\Coding\AI\projekt\conda_envs\base.yml,
36,C:\Coding\AI\Dataset\!masks_for_training\36,yolov8_seg,YOLOv8-seg,ok,taco_export_root,C:\Coding\AI\projekt\datasets\TACO\yolo_seg,str,projekt-base,C:\Coding\AI\projekt\conda_envs\base.yml,
36,C:\Coding\AI\Dataset\!masks_for_training\36,yolov8_seg,YOLOv8-seg,ok,taco_data_yaml,C:\Coding\AI\projekt\datasets\TACO\yolo_seg\data.yaml,str,projekt-base,C:\Coding\AI\projekt\conda_envs\base.yml,
36,C:\Coding\AI\Dataset\!masks_for_training\36,yolov8_seg,YOLOv8-seg,ok,taco_source_images,1500,int,projekt-base,C:\Coding\AI\projekt\conda_envs\base.yml,
36,C:\Coding\AI\Dataset\!masks_for_training\36,yolov8_seg,YOLOv8-seg,ok,taco_exported_images,1500,int,projekt-base,C:\Coding\AI\projekt\conda_envs\base.yml,
36,C:\Coding\AI\Dataset\!masks_for_training\36,yolov8_seg,YOLOv8-seg,ok,taco_exported_labels,1500,int,projekt-base,C:\Coding\AI\projekt\conda_envs\base.yml,
36,C:\Coding\AI\Dataset\!masks_for_training\36,yolov8_seg,YOLOv8-seg,ok,taco_skipped_missing_images,0,int,projekt-base,C:\Coding\AI\projekt\conda_envs\base.yml,
36,C:\Coding\AI\Dataset\!masks_for_training\36,yolov8_seg,YOLOv8-seg,ok,taco_skipped_invalid_polygons,0,int,projekt-base,C:\Coding\AI\projekt\conda_envs\base.yml,
36,C:\Coding\AI\Dataset\!masks_for_training\36,yolov8_seg,YOLOv8-seg,ok,before_instance_count,12,int,projekt-base,C:\Coding\AI\projekt\conda_envs\base.yml,
36,C:\Coding\AI\Dataset\!masks_for_training\36,yolov8_seg,YOLOv8-seg,ok,after_instance_count,4,int,projekt-base,C:\Coding\AI\projekt\conda_envs\base.yml,
36,C:\Coding\AI\Dataset\!masks_for_training\36,yolov8_seg,YOLOv8-seg,ok,instance_count_total,16,int,projekt-base,C:\Coding\AI\projekt\conda_envs\base.yml,
36,C:\Coding\AI\Dataset\!masks_for_training\36,yolov8_seg,YOLOv8-seg,ok,before_mask_area_px,254685,int,projekt-base,C:\Coding\AI\projekt\conda_envs\base.yml,
36,C:\Coding\AI\Dataset\!masks_for_training\36,yolov8_seg,YOLOv8-seg,ok,after_mask_area_px,226253,int,projekt-base,C:\Coding\AI\projekt\conda_envs\base.yml,
36,C:\Coding\AI\Dataset\!masks_for_training\36,yolov8_seg,YOLOv8-seg,ok,before_mask_area_ratio,0.020888,float,projekt-base,C:\Coding\AI\projekt\conda_envs\base.yml,
36,C:\Coding\AI\Dataset\!masks_for_training\36,yolov8_seg,YOLOv8-seg,ok,after_mask_area_ratio,0.018556,float,projekt-base,C:\Coding\AI\projekt\conda_envs\base.yml,
36,C:\Coding\AI\Dataset\!masks_for_training\36,yolov8_seg,YOLOv8-seg,ok,mask_area_delta_px,-28432,int,projekt-base,C:\Coding\AI\projekt\conda_envs\base.yml,
36,C:\Coding\AI\Dataset\!masks_for_training\36,yolov8_seg,YOLOv8-seg,ok,mask_area_delta_ratio,-0.002332,float,projekt-base,C:\Coding\AI\projekt\conda_envs\base.yml,
36,C:\Coding\AI\Dataset\!masks_for_training\36,yolov8_seg,YOLOv8-seg,ok,before_bbox_area_px,290452,int,projekt-base,C:\Coding\AI\projekt\conda_envs\base.yml,
36,C:\Coding\AI\Dataset\!masks_for_training\36,yolov8_seg,YOLOv8-seg,ok,after_bbox_area_px,224125,int,projekt-base,C:\Coding\AI\projekt\conda_envs\base.yml,
36,C:\Coding\AI\Dataset\!masks_for_training\36,yolov8_seg,YOLOv8-seg,ok,before_mean_confidence,0.609437,float,projekt-base,C:\Coding\AI\projekt\conda_envs\base.yml,
36,C:\Coding\AI\Dataset\!masks_for_training\36,yolov8_seg,YOLOv8-seg,ok,after_mean_confidence,0.535185,float,projekt-base,C:\Coding\AI\projekt\conda_envs\base.yml,
36,C:\Coding\AI\Dataset\!masks_for_training\36,yolov8_seg,YOLOv8-seg,ok,before_inference_ms,2633.33,float,projekt-base,C:\Coding\AI\projekt\conda_envs\base.yml,
36,C:\Coding\AI\Dataset\!masks_for_training\36,yolov8_seg,YOLOv8-seg,ok,after_inference_ms,2435.32,float,projekt-base,C:\Coding\AI\projekt\conda_envs\base.yml,
36,C:\Coding\AI\Dataset\!masks_for_training\36,yolov8_seg,YOLOv8-seg,ok,inference_ms_total,5068.65,float,projekt-base,C:\Coding\AI\projekt\conda_envs\base.yml,
37,C:\Coding\AI\Dataset\!masks_for_training\37,changeformer,ChangeFormer,error,,,,projekt-base,C:\Coding\AI\projekt\conda_envs\base.yml,"ValueError: operands could not be broadcast together with shapes (4032,3024,1) (4032,3024) "
37,C:\Coding\AI\Dataset\!masks_for_training\37,efficientnet,EfficientNet,ok,analysis_mode,efficientnet_cls_pair,str,projekt-base,C:\Coding\AI\projekt\conda_envs\base.yml,
37,C:\Coding\AI\Dataset\!masks_for_training\37,efficientnet,EfficientNet,ok,inference_mode,heuristic_fallback,str,projekt-base,C:\Coding\AI\projekt\conda_envs\base.yml,
37,C:\Coding\AI\Dataset\!masks_for_training\37,efficientnet,EfficientNet,ok,model_name,efficientnet_b0,str,projekt-base,C:\Coding\AI\projekt\conda_envs\base.yml,
37,C:\Coding\AI\Dataset\!masks_for_training\37,efficientnet,EfficientNet,ok,model_source,None,str,projekt-base,C:\Coding\AI\projekt\conda_envs\base.yml,
37,C:\Coding\AI\Dataset\!masks_for_training\37,efficientnet,EfficientNet,ok,weights_path,C:\Coding\AI\projekt\weights\efficientnet_best.pt,str,projekt-base,C:\Coding\AI\projekt\conda_envs\base.yml,
37,C:\Coding\AI\Dataset\!masks_for_training\37,efficientnet,EfficientNet,ok,device_requested,auto,str,projekt-base,C:\Coding\AI\projekt\conda_envs\base.yml,
37,C:\Coding\AI\Dataset\!masks_for_training\37,efficientnet,EfficientNet,ok,device_used,cpu,str,projekt-base,C:\Coding\AI\projekt\conda_envs\base.yml,
37,C:\Coding\AI\Dataset\!masks_for_training\37,efficientnet,EfficientNet,ok,force_cpu,False,bool,projekt-base,C:\Coding\AI\projekt\conda_envs\base.yml,
37,C:\Coding\AI\Dataset\!masks_for_training\37,efficientnet,EfficientNet,ok,cuda_available,True,bool,projekt-base,C:\Coding\AI\projekt\conda_envs\base.yml,
37,C:\Coding\AI\Dataset\!masks_for_training\37,efficientnet,EfficientNet,ok,input_size,224,int,projekt-base,C:\Coding\AI\projekt\conda_envs\base.yml,
37,C:\Coding\AI\Dataset\!masks_for_training\37,efficientnet,EfficientNet,ok,dirty_threshold,0.42,float,projekt-base,C:\Coding\AI\projekt\conda_envs\base.yml,
37,C:\Coding\AI\Dataset\!masks_for_training\37,efficientnet,EfficientNet,ok,dirty_keyword_classes,2,int,projekt-base,C:\Coding\AI\projekt\conda_envs\base.yml,
37,C:\Coding\AI\Dataset\!masks_for_training\37,efficientnet,EfficientNet,ok,before_crop_count,6,int,projekt-base,C:\Coding\AI\projekt\conda_envs\base.yml,
37,C:\Coding\AI\Dataset\!masks_for_training\37,efficientnet,EfficientNet,ok,after_crop_count,6,int,projekt-base,C:\Coding\AI\projekt\conda_envs\base.yml,
37,C:\Coding\AI\Dataset\!masks_for_training\37,efficientnet,EfficientNet,ok,before_crop_dirty_prob_mean,0.607,float,projekt-base,C:\Coding\AI\projekt\conda_envs\base.yml,
37,C:\Coding\AI\Dataset\!masks_for_training\37,efficientnet,EfficientNet,ok,after_crop_dirty_prob_mean,0.623549,float,projekt-base,C:\Coding\AI\projekt\conda_envs\base.yml,
37,C:\Coding\AI\Dataset\!masks_for_training\37,efficientnet,EfficientNet,ok,before_crop_dirty_prob_max,0.654549,float,projekt-base,C:\Coding\AI\projekt\conda_envs\base.yml,
37,C:\Coding\AI\Dataset\!masks_for_training\37,efficientnet,EfficientNet,ok,after_crop_dirty_prob_max,0.672333,float,projekt-base,C:\Coding\AI\projekt\conda_envs\base.yml,
37,C:\Coding\AI\Dataset\!masks_for_training\37,efficientnet,EfficientNet,ok,before_crop_support_ratio,1,float,projekt-base,C:\Coding\AI\projekt\conda_envs\base.yml,
37,C:\Coding\AI\Dataset\!masks_for_training\37,efficientnet,EfficientNet,ok,after_crop_support_ratio,1,float,projekt-base,C:\Coding\AI\projekt\conda_envs\base.yml,
37,C:\Coding\AI\Dataset\!masks_for_training\37,efficientnet,EfficientNet,ok,before_dirty_prob,0.641235,float,projekt-base,C:\Coding\AI\projekt\conda_envs\base.yml,
37,C:\Coding\AI\Dataset\!masks_for_training\37,efficientnet,EfficientNet,ok,after_dirty_prob,0.658673,float,projekt-base,C:\Coding\AI\projekt\conda_envs\base.yml,
37,C:\Coding\AI\Dataset\!masks_for_training\37,efficientnet,EfficientNet,ok,before_clean_prob,0.358765,float,projekt-base,C:\Coding\AI\projekt\conda_envs\base.yml,
37,C:\Coding\AI\Dataset\!masks_for_training\37,efficientnet,EfficientNet,ok,after_clean_prob,0.341327,float,projekt-base,C:\Coding\AI\projekt\conda_envs\base.yml,
37,C:\Coding\AI\Dataset\!masks_for_training\37,efficientnet,EfficientNet,ok,cleanup_delta,-0.017438,float,projekt-base,C:\Coding\AI\projekt\conda_envs\base.yml,
37,C:\Coding\AI\Dataset\!masks_for_training\37,efficientnet,EfficientNet,ok,cleanup_score,0,float,projekt-base,C:\Coding\AI\projekt\conda_envs\base.yml,
37,C:\Coding\AI\Dataset\!masks_for_training\37,efficientnet,EfficientNet,ok,dirty_prob_delta,0.017438,float,projekt-base,C:\Coding\AI\projekt\conda_envs\base.yml,
37,C:\Coding\AI\Dataset\!masks_for_training\37,efficientnet,EfficientNet,ok,dirty_prob_abs_delta,0.017438,float,projekt-base,C:\Coding\AI\projekt\conda_envs\base.yml,
37,C:\Coding\AI\Dataset\!masks_for_training\37,efficientnet,EfficientNet,ok,before_pred_label,dirty,str,projekt-base,C:\Coding\AI\projekt\conda_envs\base.yml,
37,C:\Coding\AI\Dataset\!masks_for_training\37,efficientnet,EfficientNet,ok,after_pred_label,dirty,str,projekt-base,C:\Coding\AI\projekt\conda_envs\base.yml,
37,C:\Coding\AI\Dataset\!masks_for_training\37,efficientnet,EfficientNet,ok,before_top1_label,dirty,str,projekt-base,C:\Coding\AI\projekt\conda_envs\base.yml,
37,C:\Coding\AI\Dataset\!masks_for_training\37,efficientnet,EfficientNet,ok,after_top1_label,dirty,str,projekt-base,C:\Coding\AI\projekt\conda_envs\base.yml,
37,C:\Coding\AI\Dataset\!masks_for_training\37,efficientnet,EfficientNet,ok,before_top1_prob,0.654549,float,projekt-base,C:\Coding\AI\projekt\conda_envs\base.yml,
37,C:\Coding\AI\Dataset\!masks_for_training\37,efficientnet,EfficientNet,ok,after_top1_prob,0.672333,float,projekt-base,C:\Coding\AI\projekt\conda_envs\base.yml,
37,C:\Coding\AI\Dataset\!masks_for_training\37,efficientnet,EfficientNet,ok,before_entropy_norm,0.965205,float,projekt-base,C:\Coding\AI\projekt\conda_envs\base.yml,
37,C:\Coding\AI\Dataset\!masks_for_training\37,efficientnet,EfficientNet,ok,after_entropy_norm,0.953787,float,projekt-base,C:\Coding\AI\projekt\conda_envs\base.yml,
37,C:\Coding\AI\Dataset\!masks_for_training\37,efficientnet,EfficientNet,ok,before_inference_ms,0,float,projekt-base,C:\Coding\AI\projekt\conda_envs\base.yml,
37,C:\Coding\AI\Dataset\!masks_for_training\37,efficientnet,EfficientNet,ok,after_inference_ms,0,float,projekt-base,C:\Coding\AI\projekt\conda_envs\base.yml,
37,C:\Coding\AI\Dataset\!masks_for_training\37,efficientnet,EfficientNet,ok,inference_ms_total,0,float,projekt-base,C:\Coding\AI\projekt\conda_envs\base.yml,
37,C:\Coding\AI\Dataset\!masks_for_training\37,sift_ransac,SIFT + RANSAC + difference map,error,,,,projekt-base,C:\Coding\AI\projekt\conda_envs\base.yml,"ValueError: operands could not be broadcast together with shapes (4032,3024,1) (4032,3024) "
37,C:\Coding\AI\Dataset\!masks_for_training\37,siamese_unet,Siamese U-Net,error,,,,projekt-base,C:\Coding\AI\projekt\conda_envs\base.yml,"ValueError: operands could not be broadcast together with shapes (4032,3024,1) (4032,3024) "
37,C:\Coding\AI\Dataset\!masks_for_training\37,yolov8_seg,YOLOv8-seg,ok,analysis_mode,yolov8_seg_pair,str,projekt-base,C:\Coding\AI\projekt\conda_envs\base.yml,
37,C:\Coding\AI\Dataset\!masks_for_training\37,yolov8_seg,YOLOv8-seg,ok,model_name,C:\Coding\AI\projekt\weights\yolov8m_trash_finetuned.pt,str,projekt-base,C:\Coding\AI\projekt\conda_envs\base.yml,
37,C:\Coding\AI\Dataset\!masks_for_training\37,yolov8_seg,YOLOv8-seg,ok,model_source,C:\Coding\AI\projekt\weights\yolov8m_seg_best_new+fine-tune.pt,str,projekt-base,C:\Coding\AI\projekt\conda_envs\base.yml,
37,C:\Coding\AI\Dataset\!masks_for_training\37,yolov8_seg,YOLOv8-seg,ok,device_requested,auto,str,projekt-base,C:\Coding\AI\projekt\conda_envs\base.yml,
37,C:\Coding\AI\Dataset\!masks_for_training\37,yolov8_seg,YOLOv8-seg,ok,device_used,cuda,str,projekt-base,C:\Coding\AI\projekt\conda_envs\base.yml,
37,C:\Coding\AI\Dataset\!masks_for_training\37,yolov8_seg,YOLOv8-seg,ok,force_cpu,False,bool,projekt-base,C:\Coding\AI\projekt\conda_envs\base.yml,
37,C:\Coding\AI\Dataset\!masks_for_training\37,yolov8_seg,YOLOv8-seg,ok,cuda_available,True,bool,projekt-base,C:\Coding\AI\projekt\conda_envs\base.yml,
37,C:\Coding\AI\Dataset\!masks_for_training\37,yolov8_seg,YOLOv8-seg,ok,image_size,1536,int,projekt-base,C:\Coding\AI\projekt\conda_envs\base.yml,
37,C:\Coding\AI\Dataset\!masks_for_training\37,yolov8_seg,YOLOv8-seg,ok,confidence_threshold,0.35,float,projekt-base,C:\Coding\AI\projekt\conda_envs\base.yml,
37,C:\Coding\AI\Dataset\!masks_for_training\37,yolov8_seg,YOLOv8-seg,ok,iou_threshold,0.4,float,projekt-base,C:\Coding\AI\projekt\conda_envs\base.yml,
37,C:\Coding\AI\Dataset\!masks_for_training\37,yolov8_seg,YOLOv8-seg,ok,tile_inference_mode,auto,str,projekt-base,C:\Coding\AI\projekt\conda_envs\base.yml,
37,C:\Coding\AI\Dataset\!masks_for_training\37,yolov8_seg,YOLOv8-seg,ok,tile_size,640,int,projekt-base,C:\Coding\AI\projekt\conda_envs\base.yml,
37,C:\Coding\AI\Dataset\!masks_for_training\37,yolov8_seg,YOLOv8-seg,ok,tile_overlap_ratio,0.5,float,projekt-base,C:\Coding\AI\projekt\conda_envs\base.yml,
37,C:\Coding\AI\Dataset\!masks_for_training\37,yolov8_seg,YOLOv8-seg,ok,before_tile_count,108,int,projekt-base,C:\Coding\AI\projekt\conda_envs\base.yml,
37,C:\Coding\AI\Dataset\!masks_for_training\37,yolov8_seg,YOLOv8-seg,ok,after_tile_count,108,int,projekt-base,C:\Coding\AI\projekt\conda_envs\base.yml,
37,C:\Coding\AI\Dataset\!masks_for_training\37,yolov8_seg,YOLOv8-seg,ok,selected_class_count,0,int,projekt-base,C:\Coding\AI\projekt\conda_envs\base.yml,
37,C:\Coding\AI\Dataset\!masks_for_training\37,yolov8_seg,YOLOv8-seg,ok,selected_class_ids,[],list,projekt-base,C:\Coding\AI\projekt\conda_envs\base.yml,
37,C:\Coding\AI\Dataset\!masks_for_training\37,yolov8_seg,YOLOv8-seg,ok,taco_dataset_root,C:\Coding\AI\projekt\datasets\TACO,str,projekt-base,C:\Coding\AI\projekt\conda_envs\base.yml,
37,C:\Coding\AI\Dataset\!masks_for_training\37,yolov8_seg,YOLOv8-seg,ok,taco_annotations_path,C:\Coding\AI\projekt\datasets\TACO\data\annotations.json,str,projekt-base,C:\Coding\AI\projekt\conda_envs\base.yml,
37,C:\Coding\AI\Dataset\!masks_for_training\37,yolov8_seg,YOLOv8-seg,ok,taco_export_root,C:\Coding\AI\projekt\datasets\TACO\yolo_seg,str,projekt-base,C:\Coding\AI\projekt\conda_envs\base.yml,
37,C:\Coding\AI\Dataset\!masks_for_training\37,yolov8_seg,YOLOv8-seg,ok,taco_data_yaml,C:\Coding\AI\projekt\datasets\TACO\yolo_seg\data.yaml,str,projekt-base,C:\Coding\AI\projekt\conda_envs\base.yml,
37,C:\Coding\AI\Dataset\!masks_for_training\37,yolov8_seg,YOLOv8-seg,ok,taco_source_images,1500,int,projekt-base,C:\Coding\AI\projekt\conda_envs\base.yml,
37,C:\Coding\AI\Dataset\!masks_for_training\37,yolov8_seg,YOLOv8-seg,ok,taco_exported_images,1500,int,projekt-base,C:\Coding\AI\projekt\conda_envs\base.yml,
37,C:\Coding\AI\Dataset\!masks_for_training\37,yolov8_seg,YOLOv8-seg,ok,taco_exported_labels,1500,int,projekt-base,C:\Coding\AI\projekt\conda_envs\base.yml,
37,C:\Coding\AI\Dataset\!masks_for_training\37,yolov8_seg,YOLOv8-seg,ok,taco_skipped_missing_images,0,int,projekt-base,C:\Coding\AI\projekt\conda_envs\base.yml,
37,C:\Coding\AI\Dataset\!masks_for_training\37,yolov8_seg,YOLOv8-seg,ok,taco_skipped_invalid_polygons,0,int,projekt-base,C:\Coding\AI\projekt\conda_envs\base.yml,
37,C:\Coding\AI\Dataset\!masks_for_training\37,yolov8_seg,YOLOv8-seg,ok,before_instance_count,3,int,projekt-base,C:\Coding\AI\projekt\conda_envs\base.yml,
37,C:\Coding\AI\Dataset\!masks_for_training\37,yolov8_seg,YOLOv8-seg,ok,after_instance_count,0,int,projekt-base,C:\Coding\AI\projekt\conda_envs\base.yml,
37,C:\Coding\AI\Dataset\!masks_for_training\37,yolov8_seg,YOLOv8-seg,ok,instance_count_total,3,int,projekt-base,C:\Coding\AI\projekt\conda_envs\base.yml,
37,C:\Coding\AI\Dataset\!masks_for_training\37,yolov8_seg,YOLOv8-seg,ok,before_mask_area_px,42231,int,projekt-base,C:\Coding\AI\projekt\conda_envs\base.yml,
37,C:\Coding\AI\Dataset\!masks_for_training\37,yolov8_seg,YOLOv8-seg,ok,after_mask_area_px,0,int,projekt-base,C:\Coding\AI\projekt\conda_envs\base.yml,
37,C:\Coding\AI\Dataset\!masks_for_training\37,yolov8_seg,YOLOv8-seg,ok,before_mask_area_ratio,0.003464,float,projekt-base,C:\Coding\AI\projekt\conda_envs\base.yml,
37,C:\Coding\AI\Dataset\!masks_for_training\37,yolov8_seg,YOLOv8-seg,ok,after_mask_area_ratio,0,float,projekt-base,C:\Coding\AI\projekt\conda_envs\base.yml,
37,C:\Coding\AI\Dataset\!masks_for_training\37,yolov8_seg,YOLOv8-seg,ok,mask_area_delta_px,-42231,int,projekt-base,C:\Coding\AI\projekt\conda_envs\base.yml,
37,C:\Coding\AI\Dataset\!masks_for_training\37,yolov8_seg,YOLOv8-seg,ok,mask_area_delta_ratio,-0.003464,float,projekt-base,C:\Coding\AI\projekt\conda_envs\base.yml,
37,C:\Coding\AI\Dataset\!masks_for_training\37,yolov8_seg,YOLOv8-seg,ok,before_bbox_area_px,56506,int,projekt-base,C:\Coding\AI\projekt\conda_envs\base.yml,
37,C:\Coding\AI\Dataset\!masks_for_training\37,yolov8_seg,YOLOv8-seg,ok,after_bbox_area_px,0,int,projekt-base,C:\Coding\AI\projekt\conda_envs\base.yml,
37,C:\Coding\AI\Dataset\!masks_for_training\37,yolov8_seg,YOLOv8-seg,ok,before_mean_confidence,0.58602,float,projekt-base,C:\Coding\AI\projekt\conda_envs\base.yml,
37,C:\Coding\AI\Dataset\!masks_for_training\37,yolov8_seg,YOLOv8-seg,ok,after_mean_confidence,0,float,projekt-base,C:\Coding\AI\projekt\conda_envs\base.yml,
37,C:\Coding\AI\Dataset\!masks_for_training\37,yolov8_seg,YOLOv8-seg,ok,before_inference_ms,2259.57,float,projekt-base,C:\Coding\AI\projekt\conda_envs\base.yml,
37,C:\Coding\AI\Dataset\!masks_for_training\37,yolov8_seg,YOLOv8-seg,ok,after_inference_ms,2593.09,float,projekt-base,C:\Coding\AI\projekt\conda_envs\base.yml,
37,C:\Coding\AI\Dataset\!masks_for_training\37,yolov8_seg,YOLOv8-seg,ok,inference_ms_total,4852.66,float,projekt-base,C:\Coding\AI\projekt\conda_envs\base.yml,
38,C:\Coding\AI\Dataset\!masks_for_training\38,changeformer,ChangeFormer,error,,,,projekt-base,C:\Coding\AI\projekt\conda_envs\base.yml,"ValueError: operands could not be broadcast together with shapes (4032,3024,1) (4032,3024) "
38,C:\Coding\AI\Dataset\!masks_for_training\38,efficientnet,EfficientNet,ok,analysis_mode,efficientnet_cls_pair,str,projekt-base,C:\Coding\AI\projekt\conda_envs\base.yml,
38,C:\Coding\AI\Dataset\!masks_for_training\38,efficientnet,EfficientNet,ok,inference_mode,heuristic_fallback,str,projekt-base,C:\Coding\AI\projekt\conda_envs\base.yml,
38,C:\Coding\AI\Dataset\!masks_for_training\38,efficientnet,EfficientNet,ok,model_name,efficientnet_b0,str,projekt-base,C:\Coding\AI\projekt\conda_envs\base.yml,
38,C:\Coding\AI\Dataset\!masks_for_training\38,efficientnet,EfficientNet,ok,model_source,None,str,projekt-base,C:\Coding\AI\projekt\conda_envs\base.yml,
38,C:\Coding\AI\Dataset\!masks_for_training\38,efficientnet,EfficientNet,ok,weights_path,C:\Coding\AI\projekt\weights\efficientnet_best.pt,str,projekt-base,C:\Coding\AI\projekt\conda_envs\base.yml,
38,C:\Coding\AI\Dataset\!masks_for_training\38,efficientnet,EfficientNet,ok,device_requested,auto,str,projekt-base,C:\Coding\AI\projekt\conda_envs\base.yml,
38,C:\Coding\AI\Dataset\!masks_for_training\38,efficientnet,EfficientNet,ok,device_used,cpu,str,projekt-base,C:\Coding\AI\projekt\conda_envs\base.yml,
38,C:\Coding\AI\Dataset\!masks_for_training\38,efficientnet,EfficientNet,ok,force_cpu,False,bool,projekt-base,C:\Coding\AI\projekt\conda_envs\base.yml,
38,C:\Coding\AI\Dataset\!masks_for_training\38,efficientnet,EfficientNet,ok,cuda_available,True,bool,projekt-base,C:\Coding\AI\projekt\conda_envs\base.yml,
38,C:\Coding\AI\Dataset\!masks_for_training\38,efficientnet,EfficientNet,ok,input_size,224,int,projekt-base,C:\Coding\AI\projekt\conda_envs\base.yml,
38,C:\Coding\AI\Dataset\!masks_for_training\38,efficientnet,EfficientNet,ok,dirty_threshold,0.42,float,projekt-base,C:\Coding\AI\projekt\conda_envs\base.yml,
38,C:\Coding\AI\Dataset\!masks_for_training\38,efficientnet,EfficientNet,ok,dirty_keyword_classes,2,int,projekt-base,C:\Coding\AI\projekt\conda_envs\base.yml,
38,C:\Coding\AI\Dataset\!masks_for_training\38,efficientnet,EfficientNet,ok,before_crop_count,6,int,projekt-base,C:\Coding\AI\projekt\conda_envs\base.yml,
38,C:\Coding\AI\Dataset\!masks_for_training\38,efficientnet,EfficientNet,ok,after_crop_count,6,int,projekt-base,C:\Coding\AI\projekt\conda_envs\base.yml,
38,C:\Coding\AI\Dataset\!masks_for_training\38,efficientnet,EfficientNet,ok,before_crop_dirty_prob_mean,0.550618,float,projekt-base,C:\Coding\AI\projekt\conda_envs\base.yml,
38,C:\Coding\AI\Dataset\!masks_for_training\38,efficientnet,EfficientNet,ok,after_crop_dirty_prob_mean,0.5396,float,projekt-base,C:\Coding\AI\projekt\conda_envs\base.yml,
38,C:\Coding\AI\Dataset\!masks_for_training\38,efficientnet,EfficientNet,ok,before_crop_dirty_prob_max,0.611773,float,projekt-base,C:\Coding\AI\projekt\conda_envs\base.yml,
38,C:\Coding\AI\Dataset\!masks_for_training\38,efficientnet,EfficientNet,ok,after_crop_dirty_prob_max,0.630006,float,projekt-base,C:\Coding\AI\projekt\conda_envs\base.yml,
38,C:\Coding\AI\Dataset\!masks_for_training\38,efficientnet,EfficientNet,ok,before_crop_support_ratio,1,float,projekt-base,C:\Coding\AI\projekt\conda_envs\base.yml,
38,C:\Coding\AI\Dataset\!masks_for_training\38,efficientnet,EfficientNet,ok,after_crop_support_ratio,1,float,projekt-base,C:\Coding\AI\projekt\conda_envs\base.yml,
38,C:\Coding\AI\Dataset\!masks_for_training\38,efficientnet,EfficientNet,ok,before_dirty_prob,0.594649,float,projekt-base,C:\Coding\AI\projekt\conda_envs\base.yml,
38,C:\Coding\AI\Dataset\!masks_for_training\38,efficientnet,EfficientNet,ok,after_dirty_prob,0.604692,float,projekt-base,C:\Coding\AI\projekt\conda_envs\base.yml,
38,C:\Coding\AI\Dataset\!masks_for_training\38,efficientnet,EfficientNet,ok,before_clean_prob,0.405351,float,projekt-base,C:\Coding\AI\projekt\conda_envs\base.yml,
38,C:\Coding\AI\Dataset\!masks_for_training\38,efficientnet,EfficientNet,ok,after_clean_prob,0.395308,float,projekt-base,C:\Coding\AI\projekt\conda_envs\base.yml,
38,C:\Coding\AI\Dataset\!masks_for_training\38,efficientnet,EfficientNet,ok,cleanup_delta,-0.010043,float,projekt-base,C:\Coding\AI\projekt\conda_envs\base.yml,
38,C:\Coding\AI\Dataset\!masks_for_training\38,efficientnet,EfficientNet,ok,cleanup_score,0,float,projekt-base,C:\Coding\AI\projekt\conda_envs\base.yml,
38,C:\Coding\AI\Dataset\!masks_for_training\38,efficientnet,EfficientNet,ok,dirty_prob_delta,0.010043,float,projekt-base,C:\Coding\AI\projekt\conda_envs\base.yml,
38,C:\Coding\AI\Dataset\!masks_for_training\38,efficientnet,EfficientNet,ok,dirty_prob_abs_delta,0.010043,float,projekt-base,C:\Coding\AI\projekt\conda_envs\base.yml,
38,C:\Coding\AI\Dataset\!masks_for_training\38,efficientnet,EfficientNet,ok,before_pred_label,dirty,str,projekt-base,C:\Coding\AI\projekt\conda_envs\base.yml,
38,C:\Coding\AI\Dataset\!masks_for_training\38,efficientnet,EfficientNet,ok,after_pred_label,dirty,str,projekt-base,C:\Coding\AI\projekt\conda_envs\base.yml,
38,C:\Coding\AI\Dataset\!masks_for_training\38,efficientnet,EfficientNet,ok,before_top1_label,dirty,str,projekt-base,C:\Coding\AI\projekt\conda_envs\base.yml,
38,C:\Coding\AI\Dataset\!masks_for_training\38,efficientnet,EfficientNet,ok,after_top1_label,dirty,str,projekt-base,C:\Coding\AI\projekt\conda_envs\base.yml,
38,C:\Coding\AI\Dataset\!masks_for_training\38,efficientnet,EfficientNet,ok,before_top1_prob,0.611773,float,projekt-base,C:\Coding\AI\projekt\conda_envs\base.yml,
38,C:\Coding\AI\Dataset\!masks_for_training\38,efficientnet,EfficientNet,ok,after_top1_prob,0.630006,float,projekt-base,C:\Coding\AI\projekt\conda_envs\base.yml,
38,C:\Coding\AI\Dataset\!masks_for_training\38,efficientnet,EfficientNet,ok,before_entropy_norm,0.984664,float,projekt-base,C:\Coding\AI\projekt\conda_envs\base.yml,
38,C:\Coding\AI\Dataset\!masks_for_training\38,efficientnet,EfficientNet,ok,after_entropy_norm,0.983521,float,projekt-base,C:\Coding\AI\projekt\conda_envs\base.yml,
38,C:\Coding\AI\Dataset\!masks_for_training\38,efficientnet,EfficientNet,ok,before_inference_ms,0,float,projekt-base,C:\Coding\AI\projekt\conda_envs\base.yml,
38,C:\Coding\AI\Dataset\!masks_for_training\38,efficientnet,EfficientNet,ok,after_inference_ms,0,float,projekt-base,C:\Coding\AI\projekt\conda_envs\base.yml,
38,C:\Coding\AI\Dataset\!masks_for_training\38,efficientnet,EfficientNet,ok,inference_ms_total,0,float,projekt-base,C:\Coding\AI\projekt\conda_envs\base.yml,
38,C:\Coding\AI\Dataset\!masks_for_training\38,sift_ransac,SIFT + RANSAC + difference map,error,,,,projekt-base,C:\Coding\AI\projekt\conda_envs\base.yml,"ValueError: operands could not be broadcast together with shapes (4032,3024,1) (4032,3024) "
38,C:\Coding\AI\Dataset\!masks_for_training\38,siamese_unet,Siamese U-Net,error,,,,projekt-base,C:\Coding\AI\projekt\conda_envs\base.yml,"ValueError: operands could not be broadcast together with shapes (4032,3024,1) (4032,3024) "
38,C:\Coding\AI\Dataset\!masks_for_training\38,yolov8_seg,YOLOv8-seg,ok,analysis_mode,yolov8_seg_pair,str,projekt-base,C:\Coding\AI\projekt\conda_envs\base.yml,
38,C:\Coding\AI\Dataset\!masks_for_training\38,yolov8_seg,YOLOv8-seg,ok,model_name,C:\Coding\AI\projekt\weights\yolov8m_trash_finetuned.pt,str,projekt-base,C:\Coding\AI\projekt\conda_envs\base.yml,
38,C:\Coding\AI\Dataset\!masks_for_training\38,yolov8_seg,YOLOv8-seg,ok,model_source,C:\Coding\AI\projekt\weights\yolov8m_seg_best_new+fine-tune.pt,str,projekt-base,C:\Coding\AI\projekt\conda_envs\base.yml,
38,C:\Coding\AI\Dataset\!masks_for_training\38,yolov8_seg,YOLOv8-seg,ok,device_requested,auto,str,projekt-base,C:\Coding\AI\projekt\conda_envs\base.yml,
38,C:\Coding\AI\Dataset\!masks_for_training\38,yolov8_seg,YOLOv8-seg,ok,device_used,cuda,str,projekt-base,C:\Coding\AI\projekt\conda_envs\base.yml,
38,C:\Coding\AI\Dataset\!masks_for_training\38,yolov8_seg,YOLOv8-seg,ok,force_cpu,False,bool,projekt-base,C:\Coding\AI\projekt\conda_envs\base.yml,
38,C:\Coding\AI\Dataset\!masks_for_training\38,yolov8_seg,YOLOv8-seg,ok,cuda_available,True,bool,projekt-base,C:\Coding\AI\projekt\conda_envs\base.yml,
38,C:\Coding\AI\Dataset\!masks_for_training\38,yolov8_seg,YOLOv8-seg,ok,image_size,1536,int,projekt-base,C:\Coding\AI\projekt\conda_envs\base.yml,
38,C:\Coding\AI\Dataset\!masks_for_training\38,yolov8_seg,YOLOv8-seg,ok,confidence_threshold,0.35,float,projekt-base,C:\Coding\AI\projekt\conda_envs\base.yml,
38,C:\Coding\AI\Dataset\!masks_for_training\38,yolov8_seg,YOLOv8-seg,ok,iou_threshold,0.4,float,projekt-base,C:\Coding\AI\projekt\conda_envs\base.yml,
38,C:\Coding\AI\Dataset\!masks_for_training\38,yolov8_seg,YOLOv8-seg,ok,tile_inference_mode,auto,str,projekt-base,C:\Coding\AI\projekt\conda_envs\base.yml,
38,C:\Coding\AI\Dataset\!masks_for_training\38,yolov8_seg,YOLOv8-seg,ok,tile_size,640,int,projekt-base,C:\Coding\AI\projekt\conda_envs\base.yml,
38,C:\Coding\AI\Dataset\!masks_for_training\38,yolov8_seg,YOLOv8-seg,ok,tile_overlap_ratio,0.5,float,projekt-base,C:\Coding\AI\projekt\conda_envs\base.yml,
38,C:\Coding\AI\Dataset\!masks_for_training\38,yolov8_seg,YOLOv8-seg,ok,before_tile_count,108,int,projekt-base,C:\Coding\AI\projekt\conda_envs\base.yml,
38,C:\Coding\AI\Dataset\!masks_for_training\38,yolov8_seg,YOLOv8-seg,ok,after_tile_count,108,int,projekt-base,C:\Coding\AI\projekt\conda_envs\base.yml,
38,C:\Coding\AI\Dataset\!masks_for_training\38,yolov8_seg,YOLOv8-seg,ok,selected_class_count,0,int,projekt-base,C:\Coding\AI\projekt\conda_envs\base.yml,
38,C:\Coding\AI\Dataset\!masks_for_training\38,yolov8_seg,YOLOv8-seg,ok,selected_class_ids,[],list,projekt-base,C:\Coding\AI\projekt\conda_envs\base.yml,
38,C:\Coding\AI\Dataset\!masks_for_training\38,yolov8_seg,YOLOv8-seg,ok,taco_dataset_root,C:\Coding\AI\projekt\datasets\TACO,str,projekt-base,C:\Coding\AI\projekt\conda_envs\base.yml,
38,C:\Coding\AI\Dataset\!masks_for_training\38,yolov8_seg,YOLOv8-seg,ok,taco_annotations_path,C:\Coding\AI\projekt\datasets\TACO\data\annotations.json,str,projekt-base,C:\Coding\AI\projekt\conda_envs\base.yml,
38,C:\Coding\AI\Dataset\!masks_for_training\38,yolov8_seg,YOLOv8-seg,ok,taco_export_root,C:\Coding\AI\projekt\datasets\TACO\yolo_seg,str,projekt-base,C:\Coding\AI\projekt\conda_envs\base.yml,
38,C:\Coding\AI\Dataset\!masks_for_training\38,yolov8_seg,YOLOv8-seg,ok,taco_data_yaml,C:\Coding\AI\projekt\datasets\TACO\yolo_seg\data.yaml,str,projekt-base,C:\Coding\AI\projekt\conda_envs\base.yml,
38,C:\Coding\AI\Dataset\!masks_for_training\38,yolov8_seg,YOLOv8-seg,ok,taco_source_images,1500,int,projekt-base,C:\Coding\AI\projekt\conda_envs\base.yml,
38,C:\Coding\AI\Dataset\!masks_for_training\38,yolov8_seg,YOLOv8-seg,ok,taco_exported_images,1500,int,projekt-base,C:\Coding\AI\projekt\conda_envs\base.yml,
38,C:\Coding\AI\Dataset\!masks_for_training\38,yolov8_seg,YOLOv8-seg,ok,taco_exported_labels,1500,int,projekt-base,C:\Coding\AI\projekt\conda_envs\base.yml,
38,C:\Coding\AI\Dataset\!masks_for_training\38,yolov8_seg,YOLOv8-seg,ok,taco_skipped_missing_images,0,int,projekt-base,C:\Coding\AI\projekt\conda_envs\base.yml,
38,C:\Coding\AI\Dataset\!masks_for_training\38,yolov8_seg,YOLOv8-seg,ok,taco_skipped_invalid_polygons,0,int,projekt-base,C:\Coding\AI\projekt\conda_envs\base.yml,
38,C:\Coding\AI\Dataset\!masks_for_training\38,yolov8_seg,YOLOv8-seg,ok,before_instance_count,23,int,projekt-base,C:\Coding\AI\projekt\conda_envs\base.yml,
38,C:\Coding\AI\Dataset\!masks_for_training\38,yolov8_seg,YOLOv8-seg,ok,after_instance_count,4,int,projekt-base,C:\Coding\AI\projekt\conda_envs\base.yml,
38,C:\Coding\AI\Dataset\!masks_for_training\38,yolov8_seg,YOLOv8-seg,ok,instance_count_total,27,int,projekt-base,C:\Coding\AI\projekt\conda_envs\base.yml,
38,C:\Coding\AI\Dataset\!masks_for_training\38,yolov8_seg,YOLOv8-seg,ok,before_mask_area_px,295799,int,projekt-base,C:\Coding\AI\projekt\conda_envs\base.yml,
38,C:\Coding\AI\Dataset\!masks_for_training\38,yolov8_seg,YOLOv8-seg,ok,after_mask_area_px,2572,int,projekt-base,C:\Coding\AI\projekt\conda_envs\base.yml,
38,C:\Coding\AI\Dataset\!masks_for_training\38,yolov8_seg,YOLOv8-seg,ok,before_mask_area_ratio,0.02426,float,projekt-base,C:\Coding\AI\projekt\conda_envs\base.yml,
38,C:\Coding\AI\Dataset\!masks_for_training\38,yolov8_seg,YOLOv8-seg,ok,after_mask_area_ratio,0.000211,float,projekt-base,C:\Coding\AI\projekt\conda_envs\base.yml,
38,C:\Coding\AI\Dataset\!masks_for_training\38,yolov8_seg,YOLOv8-seg,ok,mask_area_delta_px,-293227,int,projekt-base,C:\Coding\AI\projekt\conda_envs\base.yml,
38,C:\Coding\AI\Dataset\!masks_for_training\38,yolov8_seg,YOLOv8-seg,ok,mask_area_delta_ratio,-0.024049,float,projekt-base,C:\Coding\AI\projekt\conda_envs\base.yml,
38,C:\Coding\AI\Dataset\!masks_for_training\38,yolov8_seg,YOLOv8-seg,ok,before_bbox_area_px,1049317,int,projekt-base,C:\Coding\AI\projekt\conda_envs\base.yml,
38,C:\Coding\AI\Dataset\!masks_for_training\38,yolov8_seg,YOLOv8-seg,ok,after_bbox_area_px,5245,int,projekt-base,C:\Coding\AI\projekt\conda_envs\base.yml,
38,C:\Coding\AI\Dataset\!masks_for_training\38,yolov8_seg,YOLOv8-seg,ok,before_mean_confidence,0.623017,float,projekt-base,C:\Coding\AI\projekt\conda_envs\base.yml,
38,C:\Coding\AI\Dataset\!masks_for_training\38,yolov8_seg,YOLOv8-seg,ok,after_mean_confidence,0.471685,float,projekt-base,C:\Coding\AI\projekt\conda_envs\base.yml,
38,C:\Coding\AI\Dataset\!masks_for_training\38,yolov8_seg,YOLOv8-seg,ok,before_inference_ms,3019.6,float,projekt-base,C:\Coding\AI\projekt\conda_envs\base.yml,
38,C:\Coding\AI\Dataset\!masks_for_training\38,yolov8_seg,YOLOv8-seg,ok,after_inference_ms,2480.81,float,projekt-base,C:\Coding\AI\projekt\conda_envs\base.yml,
38,C:\Coding\AI\Dataset\!masks_for_training\38,yolov8_seg,YOLOv8-seg,ok,inference_ms_total,5500.42,float,projekt-base,C:\Coding\AI\projekt\conda_envs\base.yml,
39,C:\Coding\AI\Dataset\!masks_for_training\39,changeformer,ChangeFormer,error,,,,projekt-base,C:\Coding\AI\projekt\conda_envs\base.yml,"ValueError: operands could not be broadcast together with shapes (4032,3024,1) (4032,3024) "
39,C:\Coding\AI\Dataset\!masks_for_training\39,efficientnet,EfficientNet,ok,analysis_mode,efficientnet_cls_pair,str,projekt-base,C:\Coding\AI\projekt\conda_envs\base.yml,
39,C:\Coding\AI\Dataset\!masks_for_training\39,efficientnet,EfficientNet,ok,inference_mode,heuristic_fallback,str,projekt-base,C:\Coding\AI\projekt\conda_envs\base.yml,
39,C:\Coding\AI\Dataset\!masks_for_training\39,efficientnet,EfficientNet,ok,model_name,efficientnet_b0,str,projekt-base,C:\Coding\AI\projekt\conda_envs\base.yml,
39,C:\Coding\AI\Dataset\!masks_for_training\39,efficientnet,EfficientNet,ok,model_source,None,str,projekt-base,C:\Coding\AI\projekt\conda_envs\base.yml,
39,C:\Coding\AI\Dataset\!masks_for_training\39,efficientnet,EfficientNet,ok,weights_path,C:\Coding\AI\projekt\weights\efficientnet_best.pt,str,projekt-base,C:\Coding\AI\projekt\conda_envs\base.yml,
39,C:\Coding\AI\Dataset\!masks_for_training\39,efficientnet,EfficientNet,ok,device_requested,auto,str,projekt-base,C:\Coding\AI\projekt\conda_envs\base.yml,
39,C:\Coding\AI\Dataset\!masks_for_training\39,efficientnet,EfficientNet,ok,device_used,cpu,str,projekt-base,C:\Coding\AI\projekt\conda_envs\base.yml,
39,C:\Coding\AI\Dataset\!masks_for_training\39,efficientnet,EfficientNet,ok,force_cpu,False,bool,projekt-base,C:\Coding\AI\projekt\conda_envs\base.yml,
39,C:\Coding\AI\Dataset\!masks_for_training\39,efficientnet,EfficientNet,ok,cuda_available,True,bool,projekt-base,C:\Coding\AI\projekt\conda_envs\base.yml,
39,C:\Coding\AI\Dataset\!masks_for_training\39,efficientnet,EfficientNet,ok,input_size,224,int,projekt-base,C:\Coding\AI\projekt\conda_envs\base.yml,
39,C:\Coding\AI\Dataset\!masks_for_training\39,efficientnet,EfficientNet,ok,dirty_threshold,0.42,float,projekt-base,C:\Coding\AI\projekt\conda_envs\base.yml,
39,C:\Coding\AI\Dataset\!masks_for_training\39,efficientnet,EfficientNet,ok,dirty_keyword_classes,2,int,projekt-base,C:\Coding\AI\projekt\conda_envs\base.yml,
39,C:\Coding\AI\Dataset\!masks_for_training\39,efficientnet,EfficientNet,ok,before_crop_count,6,int,projekt-base,C:\Coding\AI\projekt\conda_envs\base.yml,
39,C:\Coding\AI\Dataset\!masks_for_training\39,efficientnet,EfficientNet,ok,after_crop_count,6,int,projekt-base,C:\Coding\AI\projekt\conda_envs\base.yml,
39,C:\Coding\AI\Dataset\!masks_for_training\39,efficientnet,EfficientNet,ok,before_crop_dirty_prob_mean,0.491032,float,projekt-base,C:\Coding\AI\projekt\conda_envs\base.yml,
39,C:\Coding\AI\Dataset\!masks_for_training\39,efficientnet,EfficientNet,ok,after_crop_dirty_prob_mean,0.539812,float,projekt-base,C:\Coding\AI\projekt\conda_envs\base.yml,
39,C:\Coding\AI\Dataset\!masks_for_training\39,efficientnet,EfficientNet,ok,before_crop_dirty_prob_max,0.526295,float,projekt-base,C:\Coding\AI\projekt\conda_envs\base.yml,
39,C:\Coding\AI\Dataset\!masks_for_training\39,efficientnet,EfficientNet,ok,after_crop_dirty_prob_max,0.566864,float,projekt-base,C:\Coding\AI\projekt\conda_envs\base.yml,
39,C:\Coding\AI\Dataset\!masks_for_training\39,efficientnet,EfficientNet,ok,before_crop_support_ratio,1,float,projekt-base,C:\Coding\AI\projekt\conda_envs\base.yml,
39,C:\Coding\AI\Dataset\!masks_for_training\39,efficientnet,EfficientNet,ok,after_crop_support_ratio,1,float,projekt-base,C:\Coding\AI\projekt\conda_envs\base.yml,
39,C:\Coding\AI\Dataset\!masks_for_training\39,efficientnet,EfficientNet,ok,before_dirty_prob,0.516421,float,projekt-base,C:\Coding\AI\projekt\conda_envs\base.yml,
39,C:\Coding\AI\Dataset\!masks_for_training\39,efficientnet,EfficientNet,ok,after_dirty_prob,0.55929,float,projekt-base,C:\Coding\AI\projekt\conda_envs\base.yml,
39,C:\Coding\AI\Dataset\!masks_for_training\39,efficientnet,EfficientNet,ok,before_clean_prob,0.483579,float,projekt-base,C:\Coding\AI\projekt\conda_envs\base.yml,
39,C:\Coding\AI\Dataset\!masks_for_training\39,efficientnet,EfficientNet,ok,after_clean_prob,0.44071,float,projekt-base,C:\Coding\AI\projekt\conda_envs\base.yml,
39,C:\Coding\AI\Dataset\!masks_for_training\39,efficientnet,EfficientNet,ok,cleanup_delta,-0.042869,float,projekt-base,C:\Coding\AI\projekt\conda_envs\base.yml,
39,C:\Coding\AI\Dataset\!masks_for_training\39,efficientnet,EfficientNet,ok,cleanup_score,0,float,projekt-base,C:\Coding\AI\projekt\conda_envs\base.yml,
39,C:\Coding\AI\Dataset\!masks_for_training\39,efficientnet,EfficientNet,ok,dirty_prob_delta,0.042869,float,projekt-base,C:\Coding\AI\projekt\conda_envs\base.yml,
39,C:\Coding\AI\Dataset\!masks_for_training\39,efficientnet,EfficientNet,ok,dirty_prob_abs_delta,0.042869,float,projekt-base,C:\Coding\AI\projekt\conda_envs\base.yml,
39,C:\Coding\AI\Dataset\!masks_for_training\39,efficientnet,EfficientNet,ok,before_pred_label,dirty,str,projekt-base,C:\Coding\AI\projekt\conda_envs\base.yml,
39,C:\Coding\AI\Dataset\!masks_for_training\39,efficientnet,EfficientNet,ok,after_pred_label,dirty,str,projekt-base,C:\Coding\AI\projekt\conda_envs\base.yml,
39,C:\Coding\AI\Dataset\!masks_for_training\39,efficientnet,EfficientNet,ok,before_top1_label,dirty,str,projekt-base,C:\Coding\AI\projekt\conda_envs\base.yml,
39,C:\Coding\AI\Dataset\!masks_for_training\39,efficientnet,EfficientNet,ok,after_top1_label,dirty,str,projekt-base,C:\Coding\AI\projekt\conda_envs\base.yml,
39,C:\Coding\AI\Dataset\!masks_for_training\39,efficientnet,EfficientNet,ok,before_top1_prob,0.567801,float,projekt-base,C:\Coding\AI\projekt\conda_envs\base.yml,
39,C:\Coding\AI\Dataset\!masks_for_training\39,efficientnet,EfficientNet,ok,after_top1_prob,0.566864,float,projekt-base,C:\Coding\AI\projekt\conda_envs\base.yml,
39,C:\Coding\AI\Dataset\!masks_for_training\39,efficientnet,EfficientNet,ok,before_entropy_norm,0.996748,float,projekt-base,C:\Coding\AI\projekt\conda_envs\base.yml,
39,C:\Coding\AI\Dataset\!masks_for_training\39,efficientnet,EfficientNet,ok,after_entropy_norm,0.993967,float,projekt-base,C:\Coding\AI\projekt\conda_envs\base.yml,
39,C:\Coding\AI\Dataset\!masks_for_training\39,efficientnet,EfficientNet,ok,before_inference_ms,0,float,projekt-base,C:\Coding\AI\projekt\conda_envs\base.yml,
39,C:\Coding\AI\Dataset\!masks_for_training\39,efficientnet,EfficientNet,ok,after_inference_ms,0,float,projekt-base,C:\Coding\AI\projekt\conda_envs\base.yml,
39,C:\Coding\AI\Dataset\!masks_for_training\39,efficientnet,EfficientNet,ok,inference_ms_total,0,float,projekt-base,C:\Coding\AI\projekt\conda_envs\base.yml,
39,C:\Coding\AI\Dataset\!masks_for_training\39,sift_ransac,SIFT + RANSAC + difference map,error,,,,projekt-base,C:\Coding\AI\projekt\conda_envs\base.yml,"ValueError: operands could not be broadcast together with shapes (4032,3024,1) (4032,3024) "
39,C:\Coding\AI\Dataset\!masks_for_training\39,siamese_unet,Siamese U-Net,error,,,,projekt-base,C:\Coding\AI\projekt\conda_envs\base.yml,"ValueError: operands could not be broadcast together with shapes (4032,3024,1) (4032,3024) "
39,C:\Coding\AI\Dataset\!masks_for_training\39,yolov8_seg,YOLOv8-seg,ok,analysis_mode,yolov8_seg_pair,str,projekt-base,C:\Coding\AI\projekt\conda_envs\base.yml,
39,C:\Coding\AI\Dataset\!masks_for_training\39,yolov8_seg,YOLOv8-seg,ok,model_name,C:\Coding\AI\projekt\weights\yolov8m_trash_finetuned.pt,str,projekt-base,C:\Coding\AI\projekt\conda_envs\base.yml,
39,C:\Coding\AI\Dataset\!masks_for_training\39,yolov8_seg,YOLOv8-seg,ok,model_source,C:\Coding\AI\projekt\weights\yolov8m_seg_best_new+fine-tune.pt,str,projekt-base,C:\Coding\AI\projekt\conda_envs\base.yml,
39,C:\Coding\AI\Dataset\!masks_for_training\39,yolov8_seg,YOLOv8-seg,ok,device_requested,auto,str,projekt-base,C:\Coding\AI\projekt\conda_envs\base.yml,
39,C:\Coding\AI\Dataset\!masks_for_training\39,yolov8_seg,YOLOv8-seg,ok,device_used,cuda,str,projekt-base,C:\Coding\AI\projekt\conda_envs\base.yml,
39,C:\Coding\AI\Dataset\!masks_for_training\39,yolov8_seg,YOLOv8-seg,ok,force_cpu,False,bool,projekt-base,C:\Coding\AI\projekt\conda_envs\base.yml,
39,C:\Coding\AI\Dataset\!masks_for_training\39,yolov8_seg,YOLOv8-seg,ok,cuda_available,True,bool,projekt-base,C:\Coding\AI\projekt\conda_envs\base.yml,
39,C:\Coding\AI\Dataset\!masks_for_training\39,yolov8_seg,YOLOv8-seg,ok,image_size,1536,int,projekt-base,C:\Coding\AI\projekt\conda_envs\base.yml,
39,C:\Coding\AI\Dataset\!masks_for_training\39,yolov8_seg,YOLOv8-seg,ok,confidence_threshold,0.35,float,projekt-base,C:\Coding\AI\projekt\conda_envs\base.yml,
39,C:\Coding\AI\Dataset\!masks_for_training\39,yolov8_seg,YOLOv8-seg,ok,iou_threshold,0.4,float,projekt-base,C:\Coding\AI\projekt\conda_envs\base.yml,
39,C:\Coding\AI\Dataset\!masks_for_training\39,yolov8_seg,YOLOv8-seg,ok,tile_inference_mode,auto,str,projekt-base,C:\Coding\AI\projekt\conda_envs\base.yml,
39,C:\Coding\AI\Dataset\!masks_for_training\39,yolov8_seg,YOLOv8-seg,ok,tile_size,640,int,projekt-base,C:\Coding\AI\projekt\conda_envs\base.yml,
39,C:\Coding\AI\Dataset\!masks_for_training\39,yolov8_seg,YOLOv8-seg,ok,tile_overlap_ratio,0.5,float,projekt-base,C:\Coding\AI\projekt\conda_envs\base.yml,
39,C:\Coding\AI\Dataset\!masks_for_training\39,yolov8_seg,YOLOv8-seg,ok,before_tile_count,108,int,projekt-base,C:\Coding\AI\projekt\conda_envs\base.yml,
39,C:\Coding\AI\Dataset\!masks_for_training\39,yolov8_seg,YOLOv8-seg,ok,after_tile_count,108,int,projekt-base,C:\Coding\AI\projekt\conda_envs\base.yml,
39,C:\Coding\AI\Dataset\!masks_for_training\39,yolov8_seg,YOLOv8-seg,ok,selected_class_count,0,int,projekt-base,C:\Coding\AI\projekt\conda_envs\base.yml,
39,C:\Coding\AI\Dataset\!masks_for_training\39,yolov8_seg,YOLOv8-seg,ok,selected_class_ids,[],list,projekt-base,C:\Coding\AI\projekt\conda_envs\base.yml,
39,C:\Coding\AI\Dataset\!masks_for_training\39,yolov8_seg,YOLOv8-seg,ok,taco_dataset_root,C:\Coding\AI\projekt\datasets\TACO,str,projekt-base,C:\Coding\AI\projekt\conda_envs\base.yml,
39,C:\Coding\AI\Dataset\!masks_for_training\39,yolov8_seg,YOLOv8-seg,ok,taco_annotations_path,C:\Coding\AI\projekt\datasets\TACO\data\annotations.json,str,projekt-base,C:\Coding\AI\projekt\conda_envs\base.yml,
39,C:\Coding\AI\Dataset\!masks_for_training\39,yolov8_seg,YOLOv8-seg,ok,taco_export_root,C:\Coding\AI\projekt\datasets\TACO\yolo_seg,str,projekt-base,C:\Coding\AI\projekt\conda_envs\base.yml,
39,C:\Coding\AI\Dataset\!masks_for_training\39,yolov8_seg,YOLOv8-seg,ok,taco_data_yaml,C:\Coding\AI\projekt\datasets\TACO\yolo_seg\data.yaml,str,projekt-base,C:\Coding\AI\projekt\conda_envs\base.yml,
39,C:\Coding\AI\Dataset\!masks_for_training\39,yolov8_seg,YOLOv8-seg,ok,taco_source_images,1500,int,projekt-base,C:\Coding\AI\projekt\conda_envs\base.yml,
39,C:\Coding\AI\Dataset\!masks_for_training\39,yolov8_seg,YOLOv8-seg,ok,taco_exported_images,1500,int,projekt-base,C:\Coding\AI\projekt\conda_envs\base.yml,
39,C:\Coding\AI\Dataset\!masks_for_training\39,yolov8_seg,YOLOv8-seg,ok,taco_exported_labels,1500,int,projekt-base,C:\Coding\AI\projekt\conda_envs\base.yml,
39,C:\Coding\AI\Dataset\!masks_for_training\39,yolov8_seg,YOLOv8-seg,ok,taco_skipped_missing_images,0,int,projekt-base,C:\Coding\AI\projekt\conda_envs\base.yml,
39,C:\Coding\AI\Dataset\!masks_for_training\39,yolov8_seg,YOLOv8-seg,ok,taco_skipped_invalid_polygons,0,int,projekt-base,C:\Coding\AI\projekt\conda_envs\base.yml,
39,C:\Coding\AI\Dataset\!masks_for_training\39,yolov8_seg,YOLOv8-seg,ok,before_instance_count,6,int,projekt-base,C:\Coding\AI\projekt\conda_envs\base.yml,
39,C:\Coding\AI\Dataset\!masks_for_training\39,yolov8_seg,YOLOv8-seg,ok,after_instance_count,9,int,projekt-base,C:\Coding\AI\projekt\conda_envs\base.yml,
39,C:\Coding\AI\Dataset\!masks_for_training\39,yolov8_seg,YOLOv8-seg,ok,instance_count_total,15,int,projekt-base,C:\Coding\AI\projekt\conda_envs\base.yml,
39,C:\Coding\AI\Dataset\!masks_for_training\39,yolov8_seg,YOLOv8-seg,ok,before_mask_area_px,175852,int,projekt-base,C:\Coding\AI\projekt\conda_envs\base.yml,
39,C:\Coding\AI\Dataset\!masks_for_training\39,yolov8_seg,YOLOv8-seg,ok,after_mask_area_px,10488,int,projekt-base,C:\Coding\AI\projekt\conda_envs\base.yml,
39,C:\Coding\AI\Dataset\!masks_for_training\39,yolov8_seg,YOLOv8-seg,ok,before_mask_area_ratio,0.014423,float,projekt-base,C:\Coding\AI\projekt\conda_envs\base.yml,
39,C:\Coding\AI\Dataset\!masks_for_training\39,yolov8_seg,YOLOv8-seg,ok,after_mask_area_ratio,0.00086,float,projekt-base,C:\Coding\AI\projekt\conda_envs\base.yml,
39,C:\Coding\AI\Dataset\!masks_for_training\39,yolov8_seg,YOLOv8-seg,ok,mask_area_delta_px,-165364,int,projekt-base,C:\Coding\AI\projekt\conda_envs\base.yml,
39,C:\Coding\AI\Dataset\!masks_for_training\39,yolov8_seg,YOLOv8-seg,ok,mask_area_delta_ratio,-0.013562,float,projekt-base,C:\Coding\AI\projekt\conda_envs\base.yml,
39,C:\Coding\AI\Dataset\!masks_for_training\39,yolov8_seg,YOLOv8-seg,ok,before_bbox_area_px,231597,int,projekt-base,C:\Coding\AI\projekt\conda_envs\base.yml,
39,C:\Coding\AI\Dataset\!masks_for_training\39,yolov8_seg,YOLOv8-seg,ok,after_bbox_area_px,14730,int,projekt-base,C:\Coding\AI\projekt\conda_envs\base.yml,
39,C:\Coding\AI\Dataset\!masks_for_training\39,yolov8_seg,YOLOv8-seg,ok,before_mean_confidence,0.536538,float,projekt-base,C:\Coding\AI\projekt\conda_envs\base.yml,
39,C:\Coding\AI\Dataset\!masks_for_training\39,yolov8_seg,YOLOv8-seg,ok,after_mean_confidence,0.54202,float,projekt-base,C:\Coding\AI\projekt\conda_envs\base.yml,
39,C:\Coding\AI\Dataset\!masks_for_training\39,yolov8_seg,YOLOv8-seg,ok,before_inference_ms,2572.72,float,projekt-base,C:\Coding\AI\projekt\conda_envs\base.yml,
39,C:\Coding\AI\Dataset\!masks_for_training\39,yolov8_seg,YOLOv8-seg,ok,after_inference_ms,2676.19,float,projekt-base,C:\Coding\AI\projekt\conda_envs\base.yml,
39,C:\Coding\AI\Dataset\!masks_for_training\39,yolov8_seg,YOLOv8-seg,ok,inference_ms_total,5248.91,float,projekt-base,C:\Coding\AI\projekt\conda_envs\base.yml,
4,C:\Coding\AI\Dataset\!masks_for_training\4,changeformer,ChangeFormer,error,,,,projekt-base,C:\Coding\AI\projekt\conda_envs\base.yml,"ValueError: operands could not be broadcast together with shapes (1440,1080,1) (1440,1080) "
4,C:\Coding\AI\Dataset\!masks_for_training\4,efficientnet,EfficientNet,ok,analysis_mode,efficientnet_cls_pair,str,projekt-base,C:\Coding\AI\projekt\conda_envs\base.yml,
4,C:\Coding\AI\Dataset\!masks_for_training\4,efficientnet,EfficientNet,ok,inference_mode,heuristic_fallback,str,projekt-base,C:\Coding\AI\projekt\conda_envs\base.yml,
4,C:\Coding\AI\Dataset\!masks_for_training\4,efficientnet,EfficientNet,ok,model_name,efficientnet_b0,str,projekt-base,C:\Coding\AI\projekt\conda_envs\base.yml,
4,C:\Coding\AI\Dataset\!masks_for_training\4,efficientnet,EfficientNet,ok,model_source,None,str,projekt-base,C:\Coding\AI\projekt\conda_envs\base.yml,
4,C:\Coding\AI\Dataset\!masks_for_training\4,efficientnet,EfficientNet,ok,weights_path,C:\Coding\AI\projekt\weights\efficientnet_best.pt,str,projekt-base,C:\Coding\AI\projekt\conda_envs\base.yml,
4,C:\Coding\AI\Dataset\!masks_for_training\4,efficientnet,EfficientNet,ok,device_requested,auto,str,projekt-base,C:\Coding\AI\projekt\conda_envs\base.yml,
4,C:\Coding\AI\Dataset\!masks_for_training\4,efficientnet,EfficientNet,ok,device_used,cpu,str,projekt-base,C:\Coding\AI\projekt\conda_envs\base.yml,
4,C:\Coding\AI\Dataset\!masks_for_training\4,efficientnet,EfficientNet,ok,force_cpu,False,bool,projekt-base,C:\Coding\AI\projekt\conda_envs\base.yml,
4,C:\Coding\AI\Dataset\!masks_for_training\4,efficientnet,EfficientNet,ok,cuda_available,True,bool,projekt-base,C:\Coding\AI\projekt\conda_envs\base.yml,
4,C:\Coding\AI\Dataset\!masks_for_training\4,efficientnet,EfficientNet,ok,input_size,224,int,projekt-base,C:\Coding\AI\projekt\conda_envs\base.yml,
4,C:\Coding\AI\Dataset\!masks_for_training\4,efficientnet,EfficientNet,ok,dirty_threshold,0.42,float,projekt-base,C:\Coding\AI\projekt\conda_envs\base.yml,
4,C:\Coding\AI\Dataset\!masks_for_training\4,efficientnet,EfficientNet,ok,dirty_keyword_classes,2,int,projekt-base,C:\Coding\AI\projekt\conda_envs\base.yml,
4,C:\Coding\AI\Dataset\!masks_for_training\4,efficientnet,EfficientNet,ok,before_crop_count,6,int,projekt-base,C:\Coding\AI\projekt\conda_envs\base.yml,
4,C:\Coding\AI\Dataset\!masks_for_training\4,efficientnet,EfficientNet,ok,after_crop_count,6,int,projekt-base,C:\Coding\AI\projekt\conda_envs\base.yml,
4,C:\Coding\AI\Dataset\!masks_for_training\4,efficientnet,EfficientNet,ok,before_crop_dirty_prob_mean,0.595402,float,projekt-base,C:\Coding\AI\projekt\conda_envs\base.yml,
4,C:\Coding\AI\Dataset\!masks_for_training\4,efficientnet,EfficientNet,ok,after_crop_dirty_prob_mean,0.532468,float,projekt-base,C:\Coding\AI\projekt\conda_envs\base.yml,
4,C:\Coding\AI\Dataset\!masks_for_training\4,efficientnet,EfficientNet,ok,before_crop_dirty_prob_max,0.627627,float,projekt-base,C:\Coding\AI\projekt\conda_envs\base.yml,
4,C:\Coding\AI\Dataset\!masks_for_training\4,efficientnet,EfficientNet,ok,after_crop_dirty_prob_max,0.643629,float,projekt-base,C:\Coding\AI\projekt\conda_envs\base.yml,
4,C:\Coding\AI\Dataset\!masks_for_training\4,efficientnet,EfficientNet,ok,before_crop_support_ratio,1,float,projekt-base,C:\Coding\AI\projekt\conda_envs\base.yml,
4,C:\Coding\AI\Dataset\!masks_for_training\4,efficientnet,EfficientNet,ok,after_crop_support_ratio,1,float,projekt-base,C:\Coding\AI\projekt\conda_envs\base.yml,
4,C:\Coding\AI\Dataset\!masks_for_training\4,efficientnet,EfficientNet,ok,before_dirty_prob,0.618604,float,projekt-base,C:\Coding\AI\projekt\conda_envs\base.yml,
4,C:\Coding\AI\Dataset\!masks_for_training\4,efficientnet,EfficientNet,ok,after_dirty_prob,0.612504,float,projekt-base,C:\Coding\AI\projekt\conda_envs\base.yml,
4,C:\Coding\AI\Dataset\!masks_for_training\4,efficientnet,EfficientNet,ok,before_clean_prob,0.381396,float,projekt-base,C:\Coding\AI\projekt\conda_envs\base.yml,
4,C:\Coding\AI\Dataset\!masks_for_training\4,efficientnet,EfficientNet,ok,after_clean_prob,0.387496,float,projekt-base,C:\Coding\AI\projekt\conda_envs\base.yml,
4,C:\Coding\AI\Dataset\!masks_for_training\4,efficientnet,EfficientNet,ok,cleanup_delta,0.0061,float,projekt-base,C:\Coding\AI\projekt\conda_envs\base.yml,
4,C:\Coding\AI\Dataset\!masks_for_training\4,efficientnet,EfficientNet,ok,cleanup_score,0.0061,float,projekt-base,C:\Coding\AI\projekt\conda_envs\base.yml,
4,C:\Coding\AI\Dataset\!masks_for_training\4,efficientnet,EfficientNet,ok,dirty_prob_delta,-0.0061,float,projekt-base,C:\Coding\AI\projekt\conda_envs\base.yml,
4,C:\Coding\AI\Dataset\!masks_for_training\4,efficientnet,EfficientNet,ok,dirty_prob_abs_delta,0.0061,float,projekt-base,C:\Coding\AI\projekt\conda_envs\base.yml,
4,C:\Coding\AI\Dataset\!masks_for_training\4,efficientnet,EfficientNet,ok,before_pred_label,dirty,str,projekt-base,C:\Coding\AI\projekt\conda_envs\base.yml,
4,C:\Coding\AI\Dataset\!masks_for_training\4,efficientnet,EfficientNet,ok,after_pred_label,dirty,str,projekt-base,C:\Coding\AI\projekt\conda_envs\base.yml,
4,C:\Coding\AI\Dataset\!masks_for_training\4,efficientnet,EfficientNet,ok,before_top1_label,dirty,str,projekt-base,C:\Coding\AI\projekt\conda_envs\base.yml,
4,C:\Coding\AI\Dataset\!masks_for_training\4,efficientnet,EfficientNet,ok,after_top1_label,dirty,str,projekt-base,C:\Coding\AI\projekt\conda_envs\base.yml,
4,C:\Coding\AI\Dataset\!masks_for_training\4,efficientnet,EfficientNet,ok,before_top1_prob,0.627627,float,projekt-base,C:\Coding\AI\projekt\conda_envs\base.yml,
4,C:\Coding\AI\Dataset\!masks_for_training\4,efficientnet,EfficientNet,ok,after_top1_prob,0.643629,float,projekt-base,C:\Coding\AI\projekt\conda_envs\base.yml,
4,C:\Coding\AI\Dataset\!masks_for_training\4,efficientnet,EfficientNet,ok,before_entropy_norm,0.971428,float,projekt-base,C:\Coding\AI\projekt\conda_envs\base.yml,
4,C:\Coding\AI\Dataset\!masks_for_training\4,efficientnet,EfficientNet,ok,after_entropy_norm,0.984048,float,projekt-base,C:\Coding\AI\projekt\conda_envs\base.yml,
4,C:\Coding\AI\Dataset\!masks_for_training\4,efficientnet,EfficientNet,ok,before_inference_ms,0,float,projekt-base,C:\Coding\AI\projekt\conda_envs\base.yml,
4,C:\Coding\AI\Dataset\!masks_for_training\4,efficientnet,EfficientNet,ok,after_inference_ms,0,float,projekt-base,C:\Coding\AI\projekt\conda_envs\base.yml,
4,C:\Coding\AI\Dataset\!masks_for_training\4,efficientnet,EfficientNet,ok,inference_ms_total,0,float,projekt-base,C:\Coding\AI\projekt\conda_envs\base.yml,
4,C:\Coding\AI\Dataset\!masks_for_training\4,sift_ransac,SIFT + RANSAC + difference map,error,,,,projekt-base,C:\Coding\AI\projekt\conda_envs\base.yml,"ValueError: operands could not be broadcast together with shapes (1440,1080,1) (1440,1080) "
4,C:\Coding\AI\Dataset\!masks_for_training\4,siamese_unet,Siamese U-Net,error,,,,projekt-base,C:\Coding\AI\projekt\conda_envs\base.yml,"ValueError: operands could not be broadcast together with shapes (1440,1080,1) (1440,1080) "
4,C:\Coding\AI\Dataset\!masks_for_training\4,yolov8_seg,YOLOv8-seg,ok,analysis_mode,yolov8_seg_pair,str,projekt-base,C:\Coding\AI\projekt\conda_envs\base.yml,
4,C:\Coding\AI\Dataset\!masks_for_training\4,yolov8_seg,YOLOv8-seg,ok,model_name,C:\Coding\AI\projekt\weights\yolov8m_trash_finetuned.pt,str,projekt-base,C:\Coding\AI\projekt\conda_envs\base.yml,
4,C:\Coding\AI\Dataset\!masks_for_training\4,yolov8_seg,YOLOv8-seg,ok,model_source,C:\Coding\AI\projekt\weights\yolov8m_seg_best_new+fine-tune.pt,str,projekt-base,C:\Coding\AI\projekt\conda_envs\base.yml,
4,C:\Coding\AI\Dataset\!masks_for_training\4,yolov8_seg,YOLOv8-seg,ok,device_requested,auto,str,projekt-base,C:\Coding\AI\projekt\conda_envs\base.yml,
4,C:\Coding\AI\Dataset\!masks_for_training\4,yolov8_seg,YOLOv8-seg,ok,device_used,cuda,str,projekt-base,C:\Coding\AI\projekt\conda_envs\base.yml,
4,C:\Coding\AI\Dataset\!masks_for_training\4,yolov8_seg,YOLOv8-seg,ok,force_cpu,False,bool,projekt-base,C:\Coding\AI\projekt\conda_envs\base.yml,
4,C:\Coding\AI\Dataset\!masks_for_training\4,yolov8_seg,YOLOv8-seg,ok,cuda_available,True,bool,projekt-base,C:\Coding\AI\projekt\conda_envs\base.yml,
4,C:\Coding\AI\Dataset\!masks_for_training\4,yolov8_seg,YOLOv8-seg,ok,image_size,1536,int,projekt-base,C:\Coding\AI\projekt\conda_envs\base.yml,
4,C:\Coding\AI\Dataset\!masks_for_training\4,yolov8_seg,YOLOv8-seg,ok,confidence_threshold,0.35,float,projekt-base,C:\Coding\AI\projekt\conda_envs\base.yml,
4,C:\Coding\AI\Dataset\!masks_for_training\4,yolov8_seg,YOLOv8-seg,ok,iou_threshold,0.4,float,projekt-base,C:\Coding\AI\projekt\conda_envs\base.yml,
4,C:\Coding\AI\Dataset\!masks_for_training\4,yolov8_seg,YOLOv8-seg,ok,tile_inference_mode,auto,str,projekt-base,C:\Coding\AI\projekt\conda_envs\base.yml,
4,C:\Coding\AI\Dataset\!masks_for_training\4,yolov8_seg,YOLOv8-seg,ok,tile_size,640,int,projekt-base,C:\Coding\AI\projekt\conda_envs\base.yml,
4,C:\Coding\AI\Dataset\!masks_for_training\4,yolov8_seg,YOLOv8-seg,ok,tile_overlap_ratio,0.5,float,projekt-base,C:\Coding\AI\projekt\conda_envs\base.yml,
4,C:\Coding\AI\Dataset\!masks_for_training\4,yolov8_seg,YOLOv8-seg,ok,before_tile_count,12,int,projekt-base,C:\Coding\AI\projekt\conda_envs\base.yml,
4,C:\Coding\AI\Dataset\!masks_for_training\4,yolov8_seg,YOLOv8-seg,ok,after_tile_count,12,int,projekt-base,C:\Coding\AI\projekt\conda_envs\base.yml,
4,C:\Coding\AI\Dataset\!masks_for_training\4,yolov8_seg,YOLOv8-seg,ok,selected_class_count,0,int,projekt-base,C:\Coding\AI\projekt\conda_envs\base.yml,
4,C:\Coding\AI\Dataset\!masks_for_training\4,yolov8_seg,YOLOv8-seg,ok,selected_class_ids,[],list,projekt-base,C:\Coding\AI\projekt\conda_envs\base.yml,
4,C:\Coding\AI\Dataset\!masks_for_training\4,yolov8_seg,YOLOv8-seg,ok,taco_dataset_root,C:\Coding\AI\projekt\datasets\TACO,str,projekt-base,C:\Coding\AI\projekt\conda_envs\base.yml,
4,C:\Coding\AI\Dataset\!masks_for_training\4,yolov8_seg,YOLOv8-seg,ok,taco_annotations_path,C:\Coding\AI\projekt\datasets\TACO\data\annotations.json,str,projekt-base,C:\Coding\AI\projekt\conda_envs\base.yml,
4,C:\Coding\AI\Dataset\!masks_for_training\4,yolov8_seg,YOLOv8-seg,ok,taco_export_root,C:\Coding\AI\projekt\datasets\TACO\yolo_seg,str,projekt-base,C:\Coding\AI\projekt\conda_envs\base.yml,
4,C:\Coding\AI\Dataset\!masks_for_training\4,yolov8_seg,YOLOv8-seg,ok,taco_data_yaml,C:\Coding\AI\projekt\datasets\TACO\yolo_seg\data.yaml,str,projekt-base,C:\Coding\AI\projekt\conda_envs\base.yml,
4,C:\Coding\AI\Dataset\!masks_for_training\4,yolov8_seg,YOLOv8-seg,ok,taco_source_images,1500,int,projekt-base,C:\Coding\AI\projekt\conda_envs\base.yml,
4,C:\Coding\AI\Dataset\!masks_for_training\4,yolov8_seg,YOLOv8-seg,ok,taco_exported_images,1500,int,projekt-base,C:\Coding\AI\projekt\conda_envs\base.yml,
4,C:\Coding\AI\Dataset\!masks_for_training\4,yolov8_seg,YOLOv8-seg,ok,taco_exported_labels,1500,int,projekt-base,C:\Coding\AI\projekt\conda_envs\base.yml,
4,C:\Coding\AI\Dataset\!masks_for_training\4,yolov8_seg,YOLOv8-seg,ok,taco_skipped_missing_images,0,int,projekt-base,C:\Coding\AI\projekt\conda_envs\base.yml,
4,C:\Coding\AI\Dataset\!masks_for_training\4,yolov8_seg,YOLOv8-seg,ok,taco_skipped_invalid_polygons,0,int,projekt-base,C:\Coding\AI\projekt\conda_envs\base.yml,
4,C:\Coding\AI\Dataset\!masks_for_training\4,yolov8_seg,YOLOv8-seg,ok,before_instance_count,41,int,projekt-base,C:\Coding\AI\projekt\conda_envs\base.yml,
4,C:\Coding\AI\Dataset\!masks_for_training\4,yolov8_seg,YOLOv8-seg,ok,after_instance_count,23,int,projekt-base,C:\Coding\AI\projekt\conda_envs\base.yml,
4,C:\Coding\AI\Dataset\!masks_for_training\4,yolov8_seg,YOLOv8-seg,ok,instance_count_total,64,int,projekt-base,C:\Coding\AI\projekt\conda_envs\base.yml,
4,C:\Coding\AI\Dataset\!masks_for_training\4,yolov8_seg,YOLOv8-seg,ok,before_mask_area_px,226010,int,projekt-base,C:\Coding\AI\projekt\conda_envs\base.yml,
4,C:\Coding\AI\Dataset\!masks_for_training\4,yolov8_seg,YOLOv8-seg,ok,after_mask_area_px,9721,int,projekt-base,C:\Coding\AI\projekt\conda_envs\base.yml,
4,C:\Coding\AI\Dataset\!masks_for_training\4,yolov8_seg,YOLOv8-seg,ok,before_mask_area_ratio,0.145325,float,projekt-base,C:\Coding\AI\projekt\conda_envs\base.yml,
4,C:\Coding\AI\Dataset\!masks_for_training\4,yolov8_seg,YOLOv8-seg,ok,after_mask_area_ratio,0.006251,float,projekt-base,C:\Coding\AI\projekt\conda_envs\base.yml,
4,C:\Coding\AI\Dataset\!masks_for_training\4,yolov8_seg,YOLOv8-seg,ok,mask_area_delta_px,-216289,int,projekt-base,C:\Coding\AI\projekt\conda_envs\base.yml,
4,C:\Coding\AI\Dataset\!masks_for_training\4,yolov8_seg,YOLOv8-seg,ok,mask_area_delta_ratio,-0.139075,float,projekt-base,C:\Coding\AI\projekt\conda_envs\base.yml,
4,C:\Coding\AI\Dataset\!masks_for_training\4,yolov8_seg,YOLOv8-seg,ok,before_bbox_area_px,808945,int,projekt-base,C:\Coding\AI\projekt\conda_envs\base.yml,
4,C:\Coding\AI\Dataset\!masks_for_training\4,yolov8_seg,YOLOv8-seg,ok,after_bbox_area_px,11798,int,projekt-base,C:\Coding\AI\projekt\conda_envs\base.yml,
4,C:\Coding\AI\Dataset\!masks_for_training\4,yolov8_seg,YOLOv8-seg,ok,before_mean_confidence,0.580999,float,projekt-base,C:\Coding\AI\projekt\conda_envs\base.yml,
4,C:\Coding\AI\Dataset\!masks_for_training\4,yolov8_seg,YOLOv8-seg,ok,after_mean_confidence,0.552391,float,projekt-base,C:\Coding\AI\projekt\conda_envs\base.yml,
4,C:\Coding\AI\Dataset\!masks_for_training\4,yolov8_seg,YOLOv8-seg,ok,before_inference_ms,433.635,float,projekt-base,C:\Coding\AI\projekt\conda_envs\base.yml,
4,C:\Coding\AI\Dataset\!masks_for_training\4,yolov8_seg,YOLOv8-seg,ok,after_inference_ms,464.861,float,projekt-base,C:\Coding\AI\projekt\conda_envs\base.yml,
4,C:\Coding\AI\Dataset\!masks_for_training\4,yolov8_seg,YOLOv8-seg,ok,inference_ms_total,898.496,float,projekt-base,C:\Coding\AI\projekt\conda_envs\base.yml,
40,C:\Coding\AI\Dataset\!masks_for_training\40,changeformer,ChangeFormer,error,,,,projekt-base,C:\Coding\AI\projekt\conda_envs\base.yml,"ValueError: operands could not be broadcast together with shapes (4032,3024,1) (4032,3024) "
40,C:\Coding\AI\Dataset\!masks_for_training\40,efficientnet,EfficientNet,ok,analysis_mode,efficientnet_cls_pair,str,projekt-base,C:\Coding\AI\projekt\conda_envs\base.yml,
40,C:\Coding\AI\Dataset\!masks_for_training\40,efficientnet,EfficientNet,ok,inference_mode,heuristic_fallback,str,projekt-base,C:\Coding\AI\projekt\conda_envs\base.yml,
40,C:\Coding\AI\Dataset\!masks_for_training\40,efficientnet,EfficientNet,ok,model_name,efficientnet_b0,str,projekt-base,C:\Coding\AI\projekt\conda_envs\base.yml,
40,C:\Coding\AI\Dataset\!masks_for_training\40,efficientnet,EfficientNet,ok,model_source,None,str,projekt-base,C:\Coding\AI\projekt\conda_envs\base.yml,
40,C:\Coding\AI\Dataset\!masks_for_training\40,efficientnet,EfficientNet,ok,weights_path,C:\Coding\AI\projekt\weights\efficientnet_best.pt,str,projekt-base,C:\Coding\AI\projekt\conda_envs\base.yml,
40,C:\Coding\AI\Dataset\!masks_for_training\40,efficientnet,EfficientNet,ok,device_requested,auto,str,projekt-base,C:\Coding\AI\projekt\conda_envs\base.yml,
40,C:\Coding\AI\Dataset\!masks_for_training\40,efficientnet,EfficientNet,ok,device_used,cpu,str,projekt-base,C:\Coding\AI\projekt\conda_envs\base.yml,
40,C:\Coding\AI\Dataset\!masks_for_training\40,efficientnet,EfficientNet,ok,force_cpu,False,bool,projekt-base,C:\Coding\AI\projekt\conda_envs\base.yml,
40,C:\Coding\AI\Dataset\!masks_for_training\40,efficientnet,EfficientNet,ok,cuda_available,True,bool,projekt-base,C:\Coding\AI\projekt\conda_envs\base.yml,
40,C:\Coding\AI\Dataset\!masks_for_training\40,efficientnet,EfficientNet,ok,input_size,224,int,projekt-base,C:\Coding\AI\projekt\conda_envs\base.yml,
40,C:\Coding\AI\Dataset\!masks_for_training\40,efficientnet,EfficientNet,ok,dirty_threshold,0.42,float,projekt-base,C:\Coding\AI\projekt\conda_envs\base.yml,
40,C:\Coding\AI\Dataset\!masks_for_training\40,efficientnet,EfficientNet,ok,dirty_keyword_classes,2,int,projekt-base,C:\Coding\AI\projekt\conda_envs\base.yml,
40,C:\Coding\AI\Dataset\!masks_for_training\40,efficientnet,EfficientNet,ok,before_crop_count,6,int,projekt-base,C:\Coding\AI\projekt\conda_envs\base.yml,
40,C:\Coding\AI\Dataset\!masks_for_training\40,efficientnet,EfficientNet,ok,after_crop_count,6,int,projekt-base,C:\Coding\AI\projekt\conda_envs\base.yml,
40,C:\Coding\AI\Dataset\!masks_for_training\40,efficientnet,EfficientNet,ok,before_crop_dirty_prob_mean,0.703744,float,projekt-base,C:\Coding\AI\projekt\conda_envs\base.yml,
40,C:\Coding\AI\Dataset\!masks_for_training\40,efficientnet,EfficientNet,ok,after_crop_dirty_prob_mean,0.700818,float,projekt-base,C:\Coding\AI\projekt\conda_envs\base.yml,
40,C:\Coding\AI\Dataset\!masks_for_training\40,efficientnet,EfficientNet,ok,before_crop_dirty_prob_max,0.725344,float,projekt-base,C:\Coding\AI\projekt\conda_envs\base.yml,
40,C:\Coding\AI\Dataset\!masks_for_training\40,efficientnet,EfficientNet,ok,after_crop_dirty_prob_max,0.721693,float,projekt-base,C:\Coding\AI\projekt\conda_envs\base.yml,
40,C:\Coding\AI\Dataset\!masks_for_training\40,efficientnet,EfficientNet,ok,before_crop_support_ratio,1,float,projekt-base,C:\Coding\AI\projekt\conda_envs\base.yml,
40,C:\Coding\AI\Dataset\!masks_for_training\40,efficientnet,EfficientNet,ok,after_crop_support_ratio,1,float,projekt-base,C:\Coding\AI\projekt\conda_envs\base.yml,
40,C:\Coding\AI\Dataset\!masks_for_training\40,efficientnet,EfficientNet,ok,before_dirty_prob,0.719296,float,projekt-base,C:\Coding\AI\projekt\conda_envs\base.yml,
40,C:\Coding\AI\Dataset\!masks_for_training\40,efficientnet,EfficientNet,ok,after_dirty_prob,0.715848,float,projekt-base,C:\Coding\AI\projekt\conda_envs\base.yml,
40,C:\Coding\AI\Dataset\!masks_for_training\40,efficientnet,EfficientNet,ok,before_clean_prob,0.280704,float,projekt-base,C:\Coding\AI\projekt\conda_envs\base.yml,
40,C:\Coding\AI\Dataset\!masks_for_training\40,efficientnet,EfficientNet,ok,after_clean_prob,0.284152,float,projekt-base,C:\Coding\AI\projekt\conda_envs\base.yml,
40,C:\Coding\AI\Dataset\!masks_for_training\40,efficientnet,EfficientNet,ok,cleanup_delta,0.003447,float,projekt-base,C:\Coding\AI\projekt\conda_envs\base.yml,
40,C:\Coding\AI\Dataset\!masks_for_training\40,efficientnet,EfficientNet,ok,cleanup_score,0.003447,float,projekt-base,C:\Coding\AI\projekt\conda_envs\base.yml,
40,C:\Coding\AI\Dataset\!masks_for_training\40,efficientnet,EfficientNet,ok,dirty_prob_delta,-0.003447,float,projekt-base,C:\Coding\AI\projekt\conda_envs\base.yml,
40,C:\Coding\AI\Dataset\!masks_for_training\40,efficientnet,EfficientNet,ok,dirty_prob_abs_delta,0.003447,float,projekt-base,C:\Coding\AI\projekt\conda_envs\base.yml,
40,C:\Coding\AI\Dataset\!masks_for_training\40,efficientnet,EfficientNet,ok,before_pred_label,dirty,str,projekt-base,C:\Coding\AI\projekt\conda_envs\base.yml,
40,C:\Coding\AI\Dataset\!masks_for_training\40,efficientnet,EfficientNet,ok,after_pred_label,dirty,str,projekt-base,C:\Coding\AI\projekt\conda_envs\base.yml,
40,C:\Coding\AI\Dataset\!masks_for_training\40,efficientnet,EfficientNet,ok,before_top1_label,dirty,str,projekt-base,C:\Coding\AI\projekt\conda_envs\base.yml,
40,C:\Coding\AI\Dataset\!masks_for_training\40,efficientnet,EfficientNet,ok,after_top1_label,dirty,str,projekt-base,C:\Coding\AI\projekt\conda_envs\base.yml,
40,C:\Coding\AI\Dataset\!masks_for_training\40,efficientnet,EfficientNet,ok,before_top1_prob,0.725344,float,projekt-base,C:\Coding\AI\projekt\conda_envs\base.yml,
40,C:\Coding\AI\Dataset\!masks_for_training\40,efficientnet,EfficientNet,ok,after_top1_prob,0.721693,float,projekt-base,C:\Coding\AI\projekt\conda_envs\base.yml,
40,C:\Coding\AI\Dataset\!masks_for_training\40,efficientnet,EfficientNet,ok,before_entropy_norm,0.875723,float,projekt-base,C:\Coding\AI\projekt\conda_envs\base.yml,
40,C:\Coding\AI\Dataset\!masks_for_training\40,efficientnet,EfficientNet,ok,after_entropy_norm,0.878954,float,projekt-base,C:\Coding\AI\projekt\conda_envs\base.yml,
40,C:\Coding\AI\Dataset\!masks_for_training\40,efficientnet,EfficientNet,ok,before_inference_ms,0,float,projekt-base,C:\Coding\AI\projekt\conda_envs\base.yml,
40,C:\Coding\AI\Dataset\!masks_for_training\40,efficientnet,EfficientNet,ok,after_inference_ms,0,float,projekt-base,C:\Coding\AI\projekt\conda_envs\base.yml,
40,C:\Coding\AI\Dataset\!masks_for_training\40,efficientnet,EfficientNet,ok,inference_ms_total,0,float,projekt-base,C:\Coding\AI\projekt\conda_envs\base.yml,
40,C:\Coding\AI\Dataset\!masks_for_training\40,sift_ransac,SIFT + RANSAC + difference map,error,,,,projekt-base,C:\Coding\AI\projekt\conda_envs\base.yml,"ValueError: operands could not be broadcast together with shapes (4032,3024,1) (4032,3024) "
40,C:\Coding\AI\Dataset\!masks_for_training\40,siamese_unet,Siamese U-Net,error,,,,projekt-base,C:\Coding\AI\projekt\conda_envs\base.yml,"ValueError: operands could not be broadcast together with shapes (4032,3024,1) (4032,3024) "
40,C:\Coding\AI\Dataset\!masks_for_training\40,yolov8_seg,YOLOv8-seg,ok,analysis_mode,yolov8_seg_pair,str,projekt-base,C:\Coding\AI\projekt\conda_envs\base.yml,
40,C:\Coding\AI\Dataset\!masks_for_training\40,yolov8_seg,YOLOv8-seg,ok,model_name,C:\Coding\AI\projekt\weights\yolov8m_trash_finetuned.pt,str,projekt-base,C:\Coding\AI\projekt\conda_envs\base.yml,
40,C:\Coding\AI\Dataset\!masks_for_training\40,yolov8_seg,YOLOv8-seg,ok,model_source,C:\Coding\AI\projekt\weights\yolov8m_seg_best_new+fine-tune.pt,str,projekt-base,C:\Coding\AI\projekt\conda_envs\base.yml,
40,C:\Coding\AI\Dataset\!masks_for_training\40,yolov8_seg,YOLOv8-seg,ok,device_requested,auto,str,projekt-base,C:\Coding\AI\projekt\conda_envs\base.yml,
40,C:\Coding\AI\Dataset\!masks_for_training\40,yolov8_seg,YOLOv8-seg,ok,device_used,cuda,str,projekt-base,C:\Coding\AI\projekt\conda_envs\base.yml,
40,C:\Coding\AI\Dataset\!masks_for_training\40,yolov8_seg,YOLOv8-seg,ok,force_cpu,False,bool,projekt-base,C:\Coding\AI\projekt\conda_envs\base.yml,
40,C:\Coding\AI\Dataset\!masks_for_training\40,yolov8_seg,YOLOv8-seg,ok,cuda_available,True,bool,projekt-base,C:\Coding\AI\projekt\conda_envs\base.yml,
40,C:\Coding\AI\Dataset\!masks_for_training\40,yolov8_seg,YOLOv8-seg,ok,image_size,1536,int,projekt-base,C:\Coding\AI\projekt\conda_envs\base.yml,
40,C:\Coding\AI\Dataset\!masks_for_training\40,yolov8_seg,YOLOv8-seg,ok,confidence_threshold,0.35,float,projekt-base,C:\Coding\AI\projekt\conda_envs\base.yml,
40,C:\Coding\AI\Dataset\!masks_for_training\40,yolov8_seg,YOLOv8-seg,ok,iou_threshold,0.4,float,projekt-base,C:\Coding\AI\projekt\conda_envs\base.yml,
40,C:\Coding\AI\Dataset\!masks_for_training\40,yolov8_seg,YOLOv8-seg,ok,tile_inference_mode,auto,str,projekt-base,C:\Coding\AI\projekt\conda_envs\base.yml,
40,C:\Coding\AI\Dataset\!masks_for_training\40,yolov8_seg,YOLOv8-seg,ok,tile_size,640,int,projekt-base,C:\Coding\AI\projekt\conda_envs\base.yml,
40,C:\Coding\AI\Dataset\!masks_for_training\40,yolov8_seg,YOLOv8-seg,ok,tile_overlap_ratio,0.5,float,projekt-base,C:\Coding\AI\projekt\conda_envs\base.yml,
40,C:\Coding\AI\Dataset\!masks_for_training\40,yolov8_seg,YOLOv8-seg,ok,before_tile_count,108,int,projekt-base,C:\Coding\AI\projekt\conda_envs\base.yml,
40,C:\Coding\AI\Dataset\!masks_for_training\40,yolov8_seg,YOLOv8-seg,ok,after_tile_count,108,int,projekt-base,C:\Coding\AI\projekt\conda_envs\base.yml,
40,C:\Coding\AI\Dataset\!masks_for_training\40,yolov8_seg,YOLOv8-seg,ok,selected_class_count,0,int,projekt-base,C:\Coding\AI\projekt\conda_envs\base.yml,
40,C:\Coding\AI\Dataset\!masks_for_training\40,yolov8_seg,YOLOv8-seg,ok,selected_class_ids,[],list,projekt-base,C:\Coding\AI\projekt\conda_envs\base.yml,
40,C:\Coding\AI\Dataset\!masks_for_training\40,yolov8_seg,YOLOv8-seg,ok,taco_dataset_root,C:\Coding\AI\projekt\datasets\TACO,str,projekt-base,C:\Coding\AI\projekt\conda_envs\base.yml,
40,C:\Coding\AI\Dataset\!masks_for_training\40,yolov8_seg,YOLOv8-seg,ok,taco_annotations_path,C:\Coding\AI\projekt\datasets\TACO\data\annotations.json,str,projekt-base,C:\Coding\AI\projekt\conda_envs\base.yml,
40,C:\Coding\AI\Dataset\!masks_for_training\40,yolov8_seg,YOLOv8-seg,ok,taco_export_root,C:\Coding\AI\projekt\datasets\TACO\yolo_seg,str,projekt-base,C:\Coding\AI\projekt\conda_envs\base.yml,
40,C:\Coding\AI\Dataset\!masks_for_training\40,yolov8_seg,YOLOv8-seg,ok,taco_data_yaml,C:\Coding\AI\projekt\datasets\TACO\yolo_seg\data.yaml,str,projekt-base,C:\Coding\AI\projekt\conda_envs\base.yml,
40,C:\Coding\AI\Dataset\!masks_for_training\40,yolov8_seg,YOLOv8-seg,ok,taco_source_images,1500,int,projekt-base,C:\Coding\AI\projekt\conda_envs\base.yml,
40,C:\Coding\AI\Dataset\!masks_for_training\40,yolov8_seg,YOLOv8-seg,ok,taco_exported_images,1500,int,projekt-base,C:\Coding\AI\projekt\conda_envs\base.yml,
40,C:\Coding\AI\Dataset\!masks_for_training\40,yolov8_seg,YOLOv8-seg,ok,taco_exported_labels,1500,int,projekt-base,C:\Coding\AI\projekt\conda_envs\base.yml,
40,C:\Coding\AI\Dataset\!masks_for_training\40,yolov8_seg,YOLOv8-seg,ok,taco_skipped_missing_images,0,int,projekt-base,C:\Coding\AI\projekt\conda_envs\base.yml,
40,C:\Coding\AI\Dataset\!masks_for_training\40,yolov8_seg,YOLOv8-seg,ok,taco_skipped_invalid_polygons,0,int,projekt-base,C:\Coding\AI\projekt\conda_envs\base.yml,
40,C:\Coding\AI\Dataset\!masks_for_training\40,yolov8_seg,YOLOv8-seg,ok,before_instance_count,26,int,projekt-base,C:\Coding\AI\projekt\conda_envs\base.yml,
40,C:\Coding\AI\Dataset\!masks_for_training\40,yolov8_seg,YOLOv8-seg,ok,after_instance_count,4,int,projekt-base,C:\Coding\AI\projekt\conda_envs\base.yml,
40,C:\Coding\AI\Dataset\!masks_for_training\40,yolov8_seg,YOLOv8-seg,ok,instance_count_total,30,int,projekt-base,C:\Coding\AI\projekt\conda_envs\base.yml,
40,C:\Coding\AI\Dataset\!masks_for_training\40,yolov8_seg,YOLOv8-seg,ok,before_mask_area_px,372756,int,projekt-base,C:\Coding\AI\projekt\conda_envs\base.yml,
40,C:\Coding\AI\Dataset\!masks_for_training\40,yolov8_seg,YOLOv8-seg,ok,after_mask_area_px,168072,int,projekt-base,C:\Coding\AI\projekt\conda_envs\base.yml,
40,C:\Coding\AI\Dataset\!masks_for_training\40,yolov8_seg,YOLOv8-seg,ok,before_mask_area_ratio,0.030572,float,projekt-base,C:\Coding\AI\projekt\conda_envs\base.yml,
40,C:\Coding\AI\Dataset\!masks_for_training\40,yolov8_seg,YOLOv8-seg,ok,after_mask_area_ratio,0.013785,float,projekt-base,C:\Coding\AI\projekt\conda_envs\base.yml,
40,C:\Coding\AI\Dataset\!masks_for_training\40,yolov8_seg,YOLOv8-seg,ok,mask_area_delta_px,-204684,int,projekt-base,C:\Coding\AI\projekt\conda_envs\base.yml,
40,C:\Coding\AI\Dataset\!masks_for_training\40,yolov8_seg,YOLOv8-seg,ok,mask_area_delta_ratio,-0.016787,float,projekt-base,C:\Coding\AI\projekt\conda_envs\base.yml,
40,C:\Coding\AI\Dataset\!masks_for_training\40,yolov8_seg,YOLOv8-seg,ok,before_bbox_area_px,556981,int,projekt-base,C:\Coding\AI\projekt\conda_envs\base.yml,
40,C:\Coding\AI\Dataset\!masks_for_training\40,yolov8_seg,YOLOv8-seg,ok,after_bbox_area_px,214624,int,projekt-base,C:\Coding\AI\projekt\conda_envs\base.yml,
40,C:\Coding\AI\Dataset\!masks_for_training\40,yolov8_seg,YOLOv8-seg,ok,before_mean_confidence,0.532775,float,projekt-base,C:\Coding\AI\projekt\conda_envs\base.yml,
40,C:\Coding\AI\Dataset\!masks_for_training\40,yolov8_seg,YOLOv8-seg,ok,after_mean_confidence,0.585295,float,projekt-base,C:\Coding\AI\projekt\conda_envs\base.yml,
40,C:\Coding\AI\Dataset\!masks_for_training\40,yolov8_seg,YOLOv8-seg,ok,before_inference_ms,3494.24,float,projekt-base,C:\Coding\AI\projekt\conda_envs\base.yml,
40,C:\Coding\AI\Dataset\!masks_for_training\40,yolov8_seg,YOLOv8-seg,ok,after_inference_ms,2811.16,float,projekt-base,C:\Coding\AI\projekt\conda_envs\base.yml,
40,C:\Coding\AI\Dataset\!masks_for_training\40,yolov8_seg,YOLOv8-seg,ok,inference_ms_total,6305.4,float,projekt-base,C:\Coding\AI\projekt\conda_envs\base.yml,
41,C:\Coding\AI\Dataset\!masks_for_training\41,changeformer,ChangeFormer,ok,analysis_mode,changeformer_pair,str,projekt-base,C:\Coding\AI\projekt\conda_envs\base.yml,
41,C:\Coding\AI\Dataset\!masks_for_training\41,changeformer,ChangeFormer,ok,inference_mode,trained_checkpoint,str,projekt-base,C:\Coding\AI\projekt\conda_envs\base.yml,
41,C:\Coding\AI\Dataset\!masks_for_training\41,changeformer,ChangeFormer,ok,model_name,pvt_v2_b0,str,projekt-base,C:\Coding\AI\projekt\conda_envs\base.yml,
41,C:\Coding\AI\Dataset\!masks_for_training\41,changeformer,ChangeFormer,ok,model_source,C:\Coding\AI\projekt\weights\changeformer_best.pt,str,projekt-base,C:\Coding\AI\projekt\conda_envs\base.yml,
41,C:\Coding\AI\Dataset\!masks_for_training\41,changeformer,ChangeFormer,ok,python_executable,C:\Users\jetgera\miniconda3\envs\projekt-base\python.exe,str,projekt-base,C:\Coding\AI\projekt\conda_envs\base.yml,
41,C:\Coding\AI\Dataset\!masks_for_training\41,changeformer,ChangeFormer,ok,torch_import_ok,True,bool,projekt-base,C:\Coding\AI\projekt\conda_envs\base.yml,
41,C:\Coding\AI\Dataset\!masks_for_training\41,changeformer,ChangeFormer,ok,timm_import_ok,True,bool,projekt-base,C:\Coding\AI\projekt\conda_envs\base.yml,
41,C:\Coding\AI\Dataset\!masks_for_training\41,changeformer,ChangeFormer,ok,torch_version,2.12.0+cu132,TorchVersion,projekt-base,C:\Coding\AI\projekt\conda_envs\base.yml,
41,C:\Coding\AI\Dataset\!masks_for_training\41,changeformer,ChangeFormer,ok,timm_version,1.0.27,str,projekt-base,C:\Coding\AI\projekt\conda_envs\base.yml,
41,C:\Coding\AI\Dataset\!masks_for_training\41,changeformer,ChangeFormer,ok,torch_import_error,,NoneType,projekt-base,C:\Coding\AI\projekt\conda_envs\base.yml,
41,C:\Coding\AI\Dataset\!masks_for_training\41,changeformer,ChangeFormer,ok,timm_import_error,,NoneType,projekt-base,C:\Coding\AI\projekt\conda_envs\base.yml,
41,C:\Coding\AI\Dataset\!masks_for_training\41,changeformer,ChangeFormer,ok,weights_path,C:\Coding\AI\projekt\weights\changeformer_best.pt,str,projekt-base,C:\Coding\AI\projekt\conda_envs\base.yml,
41,C:\Coding\AI\Dataset\!masks_for_training\41,changeformer,ChangeFormer,ok,device_requested,auto,str,projekt-base,C:\Coding\AI\projekt\conda_envs\base.yml,
41,C:\Coding\AI\Dataset\!masks_for_training\41,changeformer,ChangeFormer,ok,device_used,cuda,str,projekt-base,C:\Coding\AI\projekt\conda_envs\base.yml,
41,C:\Coding\AI\Dataset\!masks_for_training\41,changeformer,ChangeFormer,ok,force_cpu,False,bool,projekt-base,C:\Coding\AI\projekt\conda_envs\base.yml,
41,C:\Coding\AI\Dataset\!masks_for_training\41,changeformer,ChangeFormer,ok,cuda_available,True,bool,projekt-base,C:\Coding\AI\projekt\conda_envs\base.yml,
41,C:\Coding\AI\Dataset\!masks_for_training\41,changeformer,ChangeFormer,ok,input_size,512,int,projekt-base,C:\Coding\AI\projekt\conda_envs\base.yml,
41,C:\Coding\AI\Dataset\!masks_for_training\41,changeformer,ChangeFormer,ok,threshold_percentile,93,float,projekt-base,C:\Coding\AI\projekt\conda_envs\base.yml,
41,C:\Coding\AI\Dataset\!masks_for_training\41,changeformer,ChangeFormer,ok,threshold_value,0.136275,float,projekt-base,C:\Coding\AI\projekt\conda_envs\base.yml,
41,C:\Coding\AI\Dataset\!masks_for_training\41,changeformer,ChangeFormer,ok,alignment_mode,sift_homography_ransac,str,projekt-base,C:\Coding\AI\projekt\conda_envs\base.yml,
41,C:\Coding\AI\Dataset\!masks_for_training\41,changeformer,ChangeFormer,ok,alignment_ecc_score,,NoneType,projekt-base,C:\Coding\AI\projekt\conda_envs\base.yml,
41,C:\Coding\AI\Dataset\!masks_for_training\41,changeformer,ChangeFormer,ok,alignment_quality,0.385292,float,projekt-base,C:\Coding\AI\projekt\conda_envs\base.yml,
41,C:\Coding\AI\Dataset\!masks_for_training\41,changeformer,ChangeFormer,ok,alignment_rotation_deg,0,int,projekt-base,C:\Coding\AI\projekt\conda_envs\base.yml,
41,C:\Coding\AI\Dataset\!masks_for_training\41,changeformer,ChangeFormer,ok,scene_consistency,0.80137,float,projekt-base,C:\Coding\AI\projekt\conda_envs\base.yml,
41,C:\Coding\AI\Dataset\!masks_for_training\41,changeformer,ChangeFormer,ok,scene_mismatch_suppressed,False,bool,projekt-base,C:\Coding\AI\projekt\conda_envs\base.yml,
41,C:\Coding\AI\Dataset\!masks_for_training\41,changeformer,ChangeFormer,ok,fallback_reason,,NoneType,projekt-base,C:\Coding\AI\projekt\conda_envs\base.yml,
41,C:\Coding\AI\Dataset\!masks_for_training\41,changeformer,ChangeFormer,ok,change_pixels,0,int,projekt-base,C:\Coding\AI\projekt\conda_envs\base.yml,
41,C:\Coding\AI\Dataset\!masks_for_training\41,changeformer,ChangeFormer,ok,overlap_pixels,6914532,int,projekt-base,C:\Coding\AI\projekt\conda_envs\base.yml,
41,C:\Coding\AI\Dataset\!masks_for_training\41,changeformer,ChangeFormer,ok,canvas_pixels,12192768,int,projekt-base,C:\Coding\AI\projekt\conda_envs\base.yml,
41,C:\Coding\AI\Dataset\!masks_for_training\41,changeformer,ChangeFormer,ok,overlap_ratio,0.567101,float,projekt-base,C:\Coding\AI\projekt\conda_envs\base.yml,
41,C:\Coding\AI\Dataset\!masks_for_training\41,changeformer,ChangeFormer,ok,change_ratio,0,float,projekt-base,C:\Coding\AI\projekt\conda_envs\base.yml,
41,C:\Coding\AI\Dataset\!masks_for_training\41,changeformer,ChangeFormer,ok,inference_ms,1354.52,float,projekt-base,C:\Coding\AI\projekt\conda_envs\base.yml,
41,C:\Coding\AI\Dataset\!masks_for_training\41,changeformer,ChangeFormer,ok,segm_gt_pixels,23626,float,projekt-base,C:\Coding\AI\projekt\conda_envs\base.yml,
41,C:\Coding\AI\Dataset\!masks_for_training\41,changeformer,ChangeFormer,ok,segm_pred_pixels,0,float,projekt-base,C:\Coding\AI\projekt\conda_envs\base.yml,
41,C:\Coding\AI\Dataset\!masks_for_training\41,changeformer,ChangeFormer,ok,segm_intersection_pixels,0,float,projekt-base,C:\Coding\AI\projekt\conda_envs\base.yml,
41,C:\Coding\AI\Dataset\!masks_for_training\41,changeformer,ChangeFormer,ok,segm_union_pixels,23626,float,projekt-base,C:\Coding\AI\projekt\conda_envs\base.yml,
41,C:\Coding\AI\Dataset\!masks_for_training\41,changeformer,ChangeFormer,ok,segm_iou,0,float,projekt-base,C:\Coding\AI\projekt\conda_envs\base.yml,
41,C:\Coding\AI\Dataset\!masks_for_training\41,changeformer,ChangeFormer,ok,segm_dice,0,float,projekt-base,C:\Coding\AI\projekt\conda_envs\base.yml,
41,C:\Coding\AI\Dataset\!masks_for_training\41,changeformer,ChangeFormer,ok,qty_pixels_ground_truth,23626,float,projekt-base,C:\Coding\AI\projekt\conda_envs\base.yml,
41,C:\Coding\AI\Dataset\!masks_for_training\41,changeformer,ChangeFormer,ok,qty_pixels_predicted,0,float,projekt-base,C:\Coding\AI\projekt\conda_envs\base.yml,
41,C:\Coding\AI\Dataset\!masks_for_training\41,changeformer,ChangeFormer,ok,qty_pixels_absolute_error,23626,float,projekt-base,C:\Coding\AI\projekt\conda_envs\base.yml,
41,C:\Coding\AI\Dataset\!masks_for_training\41,changeformer,ChangeFormer,ok,qty_pixels_mae,23626,float,projekt-base,C:\Coding\AI\projekt\conda_envs\base.yml,
41,C:\Coding\AI\Dataset\!masks_for_training\41,changeformer,ChangeFormer,ok,qty_pixels_mape,100,float,projekt-base,C:\Coding\AI\projekt\conda_envs\base.yml,
41,C:\Coding\AI\Dataset\!masks_for_training\41,changeformer,ChangeFormer,ok,qty_pixels_percentage_error,100,float,projekt-base,C:\Coding\AI\projekt\conda_envs\base.yml,
41,C:\Coding\AI\Dataset\!masks_for_training\41,changeformer,ChangeFormer,ok,qty_ratio_ground_truth,0.00193771,float,projekt-base,C:\Coding\AI\projekt\conda_envs\base.yml,
41,C:\Coding\AI\Dataset\!masks_for_training\41,changeformer,ChangeFormer,ok,qty_ratio_predicted,0,float,projekt-base,C:\Coding\AI\projekt\conda_envs\base.yml,
41,C:\Coding\AI\Dataset\!masks_for_training\41,changeformer,ChangeFormer,ok,qty_ratio_absolute_error,0.00193771,float,projekt-base,C:\Coding\AI\projekt\conda_envs\base.yml,
41,C:\Coding\AI\Dataset\!masks_for_training\41,changeformer,ChangeFormer,ok,qty_ratio_mae,0.00193771,float,projekt-base,C:\Coding\AI\projekt\conda_envs\base.yml,
41,C:\Coding\AI\Dataset\!masks_for_training\41,changeformer,ChangeFormer,ok,qty_ratio_mape,100,float,projekt-base,C:\Coding\AI\projekt\conda_envs\base.yml,
41,C:\Coding\AI\Dataset\!masks_for_training\41,changeformer,ChangeFormer,ok,qty_ratio_percentage_error,100,float,projekt-base,C:\Coding\AI\projekt\conda_envs\base.yml,
41,C:\Coding\AI\Dataset\!masks_for_training\41,efficientnet,EfficientNet,ok,analysis_mode,efficientnet_cls_pair,str,projekt-base,C:\Coding\AI\projekt\conda_envs\base.yml,
41,C:\Coding\AI\Dataset\!masks_for_training\41,efficientnet,EfficientNet,ok,inference_mode,heuristic_fallback,str,projekt-base,C:\Coding\AI\projekt\conda_envs\base.yml,
41,C:\Coding\AI\Dataset\!masks_for_training\41,efficientnet,EfficientNet,ok,model_name,efficientnet_b0,str,projekt-base,C:\Coding\AI\projekt\conda_envs\base.yml,
41,C:\Coding\AI\Dataset\!masks_for_training\41,efficientnet,EfficientNet,ok,model_source,None,str,projekt-base,C:\Coding\AI\projekt\conda_envs\base.yml,
41,C:\Coding\AI\Dataset\!masks_for_training\41,efficientnet,EfficientNet,ok,weights_path,C:\Coding\AI\projekt\weights\efficientnet_best.pt,str,projekt-base,C:\Coding\AI\projekt\conda_envs\base.yml,
41,C:\Coding\AI\Dataset\!masks_for_training\41,efficientnet,EfficientNet,ok,device_requested,auto,str,projekt-base,C:\Coding\AI\projekt\conda_envs\base.yml,
41,C:\Coding\AI\Dataset\!masks_for_training\41,efficientnet,EfficientNet,ok,device_used,cpu,str,projekt-base,C:\Coding\AI\projekt\conda_envs\base.yml,
41,C:\Coding\AI\Dataset\!masks_for_training\41,efficientnet,EfficientNet,ok,force_cpu,False,bool,projekt-base,C:\Coding\AI\projekt\conda_envs\base.yml,
41,C:\Coding\AI\Dataset\!masks_for_training\41,efficientnet,EfficientNet,ok,cuda_available,True,bool,projekt-base,C:\Coding\AI\projekt\conda_envs\base.yml,
41,C:\Coding\AI\Dataset\!masks_for_training\41,efficientnet,EfficientNet,ok,input_size,224,int,projekt-base,C:\Coding\AI\projekt\conda_envs\base.yml,
41,C:\Coding\AI\Dataset\!masks_for_training\41,efficientnet,EfficientNet,ok,dirty_threshold,0.42,float,projekt-base,C:\Coding\AI\projekt\conda_envs\base.yml,
41,C:\Coding\AI\Dataset\!masks_for_training\41,efficientnet,EfficientNet,ok,dirty_keyword_classes,2,int,projekt-base,C:\Coding\AI\projekt\conda_envs\base.yml,
41,C:\Coding\AI\Dataset\!masks_for_training\41,efficientnet,EfficientNet,ok,before_crop_count,6,int,projekt-base,C:\Coding\AI\projekt\conda_envs\base.yml,
41,C:\Coding\AI\Dataset\!masks_for_training\41,efficientnet,EfficientNet,ok,after_crop_count,6,int,projekt-base,C:\Coding\AI\projekt\conda_envs\base.yml,
41,C:\Coding\AI\Dataset\!masks_for_training\41,efficientnet,EfficientNet,ok,before_crop_dirty_prob_mean,0.722573,float,projekt-base,C:\Coding\AI\projekt\conda_envs\base.yml,
41,C:\Coding\AI\Dataset\!masks_for_training\41,efficientnet,EfficientNet,ok,after_crop_dirty_prob_mean,0.735768,float,projekt-base,C:\Coding\AI\projekt\conda_envs\base.yml,
41,C:\Coding\AI\Dataset\!masks_for_training\41,efficientnet,EfficientNet,ok,before_crop_dirty_prob_max,0.758399,float,projekt-base,C:\Coding\AI\projekt\conda_envs\base.yml,
41,C:\Coding\AI\Dataset\!masks_for_training\41,efficientnet,EfficientNet,ok,after_crop_dirty_prob_max,0.762592,float,projekt-base,C:\Coding\AI\projekt\conda_envs\base.yml,
41,C:\Coding\AI\Dataset\!masks_for_training\41,efficientnet,EfficientNet,ok,before_crop_support_ratio,1,float,projekt-base,C:\Coding\AI\projekt\conda_envs\base.yml,
41,C:\Coding\AI\Dataset\!masks_for_training\41,efficientnet,EfficientNet,ok,after_crop_support_ratio,1,float,projekt-base,C:\Coding\AI\projekt\conda_envs\base.yml,
41,C:\Coding\AI\Dataset\!masks_for_training\41,efficientnet,EfficientNet,ok,before_dirty_prob,0.748368,float,projekt-base,C:\Coding\AI\projekt\conda_envs\base.yml,
41,C:\Coding\AI\Dataset\!masks_for_training\41,efficientnet,EfficientNet,ok,after_dirty_prob,0.755082,float,projekt-base,C:\Coding\AI\projekt\conda_envs\base.yml,
41,C:\Coding\AI\Dataset\!masks_for_training\41,efficientnet,EfficientNet,ok,before_clean_prob,0.251632,float,projekt-base,C:\Coding\AI\projekt\conda_envs\base.yml,
41,C:\Coding\AI\Dataset\!masks_for_training\41,efficientnet,EfficientNet,ok,after_clean_prob,0.244918,float,projekt-base,C:\Coding\AI\projekt\conda_envs\base.yml,
41,C:\Coding\AI\Dataset\!masks_for_training\41,efficientnet,EfficientNet,ok,cleanup_delta,-0.006714,float,projekt-base,C:\Coding\AI\projekt\conda_envs\base.yml,
41,C:\Coding\AI\Dataset\!masks_for_training\41,efficientnet,EfficientNet,ok,cleanup_score,0,float,projekt-base,C:\Coding\AI\projekt\conda_envs\base.yml,
41,C:\Coding\AI\Dataset\!masks_for_training\41,efficientnet,EfficientNet,ok,dirty_prob_delta,0.006714,float,projekt-base,C:\Coding\AI\projekt\conda_envs\base.yml,
41,C:\Coding\AI\Dataset\!masks_for_training\41,efficientnet,EfficientNet,ok,dirty_prob_abs_delta,0.006714,float,projekt-base,C:\Coding\AI\projekt\conda_envs\base.yml,
41,C:\Coding\AI\Dataset\!masks_for_training\41,efficientnet,EfficientNet,ok,before_pred_label,dirty,str,projekt-base,C:\Coding\AI\projekt\conda_envs\base.yml,
41,C:\Coding\AI\Dataset\!masks_for_training\41,efficientnet,EfficientNet,ok,after_pred_label,dirty,str,projekt-base,C:\Coding\AI\projekt\conda_envs\base.yml,
41,C:\Coding\AI\Dataset\!masks_for_training\41,efficientnet,EfficientNet,ok,before_top1_label,dirty,str,projekt-base,C:\Coding\AI\projekt\conda_envs\base.yml,
41,C:\Coding\AI\Dataset\!masks_for_training\41,efficientnet,EfficientNet,ok,after_top1_label,dirty,str,projekt-base,C:\Coding\AI\projekt\conda_envs\base.yml,
41,C:\Coding\AI\Dataset\!masks_for_training\41,efficientnet,EfficientNet,ok,before_top1_prob,0.758399,float,projekt-base,C:\Coding\AI\projekt\conda_envs\base.yml,
41,C:\Coding\AI\Dataset\!masks_for_training\41,efficientnet,EfficientNet,ok,after_top1_prob,0.762592,float,projekt-base,C:\Coding\AI\projekt\conda_envs\base.yml,
41,C:\Coding\AI\Dataset\!masks_for_training\41,efficientnet,EfficientNet,ok,before_entropy_norm,0.847652,float,projekt-base,C:\Coding\AI\projekt\conda_envs\base.yml,
41,C:\Coding\AI\Dataset\!masks_for_training\41,efficientnet,EfficientNet,ok,after_entropy_norm,0.830028,float,projekt-base,C:\Coding\AI\projekt\conda_envs\base.yml,
41,C:\Coding\AI\Dataset\!masks_for_training\41,efficientnet,EfficientNet,ok,before_inference_ms,0,float,projekt-base,C:\Coding\AI\projekt\conda_envs\base.yml,
41,C:\Coding\AI\Dataset\!masks_for_training\41,efficientnet,EfficientNet,ok,after_inference_ms,0,float,projekt-base,C:\Coding\AI\projekt\conda_envs\base.yml,
41,C:\Coding\AI\Dataset\!masks_for_training\41,efficientnet,EfficientNet,ok,inference_ms_total,0,float,projekt-base,C:\Coding\AI\projekt\conda_envs\base.yml,
41,C:\Coding\AI\Dataset\!masks_for_training\41,sift_ransac,SIFT + RANSAC + difference map,ok,alignment_mode,homography_ransac,str,projekt-base,C:\Coding\AI\projekt\conda_envs\base.yml,
41,C:\Coding\AI\Dataset\!masks_for_training\41,sift_ransac,SIFT + RANSAC + difference map,ok,fallback_reason,none,str,projekt-base,C:\Coding\AI\projekt\conda_envs\base.yml,
41,C:\Coding\AI\Dataset\!masks_for_training\41,sift_ransac,SIFT + RANSAC + difference map,ok,keypoints_before,27144,int,projekt-base,C:\Coding\AI\projekt\conda_envs\base.yml,
41,C:\Coding\AI\Dataset\!masks_for_training\41,sift_ransac,SIFT + RANSAC + difference map,ok,keypoints_after,26635,int,projekt-base,C:\Coding\AI\projekt\conda_envs\base.yml,
41,C:\Coding\AI\Dataset\!masks_for_training\41,sift_ransac,SIFT + RANSAC + difference map,ok,raw_matches,27144,int,projekt-base,C:\Coding\AI\projekt\conda_envs\base.yml,
41,C:\Coding\AI\Dataset\!masks_for_training\41,sift_ransac,SIFT + RANSAC + difference map,ok,good_matches,2926,int,projekt-base,C:\Coding\AI\projekt\conda_envs\base.yml,
41,C:\Coding\AI\Dataset\!masks_for_training\41,sift_ransac,SIFT + RANSAC + difference map,ok,inliers,2579,int,projekt-base,C:\Coding\AI\projekt\conda_envs\base.yml,
41,C:\Coding\AI\Dataset\!masks_for_training\41,sift_ransac,SIFT + RANSAC + difference map,ok,inlier_ratio,0.8814,float,projekt-base,C:\Coding\AI\projekt\conda_envs\base.yml,
41,C:\Coding\AI\Dataset\!masks_for_training\41,sift_ransac,SIFT + RANSAC + difference map,ok,change_pixels,122525,int,projekt-base,C:\Coding\AI\projekt\conda_envs\base.yml,
41,C:\Coding\AI\Dataset\!masks_for_training\41,sift_ransac,SIFT + RANSAC + difference map,ok,overlap_pixels,6896315,int,projekt-base,C:\Coding\AI\projekt\conda_envs\base.yml,
41,C:\Coding\AI\Dataset\!masks_for_training\41,sift_ransac,SIFT + RANSAC + difference map,ok,canvas_pixels,12192768,int,projekt-base,C:\Coding\AI\projekt\conda_envs\base.yml,
41,C:\Coding\AI\Dataset\!masks_for_training\41,sift_ransac,SIFT + RANSAC + difference map,ok,overlap_ratio,0.5656,float,projekt-base,C:\Coding\AI\projekt\conda_envs\base.yml,
41,C:\Coding\AI\Dataset\!masks_for_training\41,sift_ransac,SIFT + RANSAC + difference map,ok,change_ratio,0.017767,float,projekt-base,C:\Coding\AI\projekt\conda_envs\base.yml,
41,C:\Coding\AI\Dataset\!masks_for_training\41,sift_ransac,SIFT + RANSAC + difference map,ok,otsu_threshold,43,float,projekt-base,C:\Coding\AI\projekt\conda_envs\base.yml,
41,C:\Coding\AI\Dataset\!masks_for_training\41,sift_ransac,SIFT + RANSAC + difference map,ok,segm_gt_pixels,23626,float,projekt-base,C:\Coding\AI\projekt\conda_envs\base.yml,
41,C:\Coding\AI\Dataset\!masks_for_training\41,sift_ransac,SIFT + RANSAC + difference map,ok,segm_pred_pixels,122525,float,projekt-base,C:\Coding\AI\projekt\conda_envs\base.yml,
41,C:\Coding\AI\Dataset\!masks_for_training\41,sift_ransac,SIFT + RANSAC + difference map,ok,segm_intersection_pixels,0,float,projekt-base,C:\Coding\AI\projekt\conda_envs\base.yml,
41,C:\Coding\AI\Dataset\!masks_for_training\41,sift_ransac,SIFT + RANSAC + difference map,ok,segm_union_pixels,146151,float,projekt-base,C:\Coding\AI\projekt\conda_envs\base.yml,
41,C:\Coding\AI\Dataset\!masks_for_training\41,sift_ransac,SIFT + RANSAC + difference map,ok,segm_iou,0,float,projekt-base,C:\Coding\AI\projekt\conda_envs\base.yml,
41,C:\Coding\AI\Dataset\!masks_for_training\41,sift_ransac,SIFT + RANSAC + difference map,ok,segm_dice,0,float,projekt-base,C:\Coding\AI\projekt\conda_envs\base.yml,
41,C:\Coding\AI\Dataset\!masks_for_training\41,sift_ransac,SIFT + RANSAC + difference map,ok,qty_pixels_ground_truth,23626,float,projekt-base,C:\Coding\AI\projekt\conda_envs\base.yml,
41,C:\Coding\AI\Dataset\!masks_for_training\41,sift_ransac,SIFT + RANSAC + difference map,ok,qty_pixels_predicted,122525,float,projekt-base,C:\Coding\AI\projekt\conda_envs\base.yml,
41,C:\Coding\AI\Dataset\!masks_for_training\41,sift_ransac,SIFT + RANSAC + difference map,ok,qty_pixels_absolute_error,98899,float,projekt-base,C:\Coding\AI\projekt\conda_envs\base.yml,
41,C:\Coding\AI\Dataset\!masks_for_training\41,sift_ransac,SIFT + RANSAC + difference map,ok,qty_pixels_mae,98899,float,projekt-base,C:\Coding\AI\projekt\conda_envs\base.yml,
41,C:\Coding\AI\Dataset\!masks_for_training\41,sift_ransac,SIFT + RANSAC + difference map,ok,qty_pixels_mape,418.602,float,projekt-base,C:\Coding\AI\projekt\conda_envs\base.yml,
41,C:\Coding\AI\Dataset\!masks_for_training\41,sift_ransac,SIFT + RANSAC + difference map,ok,qty_pixels_percentage_error,418.602,float,projekt-base,C:\Coding\AI\projekt\conda_envs\base.yml,
41,C:\Coding\AI\Dataset\!masks_for_training\41,sift_ransac,SIFT + RANSAC + difference map,ok,qty_ratio_ground_truth,0.00193771,float,projekt-base,C:\Coding\AI\projekt\conda_envs\base.yml,
41,C:\Coding\AI\Dataset\!masks_for_training\41,sift_ransac,SIFT + RANSAC + difference map,ok,qty_ratio_predicted,0.010049,float,projekt-base,C:\Coding\AI\projekt\conda_envs\base.yml,
41,C:\Coding\AI\Dataset\!masks_for_training\41,sift_ransac,SIFT + RANSAC + difference map,ok,qty_ratio_absolute_error,0.00811128,float,projekt-base,C:\Coding\AI\projekt\conda_envs\base.yml,
41,C:\Coding\AI\Dataset\!masks_for_training\41,sift_ransac,SIFT + RANSAC + difference map,ok,qty_ratio_mae,0.00811128,float,projekt-base,C:\Coding\AI\projekt\conda_envs\base.yml,
41,C:\Coding\AI\Dataset\!masks_for_training\41,sift_ransac,SIFT + RANSAC + difference map,ok,qty_ratio_mape,418.602,float,projekt-base,C:\Coding\AI\projekt\conda_envs\base.yml,
41,C:\Coding\AI\Dataset\!masks_for_training\41,sift_ransac,SIFT + RANSAC + difference map,ok,qty_ratio_percentage_error,418.602,float,projekt-base,C:\Coding\AI\projekt\conda_envs\base.yml,
41,C:\Coding\AI\Dataset\!masks_for_training\41,siamese_unet,Siamese U-Net,ok,analysis_mode,siamese_unet_cd_pair,str,projekt-base,C:\Coding\AI\projekt\conda_envs\base.yml,
41,C:\Coding\AI\Dataset\!masks_for_training\41,siamese_unet,Siamese U-Net,ok,model_source,C:\Coding\AI\projekt\weights\siamese_unet_cd_real17_finetuned_best.pt,str,projekt-base,C:\Coding\AI\projekt\conda_envs\base.yml,
41,C:\Coding\AI\Dataset\!masks_for_training\41,siamese_unet,Siamese U-Net,ok,device_requested,auto,str,projekt-base,C:\Coding\AI\projekt\conda_envs\base.yml,
41,C:\Coding\AI\Dataset\!masks_for_training\41,siamese_unet,Siamese U-Net,ok,device_used,cuda,str,projekt-base,C:\Coding\AI\projekt\conda_envs\base.yml,
41,C:\Coding\AI\Dataset\!masks_for_training\41,siamese_unet,Siamese U-Net,ok,force_cpu,False,bool,projekt-base,C:\Coding\AI\projekt\conda_envs\base.yml,
41,C:\Coding\AI\Dataset\!masks_for_training\41,siamese_unet,Siamese U-Net,ok,input_size,384,int,projekt-base,C:\Coding\AI\projekt\conda_envs\base.yml,
41,C:\Coding\AI\Dataset\!masks_for_training\41,siamese_unet,Siamese U-Net,ok,threshold,0.65,float,projekt-base,C:\Coding\AI\projekt\conda_envs\base.yml,
41,C:\Coding\AI\Dataset\!masks_for_training\41,siamese_unet,Siamese U-Net,ok,alignment_mode,homography_ransac,str,projekt-base,C:\Coding\AI\projekt\conda_envs\base.yml,
41,C:\Coding\AI\Dataset\!masks_for_training\41,siamese_unet,Siamese U-Net,ok,change_pixels,4567,int,projekt-base,C:\Coding\AI\projekt\conda_envs\base.yml,
41,C:\Coding\AI\Dataset\!masks_for_training\41,siamese_unet,Siamese U-Net,ok,overlap_pixels,6896315,int,projekt-base,C:\Coding\AI\projekt\conda_envs\base.yml,
41,C:\Coding\AI\Dataset\!masks_for_training\41,siamese_unet,Siamese U-Net,ok,canvas_pixels,12192768,int,projekt-base,C:\Coding\AI\projekt\conda_envs\base.yml,
41,C:\Coding\AI\Dataset\!masks_for_training\41,siamese_unet,Siamese U-Net,ok,overlap_ratio,0.565607,float,projekt-base,C:\Coding\AI\projekt\conda_envs\base.yml,
41,C:\Coding\AI\Dataset\!masks_for_training\41,siamese_unet,Siamese U-Net,ok,change_ratio,0.000662,float,projekt-base,C:\Coding\AI\projekt\conda_envs\base.yml,
41,C:\Coding\AI\Dataset\!masks_for_training\41,siamese_unet,Siamese U-Net,ok,inference_ms,41.124,float,projekt-base,C:\Coding\AI\projekt\conda_envs\base.yml,
41,C:\Coding\AI\Dataset\!masks_for_training\41,siamese_unet,Siamese U-Net,ok,weights_path,,NoneType,projekt-base,C:\Coding\AI\projekt\conda_envs\base.yml,
41,C:\Coding\AI\Dataset\!masks_for_training\41,siamese_unet,Siamese U-Net,ok,dinov2_hint_used,False,bool,projekt-base,C:\Coding\AI\projekt\conda_envs\base.yml,
41,C:\Coding\AI\Dataset\!masks_for_training\41,siamese_unet,Siamese U-Net,ok,segm_gt_pixels,23626,float,projekt-base,C:\Coding\AI\projekt\conda_envs\base.yml,
41,C:\Coding\AI\Dataset\!masks_for_training\41,siamese_unet,Siamese U-Net,ok,segm_pred_pixels,4567,float,projekt-base,C:\Coding\AI\projekt\conda_envs\base.yml,
41,C:\Coding\AI\Dataset\!masks_for_training\41,siamese_unet,Siamese U-Net,ok,segm_intersection_pixels,0,float,projekt-base,C:\Coding\AI\projekt\conda_envs\base.yml,
41,C:\Coding\AI\Dataset\!masks_for_training\41,siamese_unet,Siamese U-Net,ok,segm_union_pixels,28193,float,projekt-base,C:\Coding\AI\projekt\conda_envs\base.yml,
41,C:\Coding\AI\Dataset\!masks_for_training\41,siamese_unet,Siamese U-Net,ok,segm_iou,0,float,projekt-base,C:\Coding\AI\projekt\conda_envs\base.yml,
41,C:\Coding\AI\Dataset\!masks_for_training\41,siamese_unet,Siamese U-Net,ok,segm_dice,0,float,projekt-base,C:\Coding\AI\projekt\conda_envs\base.yml,
41,C:\Coding\AI\Dataset\!masks_for_training\41,siamese_unet,Siamese U-Net,ok,qty_pixels_ground_truth,23626,float,projekt-base,C:\Coding\AI\projekt\conda_envs\base.yml,
41,C:\Coding\AI\Dataset\!masks_for_training\41,siamese_unet,Siamese U-Net,ok,qty_pixels_predicted,4567,float,projekt-base,C:\Coding\AI\projekt\conda_envs\base.yml,
41,C:\Coding\AI\Dataset\!masks_for_training\41,siamese_unet,Siamese U-Net,ok,qty_pixels_absolute_error,19059,float,projekt-base,C:\Coding\AI\projekt\conda_envs\base.yml,
41,C:\Coding\AI\Dataset\!masks_for_training\41,siamese_unet,Siamese U-Net,ok,qty_pixels_mae,19059,float,projekt-base,C:\Coding\AI\projekt\conda_envs\base.yml,
41,C:\Coding\AI\Dataset\!masks_for_training\41,siamese_unet,Siamese U-Net,ok,qty_pixels_mape,80.6696,float,projekt-base,C:\Coding\AI\projekt\conda_envs\base.yml,
41,C:\Coding\AI\Dataset\!masks_for_training\41,siamese_unet,Siamese U-Net,ok,qty_pixels_percentage_error,80.6696,float,projekt-base,C:\Coding\AI\projekt\conda_envs\base.yml,
41,C:\Coding\AI\Dataset\!masks_for_training\41,siamese_unet,Siamese U-Net,ok,qty_ratio_ground_truth,0.00193771,float,projekt-base,C:\Coding\AI\projekt\conda_envs\base.yml,
41,C:\Coding\AI\Dataset\!masks_for_training\41,siamese_unet,Siamese U-Net,ok,qty_ratio_predicted,0.000374566,float,projekt-base,C:\Coding\AI\projekt\conda_envs\base.yml,
41,C:\Coding\AI\Dataset\!masks_for_training\41,siamese_unet,Siamese U-Net,ok,qty_ratio_absolute_error,0.00156314,float,projekt-base,C:\Coding\AI\projekt\conda_envs\base.yml,
41,C:\Coding\AI\Dataset\!masks_for_training\41,siamese_unet,Siamese U-Net,ok,qty_ratio_mae,0.00156314,float,projekt-base,C:\Coding\AI\projekt\conda_envs\base.yml,
41,C:\Coding\AI\Dataset\!masks_for_training\41,siamese_unet,Siamese U-Net,ok,qty_ratio_mape,80.6696,float,projekt-base,C:\Coding\AI\projekt\conda_envs\base.yml,
41,C:\Coding\AI\Dataset\!masks_for_training\41,siamese_unet,Siamese U-Net,ok,qty_ratio_percentage_error,80.6696,float,projekt-base,C:\Coding\AI\projekt\conda_envs\base.yml,
41,C:\Coding\AI\Dataset\!masks_for_training\41,yolov8_seg,YOLOv8-seg,ok,analysis_mode,yolov8_seg_pair,str,projekt-base,C:\Coding\AI\projekt\conda_envs\base.yml,
41,C:\Coding\AI\Dataset\!masks_for_training\41,yolov8_seg,YOLOv8-seg,ok,model_name,C:\Coding\AI\projekt\weights\yolov8m_trash_finetuned.pt,str,projekt-base,C:\Coding\AI\projekt\conda_envs\base.yml,
41,C:\Coding\AI\Dataset\!masks_for_training\41,yolov8_seg,YOLOv8-seg,ok,model_source,C:\Coding\AI\projekt\weights\yolov8m_seg_best_new+fine-tune.pt,str,projekt-base,C:\Coding\AI\projekt\conda_envs\base.yml,
41,C:\Coding\AI\Dataset\!masks_for_training\41,yolov8_seg,YOLOv8-seg,ok,device_requested,auto,str,projekt-base,C:\Coding\AI\projekt\conda_envs\base.yml,
41,C:\Coding\AI\Dataset\!masks_for_training\41,yolov8_seg,YOLOv8-seg,ok,device_used,cuda,str,projekt-base,C:\Coding\AI\projekt\conda_envs\base.yml,
41,C:\Coding\AI\Dataset\!masks_for_training\41,yolov8_seg,YOLOv8-seg,ok,force_cpu,False,bool,projekt-base,C:\Coding\AI\projekt\conda_envs\base.yml,
41,C:\Coding\AI\Dataset\!masks_for_training\41,yolov8_seg,YOLOv8-seg,ok,cuda_available,True,bool,projekt-base,C:\Coding\AI\projekt\conda_envs\base.yml,
41,C:\Coding\AI\Dataset\!masks_for_training\41,yolov8_seg,YOLOv8-seg,ok,image_size,1536,int,projekt-base,C:\Coding\AI\projekt\conda_envs\base.yml,
41,C:\Coding\AI\Dataset\!masks_for_training\41,yolov8_seg,YOLOv8-seg,ok,confidence_threshold,0.35,float,projekt-base,C:\Coding\AI\projekt\conda_envs\base.yml,
41,C:\Coding\AI\Dataset\!masks_for_training\41,yolov8_seg,YOLOv8-seg,ok,iou_threshold,0.4,float,projekt-base,C:\Coding\AI\projekt\conda_envs\base.yml,
41,C:\Coding\AI\Dataset\!masks_for_training\41,yolov8_seg,YOLOv8-seg,ok,tile_inference_mode,auto,str,projekt-base,C:\Coding\AI\projekt\conda_envs\base.yml,
41,C:\Coding\AI\Dataset\!masks_for_training\41,yolov8_seg,YOLOv8-seg,ok,tile_size,640,int,projekt-base,C:\Coding\AI\projekt\conda_envs\base.yml,
41,C:\Coding\AI\Dataset\!masks_for_training\41,yolov8_seg,YOLOv8-seg,ok,tile_overlap_ratio,0.5,float,projekt-base,C:\Coding\AI\projekt\conda_envs\base.yml,
41,C:\Coding\AI\Dataset\!masks_for_training\41,yolov8_seg,YOLOv8-seg,ok,before_tile_count,108,int,projekt-base,C:\Coding\AI\projekt\conda_envs\base.yml,
41,C:\Coding\AI\Dataset\!masks_for_training\41,yolov8_seg,YOLOv8-seg,ok,after_tile_count,108,int,projekt-base,C:\Coding\AI\projekt\conda_envs\base.yml,
41,C:\Coding\AI\Dataset\!masks_for_training\41,yolov8_seg,YOLOv8-seg,ok,selected_class_count,0,int,projekt-base,C:\Coding\AI\projekt\conda_envs\base.yml,
41,C:\Coding\AI\Dataset\!masks_for_training\41,yolov8_seg,YOLOv8-seg,ok,selected_class_ids,[],list,projekt-base,C:\Coding\AI\projekt\conda_envs\base.yml,
41,C:\Coding\AI\Dataset\!masks_for_training\41,yolov8_seg,YOLOv8-seg,ok,taco_dataset_root,C:\Coding\AI\projekt\datasets\TACO,str,projekt-base,C:\Coding\AI\projekt\conda_envs\base.yml,
41,C:\Coding\AI\Dataset\!masks_for_training\41,yolov8_seg,YOLOv8-seg,ok,taco_annotations_path,C:\Coding\AI\projekt\datasets\TACO\data\annotations.json,str,projekt-base,C:\Coding\AI\projekt\conda_envs\base.yml,
41,C:\Coding\AI\Dataset\!masks_for_training\41,yolov8_seg,YOLOv8-seg,ok,taco_export_root,C:\Coding\AI\projekt\datasets\TACO\yolo_seg,str,projekt-base,C:\Coding\AI\projekt\conda_envs\base.yml,
41,C:\Coding\AI\Dataset\!masks_for_training\41,yolov8_seg,YOLOv8-seg,ok,taco_data_yaml,C:\Coding\AI\projekt\datasets\TACO\yolo_seg\data.yaml,str,projekt-base,C:\Coding\AI\projekt\conda_envs\base.yml,
41,C:\Coding\AI\Dataset\!masks_for_training\41,yolov8_seg,YOLOv8-seg,ok,taco_source_images,1500,int,projekt-base,C:\Coding\AI\projekt\conda_envs\base.yml,
41,C:\Coding\AI\Dataset\!masks_for_training\41,yolov8_seg,YOLOv8-seg,ok,taco_exported_images,1500,int,projekt-base,C:\Coding\AI\projekt\conda_envs\base.yml,
41,C:\Coding\AI\Dataset\!masks_for_training\41,yolov8_seg,YOLOv8-seg,ok,taco_exported_labels,1500,int,projekt-base,C:\Coding\AI\projekt\conda_envs\base.yml,
41,C:\Coding\AI\Dataset\!masks_for_training\41,yolov8_seg,YOLOv8-seg,ok,taco_skipped_missing_images,0,int,projekt-base,C:\Coding\AI\projekt\conda_envs\base.yml,
41,C:\Coding\AI\Dataset\!masks_for_training\41,yolov8_seg,YOLOv8-seg,ok,taco_skipped_invalid_polygons,0,int,projekt-base,C:\Coding\AI\projekt\conda_envs\base.yml,
41,C:\Coding\AI\Dataset\!masks_for_training\41,yolov8_seg,YOLOv8-seg,ok,before_instance_count,6,int,projekt-base,C:\Coding\AI\projekt\conda_envs\base.yml,
41,C:\Coding\AI\Dataset\!masks_for_training\41,yolov8_seg,YOLOv8-seg,ok,after_instance_count,1,int,projekt-base,C:\Coding\AI\projekt\conda_envs\base.yml,
41,C:\Coding\AI\Dataset\!masks_for_training\41,yolov8_seg,YOLOv8-seg,ok,instance_count_total,7,int,projekt-base,C:\Coding\AI\projekt\conda_envs\base.yml,
41,C:\Coding\AI\Dataset\!masks_for_training\41,yolov8_seg,YOLOv8-seg,ok,before_mask_area_px,61743,int,projekt-base,C:\Coding\AI\projekt\conda_envs\base.yml,
41,C:\Coding\AI\Dataset\!masks_for_training\41,yolov8_seg,YOLOv8-seg,ok,after_mask_area_px,14027,int,projekt-base,C:\Coding\AI\projekt\conda_envs\base.yml,
41,C:\Coding\AI\Dataset\!masks_for_training\41,yolov8_seg,YOLOv8-seg,ok,before_mask_area_ratio,0.005064,float,projekt-base,C:\Coding\AI\projekt\conda_envs\base.yml,
41,C:\Coding\AI\Dataset\!masks_for_training\41,yolov8_seg,YOLOv8-seg,ok,after_mask_area_ratio,0.00115,float,projekt-base,C:\Coding\AI\projekt\conda_envs\base.yml,
41,C:\Coding\AI\Dataset\!masks_for_training\41,yolov8_seg,YOLOv8-seg,ok,mask_area_delta_px,-47716,int,projekt-base,C:\Coding\AI\projekt\conda_envs\base.yml,
41,C:\Coding\AI\Dataset\!masks_for_training\41,yolov8_seg,YOLOv8-seg,ok,mask_area_delta_ratio,-0.003913,float,projekt-base,C:\Coding\AI\projekt\conda_envs\base.yml,
41,C:\Coding\AI\Dataset\!masks_for_training\41,yolov8_seg,YOLOv8-seg,ok,before_bbox_area_px,116185,int,projekt-base,C:\Coding\AI\projekt\conda_envs\base.yml,
41,C:\Coding\AI\Dataset\!masks_for_training\41,yolov8_seg,YOLOv8-seg,ok,after_bbox_area_px,18111,int,projekt-base,C:\Coding\AI\projekt\conda_envs\base.yml,
41,C:\Coding\AI\Dataset\!masks_for_training\41,yolov8_seg,YOLOv8-seg,ok,before_mean_confidence,0.509154,float,projekt-base,C:\Coding\AI\projekt\conda_envs\base.yml,
41,C:\Coding\AI\Dataset\!masks_for_training\41,yolov8_seg,YOLOv8-seg,ok,after_mean_confidence,0.514081,float,projekt-base,C:\Coding\AI\projekt\conda_envs\base.yml,
41,C:\Coding\AI\Dataset\!masks_for_training\41,yolov8_seg,YOLOv8-seg,ok,before_inference_ms,2430.59,float,projekt-base,C:\Coding\AI\projekt\conda_envs\base.yml,
41,C:\Coding\AI\Dataset\!masks_for_training\41,yolov8_seg,YOLOv8-seg,ok,after_inference_ms,2477.06,float,projekt-base,C:\Coding\AI\projekt\conda_envs\base.yml,
41,C:\Coding\AI\Dataset\!masks_for_training\41,yolov8_seg,YOLOv8-seg,ok,inference_ms_total,4907.65,float,projekt-base,C:\Coding\AI\projekt\conda_envs\base.yml,
42,C:\Coding\AI\Dataset\!masks_for_training\42,changeformer,ChangeFormer,error,,,,projekt-base,C:\Coding\AI\projekt\conda_envs\base.yml,"ValueError: operands could not be broadcast together with shapes (4032,3024,1) (4032,3024) "
42,C:\Coding\AI\Dataset\!masks_for_training\42,efficientnet,EfficientNet,ok,analysis_mode,efficientnet_cls_pair,str,projekt-base,C:\Coding\AI\projekt\conda_envs\base.yml,
42,C:\Coding\AI\Dataset\!masks_for_training\42,efficientnet,EfficientNet,ok,inference_mode,heuristic_fallback,str,projekt-base,C:\Coding\AI\projekt\conda_envs\base.yml,
42,C:\Coding\AI\Dataset\!masks_for_training\42,efficientnet,EfficientNet,ok,model_name,efficientnet_b0,str,projekt-base,C:\Coding\AI\projekt\conda_envs\base.yml,
42,C:\Coding\AI\Dataset\!masks_for_training\42,efficientnet,EfficientNet,ok,model_source,None,str,projekt-base,C:\Coding\AI\projekt\conda_envs\base.yml,
42,C:\Coding\AI\Dataset\!masks_for_training\42,efficientnet,EfficientNet,ok,weights_path,C:\Coding\AI\projekt\weights\efficientnet_best.pt,str,projekt-base,C:\Coding\AI\projekt\conda_envs\base.yml,
42,C:\Coding\AI\Dataset\!masks_for_training\42,efficientnet,EfficientNet,ok,device_requested,auto,str,projekt-base,C:\Coding\AI\projekt\conda_envs\base.yml,
42,C:\Coding\AI\Dataset\!masks_for_training\42,efficientnet,EfficientNet,ok,device_used,cpu,str,projekt-base,C:\Coding\AI\projekt\conda_envs\base.yml,
42,C:\Coding\AI\Dataset\!masks_for_training\42,efficientnet,EfficientNet,ok,force_cpu,False,bool,projekt-base,C:\Coding\AI\projekt\conda_envs\base.yml,
42,C:\Coding\AI\Dataset\!masks_for_training\42,efficientnet,EfficientNet,ok,cuda_available,True,bool,projekt-base,C:\Coding\AI\projekt\conda_envs\base.yml,
42,C:\Coding\AI\Dataset\!masks_for_training\42,efficientnet,EfficientNet,ok,input_size,224,int,projekt-base,C:\Coding\AI\projekt\conda_envs\base.yml,
42,C:\Coding\AI\Dataset\!masks_for_training\42,efficientnet,EfficientNet,ok,dirty_threshold,0.42,float,projekt-base,C:\Coding\AI\projekt\conda_envs\base.yml,
42,C:\Coding\AI\Dataset\!masks_for_training\42,efficientnet,EfficientNet,ok,dirty_keyword_classes,2,int,projekt-base,C:\Coding\AI\projekt\conda_envs\base.yml,
42,C:\Coding\AI\Dataset\!masks_for_training\42,efficientnet,EfficientNet,ok,before_crop_count,6,int,projekt-base,C:\Coding\AI\projekt\conda_envs\base.yml,
42,C:\Coding\AI\Dataset\!masks_for_training\42,efficientnet,EfficientNet,ok,after_crop_count,6,int,projekt-base,C:\Coding\AI\projekt\conda_envs\base.yml,
42,C:\Coding\AI\Dataset\!masks_for_training\42,efficientnet,EfficientNet,ok,before_crop_dirty_prob_mean,0.625376,float,projekt-base,C:\Coding\AI\projekt\conda_envs\base.yml,
42,C:\Coding\AI\Dataset\!masks_for_training\42,efficientnet,EfficientNet,ok,after_crop_dirty_prob_mean,0.676179,float,projekt-base,C:\Coding\AI\projekt\conda_envs\base.yml,
42,C:\Coding\AI\Dataset\!masks_for_training\42,efficientnet,EfficientNet,ok,before_crop_dirty_prob_max,0.687476,float,projekt-base,C:\Coding\AI\projekt\conda_envs\base.yml,
42,C:\Coding\AI\Dataset\!masks_for_training\42,efficientnet,EfficientNet,ok,after_crop_dirty_prob_max,0.745872,float,projekt-base,C:\Coding\AI\projekt\conda_envs\base.yml,
42,C:\Coding\AI\Dataset\!masks_for_training\42,efficientnet,EfficientNet,ok,before_crop_support_ratio,1,float,projekt-base,C:\Coding\AI\projekt\conda_envs\base.yml,
42,C:\Coding\AI\Dataset\!masks_for_training\42,efficientnet,EfficientNet,ok,after_crop_support_ratio,1,float,projekt-base,C:\Coding\AI\projekt\conda_envs\base.yml,
42,C:\Coding\AI\Dataset\!masks_for_training\42,efficientnet,EfficientNet,ok,before_dirty_prob,0.670088,float,projekt-base,C:\Coding\AI\projekt\conda_envs\base.yml,
42,C:\Coding\AI\Dataset\!masks_for_training\42,efficientnet,EfficientNet,ok,after_dirty_prob,0.726358,float,projekt-base,C:\Coding\AI\projekt\conda_envs\base.yml,
42,C:\Coding\AI\Dataset\!masks_for_training\42,efficientnet,EfficientNet,ok,before_clean_prob,0.329912,float,projekt-base,C:\Coding\AI\projekt\conda_envs\base.yml,
42,C:\Coding\AI\Dataset\!masks_for_training\42,efficientnet,EfficientNet,ok,after_clean_prob,0.273642,float,projekt-base,C:\Coding\AI\projekt\conda_envs\base.yml,
42,C:\Coding\AI\Dataset\!masks_for_training\42,efficientnet,EfficientNet,ok,cleanup_delta,-0.056269,float,projekt-base,C:\Coding\AI\projekt\conda_envs\base.yml,
42,C:\Coding\AI\Dataset\!masks_for_training\42,efficientnet,EfficientNet,ok,cleanup_score,0,float,projekt-base,C:\Coding\AI\projekt\conda_envs\base.yml,
42,C:\Coding\AI\Dataset\!masks_for_training\42,efficientnet,EfficientNet,ok,dirty_prob_delta,0.056269,float,projekt-base,C:\Coding\AI\projekt\conda_envs\base.yml,
42,C:\Coding\AI\Dataset\!masks_for_training\42,efficientnet,EfficientNet,ok,dirty_prob_abs_delta,0.056269,float,projekt-base,C:\Coding\AI\projekt\conda_envs\base.yml,
42,C:\Coding\AI\Dataset\!masks_for_training\42,efficientnet,EfficientNet,ok,before_pred_label,dirty,str,projekt-base,C:\Coding\AI\projekt\conda_envs\base.yml,
42,C:\Coding\AI\Dataset\!masks_for_training\42,efficientnet,EfficientNet,ok,after_pred_label,dirty,str,projekt-base,C:\Coding\AI\projekt\conda_envs\base.yml,
42,C:\Coding\AI\Dataset\!masks_for_training\42,efficientnet,EfficientNet,ok,before_top1_label,dirty,str,projekt-base,C:\Coding\AI\projekt\conda_envs\base.yml,
42,C:\Coding\AI\Dataset\!masks_for_training\42,efficientnet,EfficientNet,ok,after_top1_label,dirty,str,projekt-base,C:\Coding\AI\projekt\conda_envs\base.yml,
42,C:\Coding\AI\Dataset\!masks_for_training\42,efficientnet,EfficientNet,ok,before_top1_prob,0.687476,float,projekt-base,C:\Coding\AI\projekt\conda_envs\base.yml,
42,C:\Coding\AI\Dataset\!masks_for_training\42,efficientnet,EfficientNet,ok,after_top1_prob,0.745872,float,projekt-base,C:\Coding\AI\projekt\conda_envs\base.yml,
42,C:\Coding\AI\Dataset\!masks_for_training\42,efficientnet,EfficientNet,ok,before_entropy_norm,0.944091,float,projekt-base,C:\Coding\AI\projekt\conda_envs\base.yml,
42,C:\Coding\AI\Dataset\!masks_for_training\42,efficientnet,EfficientNet,ok,after_entropy_norm,0.889597,float,projekt-base,C:\Coding\AI\projekt\conda_envs\base.yml,
42,C:\Coding\AI\Dataset\!masks_for_training\42,efficientnet,EfficientNet,ok,before_inference_ms,0,float,projekt-base,C:\Coding\AI\projekt\conda_envs\base.yml,
42,C:\Coding\AI\Dataset\!masks_for_training\42,efficientnet,EfficientNet,ok,after_inference_ms,0,float,projekt-base,C:\Coding\AI\projekt\conda_envs\base.yml,
42,C:\Coding\AI\Dataset\!masks_for_training\42,efficientnet,EfficientNet,ok,inference_ms_total,0,float,projekt-base,C:\Coding\AI\projekt\conda_envs\base.yml,
42,C:\Coding\AI\Dataset\!masks_for_training\42,sift_ransac,SIFT + RANSAC + difference map,error,,,,projekt-base,C:\Coding\AI\projekt\conda_envs\base.yml,"ValueError: operands could not be broadcast together with shapes (4032,3024,1) (4032,3024) "
42,C:\Coding\AI\Dataset\!masks_for_training\42,siamese_unet,Siamese U-Net,error,,,,projekt-base,C:\Coding\AI\projekt\conda_envs\base.yml,"ValueError: operands could not be broadcast together with shapes (4032,3024,1) (4032,3024) "
42,C:\Coding\AI\Dataset\!masks_for_training\42,yolov8_seg,YOLOv8-seg,ok,analysis_mode,yolov8_seg_pair,str,projekt-base,C:\Coding\AI\projekt\conda_envs\base.yml,
42,C:\Coding\AI\Dataset\!masks_for_training\42,yolov8_seg,YOLOv8-seg,ok,model_name,C:\Coding\AI\projekt\weights\yolov8m_trash_finetuned.pt,str,projekt-base,C:\Coding\AI\projekt\conda_envs\base.yml,
42,C:\Coding\AI\Dataset\!masks_for_training\42,yolov8_seg,YOLOv8-seg,ok,model_source,C:\Coding\AI\projekt\weights\yolov8m_seg_best_new+fine-tune.pt,str,projekt-base,C:\Coding\AI\projekt\conda_envs\base.yml,
42,C:\Coding\AI\Dataset\!masks_for_training\42,yolov8_seg,YOLOv8-seg,ok,device_requested,auto,str,projekt-base,C:\Coding\AI\projekt\conda_envs\base.yml,
42,C:\Coding\AI\Dataset\!masks_for_training\42,yolov8_seg,YOLOv8-seg,ok,device_used,cuda,str,projekt-base,C:\Coding\AI\projekt\conda_envs\base.yml,
42,C:\Coding\AI\Dataset\!masks_for_training\42,yolov8_seg,YOLOv8-seg,ok,force_cpu,False,bool,projekt-base,C:\Coding\AI\projekt\conda_envs\base.yml,
42,C:\Coding\AI\Dataset\!masks_for_training\42,yolov8_seg,YOLOv8-seg,ok,cuda_available,True,bool,projekt-base,C:\Coding\AI\projekt\conda_envs\base.yml,
42,C:\Coding\AI\Dataset\!masks_for_training\42,yolov8_seg,YOLOv8-seg,ok,image_size,1536,int,projekt-base,C:\Coding\AI\projekt\conda_envs\base.yml,
42,C:\Coding\AI\Dataset\!masks_for_training\42,yolov8_seg,YOLOv8-seg,ok,confidence_threshold,0.35,float,projekt-base,C:\Coding\AI\projekt\conda_envs\base.yml,
42,C:\Coding\AI\Dataset\!masks_for_training\42,yolov8_seg,YOLOv8-seg,ok,iou_threshold,0.4,float,projekt-base,C:\Coding\AI\projekt\conda_envs\base.yml,
42,C:\Coding\AI\Dataset\!masks_for_training\42,yolov8_seg,YOLOv8-seg,ok,tile_inference_mode,auto,str,projekt-base,C:\Coding\AI\projekt\conda_envs\base.yml,
42,C:\Coding\AI\Dataset\!masks_for_training\42,yolov8_seg,YOLOv8-seg,ok,tile_size,640,int,projekt-base,C:\Coding\AI\projekt\conda_envs\base.yml,
42,C:\Coding\AI\Dataset\!masks_for_training\42,yolov8_seg,YOLOv8-seg,ok,tile_overlap_ratio,0.5,float,projekt-base,C:\Coding\AI\projekt\conda_envs\base.yml,
42,C:\Coding\AI\Dataset\!masks_for_training\42,yolov8_seg,YOLOv8-seg,ok,before_tile_count,108,int,projekt-base,C:\Coding\AI\projekt\conda_envs\base.yml,
42,C:\Coding\AI\Dataset\!masks_for_training\42,yolov8_seg,YOLOv8-seg,ok,after_tile_count,108,int,projekt-base,C:\Coding\AI\projekt\conda_envs\base.yml,
42,C:\Coding\AI\Dataset\!masks_for_training\42,yolov8_seg,YOLOv8-seg,ok,selected_class_count,0,int,projekt-base,C:\Coding\AI\projekt\conda_envs\base.yml,
42,C:\Coding\AI\Dataset\!masks_for_training\42,yolov8_seg,YOLOv8-seg,ok,selected_class_ids,[],list,projekt-base,C:\Coding\AI\projekt\conda_envs\base.yml,
42,C:\Coding\AI\Dataset\!masks_for_training\42,yolov8_seg,YOLOv8-seg,ok,taco_dataset_root,C:\Coding\AI\projekt\datasets\TACO,str,projekt-base,C:\Coding\AI\projekt\conda_envs\base.yml,
42,C:\Coding\AI\Dataset\!masks_for_training\42,yolov8_seg,YOLOv8-seg,ok,taco_annotations_path,C:\Coding\AI\projekt\datasets\TACO\data\annotations.json,str,projekt-base,C:\Coding\AI\projekt\conda_envs\base.yml,
42,C:\Coding\AI\Dataset\!masks_for_training\42,yolov8_seg,YOLOv8-seg,ok,taco_export_root,C:\Coding\AI\projekt\datasets\TACO\yolo_seg,str,projekt-base,C:\Coding\AI\projekt\conda_envs\base.yml,
42,C:\Coding\AI\Dataset\!masks_for_training\42,yolov8_seg,YOLOv8-seg,ok,taco_data_yaml,C:\Coding\AI\projekt\datasets\TACO\yolo_seg\data.yaml,str,projekt-base,C:\Coding\AI\projekt\conda_envs\base.yml,
42,C:\Coding\AI\Dataset\!masks_for_training\42,yolov8_seg,YOLOv8-seg,ok,taco_source_images,1500,int,projekt-base,C:\Coding\AI\projekt\conda_envs\base.yml,
42,C:\Coding\AI\Dataset\!masks_for_training\42,yolov8_seg,YOLOv8-seg,ok,taco_exported_images,1500,int,projekt-base,C:\Coding\AI\projekt\conda_envs\base.yml,
42,C:\Coding\AI\Dataset\!masks_for_training\42,yolov8_seg,YOLOv8-seg,ok,taco_exported_labels,1500,int,projekt-base,C:\Coding\AI\projekt\conda_envs\base.yml,
42,C:\Coding\AI\Dataset\!masks_for_training\42,yolov8_seg,YOLOv8-seg,ok,taco_skipped_missing_images,0,int,projekt-base,C:\Coding\AI\projekt\conda_envs\base.yml,
42,C:\Coding\AI\Dataset\!masks_for_training\42,yolov8_seg,YOLOv8-seg,ok,taco_skipped_invalid_polygons,0,int,projekt-base,C:\Coding\AI\projekt\conda_envs\base.yml,
42,C:\Coding\AI\Dataset\!masks_for_training\42,yolov8_seg,YOLOv8-seg,ok,before_instance_count,19,int,projekt-base,C:\Coding\AI\projekt\conda_envs\base.yml,
42,C:\Coding\AI\Dataset\!masks_for_training\42,yolov8_seg,YOLOv8-seg,ok,after_instance_count,17,int,projekt-base,C:\Coding\AI\projekt\conda_envs\base.yml,
42,C:\Coding\AI\Dataset\!masks_for_training\42,yolov8_seg,YOLOv8-seg,ok,instance_count_total,36,int,projekt-base,C:\Coding\AI\projekt\conda_envs\base.yml,
42,C:\Coding\AI\Dataset\!masks_for_training\42,yolov8_seg,YOLOv8-seg,ok,before_mask_area_px,40974,int,projekt-base,C:\Coding\AI\projekt\conda_envs\base.yml,
42,C:\Coding\AI\Dataset\!masks_for_training\42,yolov8_seg,YOLOv8-seg,ok,after_mask_area_px,7418,int,projekt-base,C:\Coding\AI\projekt\conda_envs\base.yml,
42,C:\Coding\AI\Dataset\!masks_for_training\42,yolov8_seg,YOLOv8-seg,ok,before_mask_area_ratio,0.003361,float,projekt-base,C:\Coding\AI\projekt\conda_envs\base.yml,
42,C:\Coding\AI\Dataset\!masks_for_training\42,yolov8_seg,YOLOv8-seg,ok,after_mask_area_ratio,0.000608,float,projekt-base,C:\Coding\AI\projekt\conda_envs\base.yml,
42,C:\Coding\AI\Dataset\!masks_for_training\42,yolov8_seg,YOLOv8-seg,ok,mask_area_delta_px,-33556,int,projekt-base,C:\Coding\AI\projekt\conda_envs\base.yml,
42,C:\Coding\AI\Dataset\!masks_for_training\42,yolov8_seg,YOLOv8-seg,ok,mask_area_delta_ratio,-0.002752,float,projekt-base,C:\Coding\AI\projekt\conda_envs\base.yml,
42,C:\Coding\AI\Dataset\!masks_for_training\42,yolov8_seg,YOLOv8-seg,ok,before_bbox_area_px,108712,int,projekt-base,C:\Coding\AI\projekt\conda_envs\base.yml,
42,C:\Coding\AI\Dataset\!masks_for_training\42,yolov8_seg,YOLOv8-seg,ok,after_bbox_area_px,10095,int,projekt-base,C:\Coding\AI\projekt\conda_envs\base.yml,
42,C:\Coding\AI\Dataset\!masks_for_training\42,yolov8_seg,YOLOv8-seg,ok,before_mean_confidence,0.522849,float,projekt-base,C:\Coding\AI\projekt\conda_envs\base.yml,
42,C:\Coding\AI\Dataset\!masks_for_training\42,yolov8_seg,YOLOv8-seg,ok,after_mean_confidence,0.506621,float,projekt-base,C:\Coding\AI\projekt\conda_envs\base.yml,
42,C:\Coding\AI\Dataset\!masks_for_training\42,yolov8_seg,YOLOv8-seg,ok,before_inference_ms,2744.57,float,projekt-base,C:\Coding\AI\projekt\conda_envs\base.yml,
42,C:\Coding\AI\Dataset\!masks_for_training\42,yolov8_seg,YOLOv8-seg,ok,after_inference_ms,2888.59,float,projekt-base,C:\Coding\AI\projekt\conda_envs\base.yml,
42,C:\Coding\AI\Dataset\!masks_for_training\42,yolov8_seg,YOLOv8-seg,ok,inference_ms_total,5633.16,float,projekt-base,C:\Coding\AI\projekt\conda_envs\base.yml,
43,C:\Coding\AI\Dataset\!masks_for_training\43,changeformer,ChangeFormer,ok,analysis_mode,changeformer_pair,str,projekt-base,C:\Coding\AI\projekt\conda_envs\base.yml,
43,C:\Coding\AI\Dataset\!masks_for_training\43,changeformer,ChangeFormer,ok,inference_mode,trained_checkpoint,str,projekt-base,C:\Coding\AI\projekt\conda_envs\base.yml,
43,C:\Coding\AI\Dataset\!masks_for_training\43,changeformer,ChangeFormer,ok,model_name,pvt_v2_b0,str,projekt-base,C:\Coding\AI\projekt\conda_envs\base.yml,
43,C:\Coding\AI\Dataset\!masks_for_training\43,changeformer,ChangeFormer,ok,model_source,C:\Coding\AI\projekt\weights\changeformer_best.pt,str,projekt-base,C:\Coding\AI\projekt\conda_envs\base.yml,
43,C:\Coding\AI\Dataset\!masks_for_training\43,changeformer,ChangeFormer,ok,python_executable,C:\Users\jetgera\miniconda3\envs\projekt-base\python.exe,str,projekt-base,C:\Coding\AI\projekt\conda_envs\base.yml,
43,C:\Coding\AI\Dataset\!masks_for_training\43,changeformer,ChangeFormer,ok,torch_import_ok,True,bool,projekt-base,C:\Coding\AI\projekt\conda_envs\base.yml,
43,C:\Coding\AI\Dataset\!masks_for_training\43,changeformer,ChangeFormer,ok,timm_import_ok,True,bool,projekt-base,C:\Coding\AI\projekt\conda_envs\base.yml,
43,C:\Coding\AI\Dataset\!masks_for_training\43,changeformer,ChangeFormer,ok,torch_version,2.12.0+cu132,TorchVersion,projekt-base,C:\Coding\AI\projekt\conda_envs\base.yml,
43,C:\Coding\AI\Dataset\!masks_for_training\43,changeformer,ChangeFormer,ok,timm_version,1.0.27,str,projekt-base,C:\Coding\AI\projekt\conda_envs\base.yml,
43,C:\Coding\AI\Dataset\!masks_for_training\43,changeformer,ChangeFormer,ok,torch_import_error,,NoneType,projekt-base,C:\Coding\AI\projekt\conda_envs\base.yml,
43,C:\Coding\AI\Dataset\!masks_for_training\43,changeformer,ChangeFormer,ok,timm_import_error,,NoneType,projekt-base,C:\Coding\AI\projekt\conda_envs\base.yml,
43,C:\Coding\AI\Dataset\!masks_for_training\43,changeformer,ChangeFormer,ok,weights_path,C:\Coding\AI\projekt\weights\changeformer_best.pt,str,projekt-base,C:\Coding\AI\projekt\conda_envs\base.yml,
43,C:\Coding\AI\Dataset\!masks_for_training\43,changeformer,ChangeFormer,ok,device_requested,auto,str,projekt-base,C:\Coding\AI\projekt\conda_envs\base.yml,
43,C:\Coding\AI\Dataset\!masks_for_training\43,changeformer,ChangeFormer,ok,device_used,cuda,str,projekt-base,C:\Coding\AI\projekt\conda_envs\base.yml,
43,C:\Coding\AI\Dataset\!masks_for_training\43,changeformer,ChangeFormer,ok,force_cpu,False,bool,projekt-base,C:\Coding\AI\projekt\conda_envs\base.yml,
43,C:\Coding\AI\Dataset\!masks_for_training\43,changeformer,ChangeFormer,ok,cuda_available,True,bool,projekt-base,C:\Coding\AI\projekt\conda_envs\base.yml,
43,C:\Coding\AI\Dataset\!masks_for_training\43,changeformer,ChangeFormer,ok,input_size,512,int,projekt-base,C:\Coding\AI\projekt\conda_envs\base.yml,
43,C:\Coding\AI\Dataset\!masks_for_training\43,changeformer,ChangeFormer,ok,threshold_percentile,93,float,projekt-base,C:\Coding\AI\projekt\conda_envs\base.yml,
43,C:\Coding\AI\Dataset\!masks_for_training\43,changeformer,ChangeFormer,ok,threshold_value,0.226471,float,projekt-base,C:\Coding\AI\projekt\conda_envs\base.yml,
43,C:\Coding\AI\Dataset\!masks_for_training\43,changeformer,ChangeFormer,ok,alignment_mode,sift_homography_ransac,str,projekt-base,C:\Coding\AI\projekt\conda_envs\base.yml,
43,C:\Coding\AI\Dataset\!masks_for_training\43,changeformer,ChangeFormer,ok,alignment_ecc_score,,NoneType,projekt-base,C:\Coding\AI\projekt\conda_envs\base.yml,
43,C:\Coding\AI\Dataset\!masks_for_training\43,changeformer,ChangeFormer,ok,alignment_quality,1,float,projekt-base,C:\Coding\AI\projekt\conda_envs\base.yml,
43,C:\Coding\AI\Dataset\!masks_for_training\43,changeformer,ChangeFormer,ok,alignment_rotation_deg,0,int,projekt-base,C:\Coding\AI\projekt\conda_envs\base.yml,
43,C:\Coding\AI\Dataset\!masks_for_training\43,changeformer,ChangeFormer,ok,scene_consistency,1,float,projekt-base,C:\Coding\AI\projekt\conda_envs\base.yml,
43,C:\Coding\AI\Dataset\!masks_for_training\43,changeformer,ChangeFormer,ok,scene_mismatch_suppressed,False,bool,projekt-base,C:\Coding\AI\projekt\conda_envs\base.yml,
43,C:\Coding\AI\Dataset\!masks_for_training\43,changeformer,ChangeFormer,ok,fallback_reason,,NoneType,projekt-base,C:\Coding\AI\projekt\conda_envs\base.yml,
43,C:\Coding\AI\Dataset\!masks_for_training\43,changeformer,ChangeFormer,ok,change_pixels,0,int,projekt-base,C:\Coding\AI\projekt\conda_envs\base.yml,
43,C:\Coding\AI\Dataset\!masks_for_training\43,changeformer,ChangeFormer,ok,overlap_pixels,12192768,int,projekt-base,C:\Coding\AI\projekt\conda_envs\base.yml,
43,C:\Coding\AI\Dataset\!masks_for_training\43,changeformer,ChangeFormer,ok,canvas_pixels,12192768,int,projekt-base,C:\Coding\AI\projekt\conda_envs\base.yml,
43,C:\Coding\AI\Dataset\!masks_for_training\43,changeformer,ChangeFormer,ok,overlap_ratio,1,float,projekt-base,C:\Coding\AI\projekt\conda_envs\base.yml,
43,C:\Coding\AI\Dataset\!masks_for_training\43,changeformer,ChangeFormer,ok,change_ratio,0,float,projekt-base,C:\Coding\AI\projekt\conda_envs\base.yml,
43,C:\Coding\AI\Dataset\!masks_for_training\43,changeformer,ChangeFormer,ok,inference_ms,1351.71,float,projekt-base,C:\Coding\AI\projekt\conda_envs\base.yml,
43,C:\Coding\AI\Dataset\!masks_for_training\43,changeformer,ChangeFormer,ok,segm_gt_pixels,80215,float,projekt-base,C:\Coding\AI\projekt\conda_envs\base.yml,
43,C:\Coding\AI\Dataset\!masks_for_training\43,changeformer,ChangeFormer,ok,segm_pred_pixels,0,float,projekt-base,C:\Coding\AI\projekt\conda_envs\base.yml,
43,C:\Coding\AI\Dataset\!masks_for_training\43,changeformer,ChangeFormer,ok,segm_intersection_pixels,0,float,projekt-base,C:\Coding\AI\projekt\conda_envs\base.yml,
43,C:\Coding\AI\Dataset\!masks_for_training\43,changeformer,ChangeFormer,ok,segm_union_pixels,80215,float,projekt-base,C:\Coding\AI\projekt\conda_envs\base.yml,
43,C:\Coding\AI\Dataset\!masks_for_training\43,changeformer,ChangeFormer,ok,segm_iou,0,float,projekt-base,C:\Coding\AI\projekt\conda_envs\base.yml,
43,C:\Coding\AI\Dataset\!masks_for_training\43,changeformer,ChangeFormer,ok,segm_dice,0,float,projekt-base,C:\Coding\AI\projekt\conda_envs\base.yml,
43,C:\Coding\AI\Dataset\!masks_for_training\43,changeformer,ChangeFormer,ok,qty_pixels_ground_truth,80215,float,projekt-base,C:\Coding\AI\projekt\conda_envs\base.yml,
43,C:\Coding\AI\Dataset\!masks_for_training\43,changeformer,ChangeFormer,ok,qty_pixels_predicted,0,float,projekt-base,C:\Coding\AI\projekt\conda_envs\base.yml,
43,C:\Coding\AI\Dataset\!masks_for_training\43,changeformer,ChangeFormer,ok,qty_pixels_absolute_error,80215,float,projekt-base,C:\Coding\AI\projekt\conda_envs\base.yml,
43,C:\Coding\AI\Dataset\!masks_for_training\43,changeformer,ChangeFormer,ok,qty_pixels_mae,80215,float,projekt-base,C:\Coding\AI\projekt\conda_envs\base.yml,
43,C:\Coding\AI\Dataset\!masks_for_training\43,changeformer,ChangeFormer,ok,qty_pixels_mape,100,float,projekt-base,C:\Coding\AI\projekt\conda_envs\base.yml,
43,C:\Coding\AI\Dataset\!masks_for_training\43,changeformer,ChangeFormer,ok,qty_pixels_percentage_error,100,float,projekt-base,C:\Coding\AI\projekt\conda_envs\base.yml,
43,C:\Coding\AI\Dataset\!masks_for_training\43,changeformer,ChangeFormer,ok,qty_ratio_ground_truth,0.0065789,float,projekt-base,C:\Coding\AI\projekt\conda_envs\base.yml,
43,C:\Coding\AI\Dataset\!masks_for_training\43,changeformer,ChangeFormer,ok,qty_ratio_predicted,0,float,projekt-base,C:\Coding\AI\projekt\conda_envs\base.yml,
43,C:\Coding\AI\Dataset\!masks_for_training\43,changeformer,ChangeFormer,ok,qty_ratio_absolute_error,0.0065789,float,projekt-base,C:\Coding\AI\projekt\conda_envs\base.yml,
43,C:\Coding\AI\Dataset\!masks_for_training\43,changeformer,ChangeFormer,ok,qty_ratio_mae,0.0065789,float,projekt-base,C:\Coding\AI\projekt\conda_envs\base.yml,
43,C:\Coding\AI\Dataset\!masks_for_training\43,changeformer,ChangeFormer,ok,qty_ratio_mape,100,float,projekt-base,C:\Coding\AI\projekt\conda_envs\base.yml,
43,C:\Coding\AI\Dataset\!masks_for_training\43,changeformer,ChangeFormer,ok,qty_ratio_percentage_error,100,float,projekt-base,C:\Coding\AI\projekt\conda_envs\base.yml,
43,C:\Coding\AI\Dataset\!masks_for_training\43,efficientnet,EfficientNet,ok,analysis_mode,efficientnet_cls_pair,str,projekt-base,C:\Coding\AI\projekt\conda_envs\base.yml,
43,C:\Coding\AI\Dataset\!masks_for_training\43,efficientnet,EfficientNet,ok,inference_mode,heuristic_fallback,str,projekt-base,C:\Coding\AI\projekt\conda_envs\base.yml,
43,C:\Coding\AI\Dataset\!masks_for_training\43,efficientnet,EfficientNet,ok,model_name,efficientnet_b0,str,projekt-base,C:\Coding\AI\projekt\conda_envs\base.yml,
43,C:\Coding\AI\Dataset\!masks_for_training\43,efficientnet,EfficientNet,ok,model_source,None,str,projekt-base,C:\Coding\AI\projekt\conda_envs\base.yml,
43,C:\Coding\AI\Dataset\!masks_for_training\43,efficientnet,EfficientNet,ok,weights_path,C:\Coding\AI\projekt\weights\efficientnet_best.pt,str,projekt-base,C:\Coding\AI\projekt\conda_envs\base.yml,
43,C:\Coding\AI\Dataset\!masks_for_training\43,efficientnet,EfficientNet,ok,device_requested,auto,str,projekt-base,C:\Coding\AI\projekt\conda_envs\base.yml,
43,C:\Coding\AI\Dataset\!masks_for_training\43,efficientnet,EfficientNet,ok,device_used,cpu,str,projekt-base,C:\Coding\AI\projekt\conda_envs\base.yml,
43,C:\Coding\AI\Dataset\!masks_for_training\43,efficientnet,EfficientNet,ok,force_cpu,False,bool,projekt-base,C:\Coding\AI\projekt\conda_envs\base.yml,
43,C:\Coding\AI\Dataset\!masks_for_training\43,efficientnet,EfficientNet,ok,cuda_available,True,bool,projekt-base,C:\Coding\AI\projekt\conda_envs\base.yml,
43,C:\Coding\AI\Dataset\!masks_for_training\43,efficientnet,EfficientNet,ok,input_size,224,int,projekt-base,C:\Coding\AI\projekt\conda_envs\base.yml,
43,C:\Coding\AI\Dataset\!masks_for_training\43,efficientnet,EfficientNet,ok,dirty_threshold,0.42,float,projekt-base,C:\Coding\AI\projekt\conda_envs\base.yml,
43,C:\Coding\AI\Dataset\!masks_for_training\43,efficientnet,EfficientNet,ok,dirty_keyword_classes,2,int,projekt-base,C:\Coding\AI\projekt\conda_envs\base.yml,
43,C:\Coding\AI\Dataset\!masks_for_training\43,efficientnet,EfficientNet,ok,before_crop_count,6,int,projekt-base,C:\Coding\AI\projekt\conda_envs\base.yml,
43,C:\Coding\AI\Dataset\!masks_for_training\43,efficientnet,EfficientNet,ok,after_crop_count,6,int,projekt-base,C:\Coding\AI\projekt\conda_envs\base.yml,
43,C:\Coding\AI\Dataset\!masks_for_training\43,efficientnet,EfficientNet,ok,before_crop_dirty_prob_mean,0.618391,float,projekt-base,C:\Coding\AI\projekt\conda_envs\base.yml,
43,C:\Coding\AI\Dataset\!masks_for_training\43,efficientnet,EfficientNet,ok,after_crop_dirty_prob_mean,0.618391,float,projekt-base,C:\Coding\AI\projekt\conda_envs\base.yml,
43,C:\Coding\AI\Dataset\!masks_for_training\43,efficientnet,EfficientNet,ok,before_crop_dirty_prob_max,0.646698,float,projekt-base,C:\Coding\AI\projekt\conda_envs\base.yml,
43,C:\Coding\AI\Dataset\!masks_for_training\43,efficientnet,EfficientNet,ok,after_crop_dirty_prob_max,0.646698,float,projekt-base,C:\Coding\AI\projekt\conda_envs\base.yml,
43,C:\Coding\AI\Dataset\!masks_for_training\43,efficientnet,EfficientNet,ok,before_crop_support_ratio,1,float,projekt-base,C:\Coding\AI\projekt\conda_envs\base.yml,
43,C:\Coding\AI\Dataset\!masks_for_training\43,efficientnet,EfficientNet,ok,after_crop_support_ratio,1,float,projekt-base,C:\Coding\AI\projekt\conda_envs\base.yml,
43,C:\Coding\AI\Dataset\!masks_for_training\43,efficientnet,EfficientNet,ok,before_dirty_prob,0.638772,float,projekt-base,C:\Coding\AI\projekt\conda_envs\base.yml,
43,C:\Coding\AI\Dataset\!masks_for_training\43,efficientnet,EfficientNet,ok,after_dirty_prob,0.638772,float,projekt-base,C:\Coding\AI\projekt\conda_envs\base.yml,
43,C:\Coding\AI\Dataset\!masks_for_training\43,efficientnet,EfficientNet,ok,before_clean_prob,0.361228,float,projekt-base,C:\Coding\AI\projekt\conda_envs\base.yml,
43,C:\Coding\AI\Dataset\!masks_for_training\43,efficientnet,EfficientNet,ok,after_clean_prob,0.361228,float,projekt-base,C:\Coding\AI\projekt\conda_envs\base.yml,
43,C:\Coding\AI\Dataset\!masks_for_training\43,efficientnet,EfficientNet,ok,cleanup_delta,0,float,projekt-base,C:\Coding\AI\projekt\conda_envs\base.yml,
43,C:\Coding\AI\Dataset\!masks_for_training\43,efficientnet,EfficientNet,ok,cleanup_score,0,float,projekt-base,C:\Coding\AI\projekt\conda_envs\base.yml,
43,C:\Coding\AI\Dataset\!masks_for_training\43,efficientnet,EfficientNet,ok,dirty_prob_delta,0,float,projekt-base,C:\Coding\AI\projekt\conda_envs\base.yml,
43,C:\Coding\AI\Dataset\!masks_for_training\43,efficientnet,EfficientNet,ok,dirty_prob_abs_delta,0,float,projekt-base,C:\Coding\AI\projekt\conda_envs\base.yml,
43,C:\Coding\AI\Dataset\!masks_for_training\43,efficientnet,EfficientNet,ok,before_pred_label,dirty,str,projekt-base,C:\Coding\AI\projekt\conda_envs\base.yml,
43,C:\Coding\AI\Dataset\!masks_for_training\43,efficientnet,EfficientNet,ok,after_pred_label,dirty,str,projekt-base,C:\Coding\AI\projekt\conda_envs\base.yml,
43,C:\Coding\AI\Dataset\!masks_for_training\43,efficientnet,EfficientNet,ok,before_top1_label,dirty,str,projekt-base,C:\Coding\AI\projekt\conda_envs\base.yml,
43,C:\Coding\AI\Dataset\!masks_for_training\43,efficientnet,EfficientNet,ok,after_top1_label,dirty,str,projekt-base,C:\Coding\AI\projekt\conda_envs\base.yml,
43,C:\Coding\AI\Dataset\!masks_for_training\43,efficientnet,EfficientNet,ok,before_top1_prob,0.646698,float,projekt-base,C:\Coding\AI\projekt\conda_envs\base.yml,
43,C:\Coding\AI\Dataset\!masks_for_training\43,efficientnet,EfficientNet,ok,after_top1_prob,0.646698,float,projekt-base,C:\Coding\AI\projekt\conda_envs\base.yml,
43,C:\Coding\AI\Dataset\!masks_for_training\43,efficientnet,EfficientNet,ok,before_entropy_norm,0.95586,float,projekt-base,C:\Coding\AI\projekt\conda_envs\base.yml,
43,C:\Coding\AI\Dataset\!masks_for_training\43,efficientnet,EfficientNet,ok,after_entropy_norm,0.95586,float,projekt-base,C:\Coding\AI\projekt\conda_envs\base.yml,
43,C:\Coding\AI\Dataset\!masks_for_training\43,efficientnet,EfficientNet,ok,before_inference_ms,0,float,projekt-base,C:\Coding\AI\projekt\conda_envs\base.yml,
43,C:\Coding\AI\Dataset\!masks_for_training\43,efficientnet,EfficientNet,ok,after_inference_ms,0,float,projekt-base,C:\Coding\AI\projekt\conda_envs\base.yml,
43,C:\Coding\AI\Dataset\!masks_for_training\43,efficientnet,EfficientNet,ok,inference_ms_total,0,float,projekt-base,C:\Coding\AI\projekt\conda_envs\base.yml,
43,C:\Coding\AI\Dataset\!masks_for_training\43,sift_ransac,SIFT + RANSAC + difference map,ok,alignment_mode,homography_ransac,str,projekt-base,C:\Coding\AI\projekt\conda_envs\base.yml,
43,C:\Coding\AI\Dataset\!masks_for_training\43,sift_ransac,SIFT + RANSAC + difference map,ok,fallback_reason,none,str,projekt-base,C:\Coding\AI\projekt\conda_envs\base.yml,
43,C:\Coding\AI\Dataset\!masks_for_training\43,sift_ransac,SIFT + RANSAC + difference map,ok,keypoints_before,28911,int,projekt-base,C:\Coding\AI\projekt\conda_envs\base.yml,
43,C:\Coding\AI\Dataset\!masks_for_training\43,sift_ransac,SIFT + RANSAC + difference map,ok,keypoints_after,28911,int,projekt-base,C:\Coding\AI\projekt\conda_envs\base.yml,
43,C:\Coding\AI\Dataset\!masks_for_training\43,sift_ransac,SIFT + RANSAC + difference map,ok,raw_matches,28911,int,projekt-base,C:\Coding\AI\projekt\conda_envs\base.yml,
43,C:\Coding\AI\Dataset\!masks_for_training\43,sift_ransac,SIFT + RANSAC + difference map,ok,good_matches,28911,int,projekt-base,C:\Coding\AI\projekt\conda_envs\base.yml,
43,C:\Coding\AI\Dataset\!masks_for_training\43,sift_ransac,SIFT + RANSAC + difference map,ok,inliers,28911,int,projekt-base,C:\Coding\AI\projekt\conda_envs\base.yml,
43,C:\Coding\AI\Dataset\!masks_for_training\43,sift_ransac,SIFT + RANSAC + difference map,ok,inlier_ratio,1,float,projekt-base,C:\Coding\AI\projekt\conda_envs\base.yml,
43,C:\Coding\AI\Dataset\!masks_for_training\43,sift_ransac,SIFT + RANSAC + difference map,ok,change_pixels,0,int,projekt-base,C:\Coding\AI\projekt\conda_envs\base.yml,
43,C:\Coding\AI\Dataset\!masks_for_training\43,sift_ransac,SIFT + RANSAC + difference map,ok,overlap_pixels,12192768,int,projekt-base,C:\Coding\AI\projekt\conda_envs\base.yml,
43,C:\Coding\AI\Dataset\!masks_for_training\43,sift_ransac,SIFT + RANSAC + difference map,ok,canvas_pixels,12192768,int,projekt-base,C:\Coding\AI\projekt\conda_envs\base.yml,
43,C:\Coding\AI\Dataset\!masks_for_training\43,sift_ransac,SIFT + RANSAC + difference map,ok,overlap_ratio,1,float,projekt-base,C:\Coding\AI\projekt\conda_envs\base.yml,
43,C:\Coding\AI\Dataset\!masks_for_training\43,sift_ransac,SIFT + RANSAC + difference map,ok,change_ratio,0,float,projekt-base,C:\Coding\AI\projekt\conda_envs\base.yml,
43,C:\Coding\AI\Dataset\!masks_for_training\43,sift_ransac,SIFT + RANSAC + difference map,ok,otsu_threshold,0,float,projekt-base,C:\Coding\AI\projekt\conda_envs\base.yml,
43,C:\Coding\AI\Dataset\!masks_for_training\43,sift_ransac,SIFT + RANSAC + difference map,ok,segm_gt_pixels,80215,float,projekt-base,C:\Coding\AI\projekt\conda_envs\base.yml,
43,C:\Coding\AI\Dataset\!masks_for_training\43,sift_ransac,SIFT + RANSAC + difference map,ok,segm_pred_pixels,0,float,projekt-base,C:\Coding\AI\projekt\conda_envs\base.yml,
43,C:\Coding\AI\Dataset\!masks_for_training\43,sift_ransac,SIFT + RANSAC + difference map,ok,segm_intersection_pixels,0,float,projekt-base,C:\Coding\AI\projekt\conda_envs\base.yml,
43,C:\Coding\AI\Dataset\!masks_for_training\43,sift_ransac,SIFT + RANSAC + difference map,ok,segm_union_pixels,80215,float,projekt-base,C:\Coding\AI\projekt\conda_envs\base.yml,
43,C:\Coding\AI\Dataset\!masks_for_training\43,sift_ransac,SIFT + RANSAC + difference map,ok,segm_iou,0,float,projekt-base,C:\Coding\AI\projekt\conda_envs\base.yml,
43,C:\Coding\AI\Dataset\!masks_for_training\43,sift_ransac,SIFT + RANSAC + difference map,ok,segm_dice,0,float,projekt-base,C:\Coding\AI\projekt\conda_envs\base.yml,
43,C:\Coding\AI\Dataset\!masks_for_training\43,sift_ransac,SIFT + RANSAC + difference map,ok,qty_pixels_ground_truth,80215,float,projekt-base,C:\Coding\AI\projekt\conda_envs\base.yml,
43,C:\Coding\AI\Dataset\!masks_for_training\43,sift_ransac,SIFT + RANSAC + difference map,ok,qty_pixels_predicted,0,float,projekt-base,C:\Coding\AI\projekt\conda_envs\base.yml,
43,C:\Coding\AI\Dataset\!masks_for_training\43,sift_ransac,SIFT + RANSAC + difference map,ok,qty_pixels_absolute_error,80215,float,projekt-base,C:\Coding\AI\projekt\conda_envs\base.yml,
43,C:\Coding\AI\Dataset\!masks_for_training\43,sift_ransac,SIFT + RANSAC + difference map,ok,qty_pixels_mae,80215,float,projekt-base,C:\Coding\AI\projekt\conda_envs\base.yml,
43,C:\Coding\AI\Dataset\!masks_for_training\43,sift_ransac,SIFT + RANSAC + difference map,ok,qty_pixels_mape,100,float,projekt-base,C:\Coding\AI\projekt\conda_envs\base.yml,
43,C:\Coding\AI\Dataset\!masks_for_training\43,sift_ransac,SIFT + RANSAC + difference map,ok,qty_pixels_percentage_error,100,float,projekt-base,C:\Coding\AI\projekt\conda_envs\base.yml,
43,C:\Coding\AI\Dataset\!masks_for_training\43,sift_ransac,SIFT + RANSAC + difference map,ok,qty_ratio_ground_truth,0.0065789,float,projekt-base,C:\Coding\AI\projekt\conda_envs\base.yml,
43,C:\Coding\AI\Dataset\!masks_for_training\43,sift_ransac,SIFT + RANSAC + difference map,ok,qty_ratio_predicted,0,float,projekt-base,C:\Coding\AI\projekt\conda_envs\base.yml,
43,C:\Coding\AI\Dataset\!masks_for_training\43,sift_ransac,SIFT + RANSAC + difference map,ok,qty_ratio_absolute_error,0.0065789,float,projekt-base,C:\Coding\AI\projekt\conda_envs\base.yml,
43,C:\Coding\AI\Dataset\!masks_for_training\43,sift_ransac,SIFT + RANSAC + difference map,ok,qty_ratio_mae,0.0065789,float,projekt-base,C:\Coding\AI\projekt\conda_envs\base.yml,
43,C:\Coding\AI\Dataset\!masks_for_training\43,sift_ransac,SIFT + RANSAC + difference map,ok,qty_ratio_mape,100,float,projekt-base,C:\Coding\AI\projekt\conda_envs\base.yml,
43,C:\Coding\AI\Dataset\!masks_for_training\43,sift_ransac,SIFT + RANSAC + difference map,ok,qty_ratio_percentage_error,100,float,projekt-base,C:\Coding\AI\projekt\conda_envs\base.yml,
43,C:\Coding\AI\Dataset\!masks_for_training\43,siamese_unet,Siamese U-Net,error,,,,projekt-base,C:\Coding\AI\projekt\conda_envs\base.yml,"ValueError: operands could not be broadcast together with shapes (4032,3024,1) (4032,3024) "
43,C:\Coding\AI\Dataset\!masks_for_training\43,yolov8_seg,YOLOv8-seg,ok,analysis_mode,yolov8_seg_pair,str,projekt-base,C:\Coding\AI\projekt\conda_envs\base.yml,
43,C:\Coding\AI\Dataset\!masks_for_training\43,yolov8_seg,YOLOv8-seg,ok,model_name,C:\Coding\AI\projekt\weights\yolov8m_trash_finetuned.pt,str,projekt-base,C:\Coding\AI\projekt\conda_envs\base.yml,
43,C:\Coding\AI\Dataset\!masks_for_training\43,yolov8_seg,YOLOv8-seg,ok,model_source,C:\Coding\AI\projekt\weights\yolov8m_seg_best_new+fine-tune.pt,str,projekt-base,C:\Coding\AI\projekt\conda_envs\base.yml,
43,C:\Coding\AI\Dataset\!masks_for_training\43,yolov8_seg,YOLOv8-seg,ok,device_requested,auto,str,projekt-base,C:\Coding\AI\projekt\conda_envs\base.yml,
43,C:\Coding\AI\Dataset\!masks_for_training\43,yolov8_seg,YOLOv8-seg,ok,device_used,cuda,str,projekt-base,C:\Coding\AI\projekt\conda_envs\base.yml,
43,C:\Coding\AI\Dataset\!masks_for_training\43,yolov8_seg,YOLOv8-seg,ok,force_cpu,False,bool,projekt-base,C:\Coding\AI\projekt\conda_envs\base.yml,
43,C:\Coding\AI\Dataset\!masks_for_training\43,yolov8_seg,YOLOv8-seg,ok,cuda_available,True,bool,projekt-base,C:\Coding\AI\projekt\conda_envs\base.yml,
43,C:\Coding\AI\Dataset\!masks_for_training\43,yolov8_seg,YOLOv8-seg,ok,image_size,1536,int,projekt-base,C:\Coding\AI\projekt\conda_envs\base.yml,
43,C:\Coding\AI\Dataset\!masks_for_training\43,yolov8_seg,YOLOv8-seg,ok,confidence_threshold,0.35,float,projekt-base,C:\Coding\AI\projekt\conda_envs\base.yml,
43,C:\Coding\AI\Dataset\!masks_for_training\43,yolov8_seg,YOLOv8-seg,ok,iou_threshold,0.4,float,projekt-base,C:\Coding\AI\projekt\conda_envs\base.yml,
43,C:\Coding\AI\Dataset\!masks_for_training\43,yolov8_seg,YOLOv8-seg,ok,tile_inference_mode,auto,str,projekt-base,C:\Coding\AI\projekt\conda_envs\base.yml,
43,C:\Coding\AI\Dataset\!masks_for_training\43,yolov8_seg,YOLOv8-seg,ok,tile_size,640,int,projekt-base,C:\Coding\AI\projekt\conda_envs\base.yml,
43,C:\Coding\AI\Dataset\!masks_for_training\43,yolov8_seg,YOLOv8-seg,ok,tile_overlap_ratio,0.5,float,projekt-base,C:\Coding\AI\projekt\conda_envs\base.yml,
43,C:\Coding\AI\Dataset\!masks_for_training\43,yolov8_seg,YOLOv8-seg,ok,before_tile_count,108,int,projekt-base,C:\Coding\AI\projekt\conda_envs\base.yml,
43,C:\Coding\AI\Dataset\!masks_for_training\43,yolov8_seg,YOLOv8-seg,ok,after_tile_count,108,int,projekt-base,C:\Coding\AI\projekt\conda_envs\base.yml,
43,C:\Coding\AI\Dataset\!masks_for_training\43,yolov8_seg,YOLOv8-seg,ok,selected_class_count,0,int,projekt-base,C:\Coding\AI\projekt\conda_envs\base.yml,
43,C:\Coding\AI\Dataset\!masks_for_training\43,yolov8_seg,YOLOv8-seg,ok,selected_class_ids,[],list,projekt-base,C:\Coding\AI\projekt\conda_envs\base.yml,
43,C:\Coding\AI\Dataset\!masks_for_training\43,yolov8_seg,YOLOv8-seg,ok,taco_dataset_root,C:\Coding\AI\projekt\datasets\TACO,str,projekt-base,C:\Coding\AI\projekt\conda_envs\base.yml,
43,C:\Coding\AI\Dataset\!masks_for_training\43,yolov8_seg,YOLOv8-seg,ok,taco_annotations_path,C:\Coding\AI\projekt\datasets\TACO\data\annotations.json,str,projekt-base,C:\Coding\AI\projekt\conda_envs\base.yml,
43,C:\Coding\AI\Dataset\!masks_for_training\43,yolov8_seg,YOLOv8-seg,ok,taco_export_root,C:\Coding\AI\projekt\datasets\TACO\yolo_seg,str,projekt-base,C:\Coding\AI\projekt\conda_envs\base.yml,
43,C:\Coding\AI\Dataset\!masks_for_training\43,yolov8_seg,YOLOv8-seg,ok,taco_data_yaml,C:\Coding\AI\projekt\datasets\TACO\yolo_seg\data.yaml,str,projekt-base,C:\Coding\AI\projekt\conda_envs\base.yml,
43,C:\Coding\AI\Dataset\!masks_for_training\43,yolov8_seg,YOLOv8-seg,ok,taco_source_images,1500,int,projekt-base,C:\Coding\AI\projekt\conda_envs\base.yml,
43,C:\Coding\AI\Dataset\!masks_for_training\43,yolov8_seg,YOLOv8-seg,ok,taco_exported_images,1500,int,projekt-base,C:\Coding\AI\projekt\conda_envs\base.yml,
43,C:\Coding\AI\Dataset\!masks_for_training\43,yolov8_seg,YOLOv8-seg,ok,taco_exported_labels,1500,int,projekt-base,C:\Coding\AI\projekt\conda_envs\base.yml,
43,C:\Coding\AI\Dataset\!masks_for_training\43,yolov8_seg,YOLOv8-seg,ok,taco_skipped_missing_images,0,int,projekt-base,C:\Coding\AI\projekt\conda_envs\base.yml,
43,C:\Coding\AI\Dataset\!masks_for_training\43,yolov8_seg,YOLOv8-seg,ok,taco_skipped_invalid_polygons,0,int,projekt-base,C:\Coding\AI\projekt\conda_envs\base.yml,
43,C:\Coding\AI\Dataset\!masks_for_training\43,yolov8_seg,YOLOv8-seg,ok,before_instance_count,9,int,projekt-base,C:\Coding\AI\projekt\conda_envs\base.yml,
43,C:\Coding\AI\Dataset\!masks_for_training\43,yolov8_seg,YOLOv8-seg,ok,after_instance_count,9,int,projekt-base,C:\Coding\AI\projekt\conda_envs\base.yml,
43,C:\Coding\AI\Dataset\!masks_for_training\43,yolov8_seg,YOLOv8-seg,ok,instance_count_total,18,int,projekt-base,C:\Coding\AI\projekt\conda_envs\base.yml,
43,C:\Coding\AI\Dataset\!masks_for_training\43,yolov8_seg,YOLOv8-seg,ok,before_mask_area_px,235161,int,projekt-base,C:\Coding\AI\projekt\conda_envs\base.yml,
43,C:\Coding\AI\Dataset\!masks_for_training\43,yolov8_seg,YOLOv8-seg,ok,after_mask_area_px,235161,int,projekt-base,C:\Coding\AI\projekt\conda_envs\base.yml,
43,C:\Coding\AI\Dataset\!masks_for_training\43,yolov8_seg,YOLOv8-seg,ok,before_mask_area_ratio,0.019287,float,projekt-base,C:\Coding\AI\projekt\conda_envs\base.yml,
43,C:\Coding\AI\Dataset\!masks_for_training\43,yolov8_seg,YOLOv8-seg,ok,after_mask_area_ratio,0.019287,float,projekt-base,C:\Coding\AI\projekt\conda_envs\base.yml,
43,C:\Coding\AI\Dataset\!masks_for_training\43,yolov8_seg,YOLOv8-seg,ok,mask_area_delta_px,0,int,projekt-base,C:\Coding\AI\projekt\conda_envs\base.yml,
43,C:\Coding\AI\Dataset\!masks_for_training\43,yolov8_seg,YOLOv8-seg,ok,mask_area_delta_ratio,0,float,projekt-base,C:\Coding\AI\projekt\conda_envs\base.yml,
43,C:\Coding\AI\Dataset\!masks_for_training\43,yolov8_seg,YOLOv8-seg,ok,before_bbox_area_px,373885,int,projekt-base,C:\Coding\AI\projekt\conda_envs\base.yml,
43,C:\Coding\AI\Dataset\!masks_for_training\43,yolov8_seg,YOLOv8-seg,ok,after_bbox_area_px,373885,int,projekt-base,C:\Coding\AI\projekt\conda_envs\base.yml,
43,C:\Coding\AI\Dataset\!masks_for_training\43,yolov8_seg,YOLOv8-seg,ok,before_mean_confidence,0.445148,float,projekt-base,C:\Coding\AI\projekt\conda_envs\base.yml,
43,C:\Coding\AI\Dataset\!masks_for_training\43,yolov8_seg,YOLOv8-seg,ok,after_mean_confidence,0.445148,float,projekt-base,C:\Coding\AI\projekt\conda_envs\base.yml,
43,C:\Coding\AI\Dataset\!masks_for_training\43,yolov8_seg,YOLOv8-seg,ok,before_inference_ms,2848.98,float,projekt-base,C:\Coding\AI\projekt\conda_envs\base.yml,
43,C:\Coding\AI\Dataset\!masks_for_training\43,yolov8_seg,YOLOv8-seg,ok,after_inference_ms,2423.51,float,projekt-base,C:\Coding\AI\projekt\conda_envs\base.yml,
43,C:\Coding\AI\Dataset\!masks_for_training\43,yolov8_seg,YOLOv8-seg,ok,inference_ms_total,5272.49,float,projekt-base,C:\Coding\AI\projekt\conda_envs\base.yml,
44,C:\Coding\AI\Dataset\!masks_for_training\44,changeformer,ChangeFormer,ok,analysis_mode,changeformer_pair,str,projekt-base,C:\Coding\AI\projekt\conda_envs\base.yml,
44,C:\Coding\AI\Dataset\!masks_for_training\44,changeformer,ChangeFormer,ok,inference_mode,trained_checkpoint,str,projekt-base,C:\Coding\AI\projekt\conda_envs\base.yml,
44,C:\Coding\AI\Dataset\!masks_for_training\44,changeformer,ChangeFormer,ok,model_name,pvt_v2_b0,str,projekt-base,C:\Coding\AI\projekt\conda_envs\base.yml,
44,C:\Coding\AI\Dataset\!masks_for_training\44,changeformer,ChangeFormer,ok,model_source,C:\Coding\AI\projekt\weights\changeformer_best.pt,str,projekt-base,C:\Coding\AI\projekt\conda_envs\base.yml,
44,C:\Coding\AI\Dataset\!masks_for_training\44,changeformer,ChangeFormer,ok,python_executable,C:\Users\jetgera\miniconda3\envs\projekt-base\python.exe,str,projekt-base,C:\Coding\AI\projekt\conda_envs\base.yml,
44,C:\Coding\AI\Dataset\!masks_for_training\44,changeformer,ChangeFormer,ok,torch_import_ok,True,bool,projekt-base,C:\Coding\AI\projekt\conda_envs\base.yml,
44,C:\Coding\AI\Dataset\!masks_for_training\44,changeformer,ChangeFormer,ok,timm_import_ok,True,bool,projekt-base,C:\Coding\AI\projekt\conda_envs\base.yml,
44,C:\Coding\AI\Dataset\!masks_for_training\44,changeformer,ChangeFormer,ok,torch_version,2.12.0+cu132,TorchVersion,projekt-base,C:\Coding\AI\projekt\conda_envs\base.yml,
44,C:\Coding\AI\Dataset\!masks_for_training\44,changeformer,ChangeFormer,ok,timm_version,1.0.27,str,projekt-base,C:\Coding\AI\projekt\conda_envs\base.yml,
44,C:\Coding\AI\Dataset\!masks_for_training\44,changeformer,ChangeFormer,ok,torch_import_error,,NoneType,projekt-base,C:\Coding\AI\projekt\conda_envs\base.yml,
44,C:\Coding\AI\Dataset\!masks_for_training\44,changeformer,ChangeFormer,ok,timm_import_error,,NoneType,projekt-base,C:\Coding\AI\projekt\conda_envs\base.yml,
44,C:\Coding\AI\Dataset\!masks_for_training\44,changeformer,ChangeFormer,ok,weights_path,C:\Coding\AI\projekt\weights\changeformer_best.pt,str,projekt-base,C:\Coding\AI\projekt\conda_envs\base.yml,
44,C:\Coding\AI\Dataset\!masks_for_training\44,changeformer,ChangeFormer,ok,device_requested,auto,str,projekt-base,C:\Coding\AI\projekt\conda_envs\base.yml,
44,C:\Coding\AI\Dataset\!masks_for_training\44,changeformer,ChangeFormer,ok,device_used,cuda,str,projekt-base,C:\Coding\AI\projekt\conda_envs\base.yml,
44,C:\Coding\AI\Dataset\!masks_for_training\44,changeformer,ChangeFormer,ok,force_cpu,False,bool,projekt-base,C:\Coding\AI\projekt\conda_envs\base.yml,
44,C:\Coding\AI\Dataset\!masks_for_training\44,changeformer,ChangeFormer,ok,cuda_available,True,bool,projekt-base,C:\Coding\AI\projekt\conda_envs\base.yml,
44,C:\Coding\AI\Dataset\!masks_for_training\44,changeformer,ChangeFormer,ok,input_size,512,int,projekt-base,C:\Coding\AI\projekt\conda_envs\base.yml,
44,C:\Coding\AI\Dataset\!masks_for_training\44,changeformer,ChangeFormer,ok,threshold_percentile,93,float,projekt-base,C:\Coding\AI\projekt\conda_envs\base.yml,
44,C:\Coding\AI\Dataset\!masks_for_training\44,changeformer,ChangeFormer,ok,threshold_value,0.2156,float,projekt-base,C:\Coding\AI\projekt\conda_envs\base.yml,
44,C:\Coding\AI\Dataset\!masks_for_training\44,changeformer,ChangeFormer,ok,alignment_mode,sift_homography_ransac,str,projekt-base,C:\Coding\AI\projekt\conda_envs\base.yml,
44,C:\Coding\AI\Dataset\!masks_for_training\44,changeformer,ChangeFormer,ok,alignment_ecc_score,,NoneType,projekt-base,C:\Coding\AI\projekt\conda_envs\base.yml,
44,C:\Coding\AI\Dataset\!masks_for_training\44,changeformer,ChangeFormer,ok,alignment_quality,1,float,projekt-base,C:\Coding\AI\projekt\conda_envs\base.yml,
44,C:\Coding\AI\Dataset\!masks_for_training\44,changeformer,ChangeFormer,ok,alignment_rotation_deg,0,int,projekt-base,C:\Coding\AI\projekt\conda_envs\base.yml,
44,C:\Coding\AI\Dataset\!masks_for_training\44,changeformer,ChangeFormer,ok,scene_consistency,1,float,projekt-base,C:\Coding\AI\projekt\conda_envs\base.yml,
44,C:\Coding\AI\Dataset\!masks_for_training\44,changeformer,ChangeFormer,ok,scene_mismatch_suppressed,False,bool,projekt-base,C:\Coding\AI\projekt\conda_envs\base.yml,
44,C:\Coding\AI\Dataset\!masks_for_training\44,changeformer,ChangeFormer,ok,fallback_reason,,NoneType,projekt-base,C:\Coding\AI\projekt\conda_envs\base.yml,
44,C:\Coding\AI\Dataset\!masks_for_training\44,changeformer,ChangeFormer,ok,change_pixels,0,int,projekt-base,C:\Coding\AI\projekt\conda_envs\base.yml,
44,C:\Coding\AI\Dataset\!masks_for_training\44,changeformer,ChangeFormer,ok,overlap_pixels,12192768,int,projekt-base,C:\Coding\AI\projekt\conda_envs\base.yml,
44,C:\Coding\AI\Dataset\!masks_for_training\44,changeformer,ChangeFormer,ok,canvas_pixels,12192768,int,projekt-base,C:\Coding\AI\projekt\conda_envs\base.yml,
44,C:\Coding\AI\Dataset\!masks_for_training\44,changeformer,ChangeFormer,ok,overlap_ratio,1,float,projekt-base,C:\Coding\AI\projekt\conda_envs\base.yml,
44,C:\Coding\AI\Dataset\!masks_for_training\44,changeformer,ChangeFormer,ok,change_ratio,0,float,projekt-base,C:\Coding\AI\projekt\conda_envs\base.yml,
44,C:\Coding\AI\Dataset\!masks_for_training\44,changeformer,ChangeFormer,ok,inference_ms,1384.36,float,projekt-base,C:\Coding\AI\projekt\conda_envs\base.yml,
44,C:\Coding\AI\Dataset\!masks_for_training\44,changeformer,ChangeFormer,ok,segm_gt_pixels,8917,float,projekt-base,C:\Coding\AI\projekt\conda_envs\base.yml,
44,C:\Coding\AI\Dataset\!masks_for_training\44,changeformer,ChangeFormer,ok,segm_pred_pixels,0,float,projekt-base,C:\Coding\AI\projekt\conda_envs\base.yml,
44,C:\Coding\AI\Dataset\!masks_for_training\44,changeformer,ChangeFormer,ok,segm_intersection_pixels,0,float,projekt-base,C:\Coding\AI\projekt\conda_envs\base.yml,
44,C:\Coding\AI\Dataset\!masks_for_training\44,changeformer,ChangeFormer,ok,segm_union_pixels,8917,float,projekt-base,C:\Coding\AI\projekt\conda_envs\base.yml,
44,C:\Coding\AI\Dataset\!masks_for_training\44,changeformer,ChangeFormer,ok,segm_iou,0,float,projekt-base,C:\Coding\AI\projekt\conda_envs\base.yml,
44,C:\Coding\AI\Dataset\!masks_for_training\44,changeformer,ChangeFormer,ok,segm_dice,0,float,projekt-base,C:\Coding\AI\projekt\conda_envs\base.yml,
44,C:\Coding\AI\Dataset\!masks_for_training\44,changeformer,ChangeFormer,ok,qty_pixels_ground_truth,8917,float,projekt-base,C:\Coding\AI\projekt\conda_envs\base.yml,
44,C:\Coding\AI\Dataset\!masks_for_training\44,changeformer,ChangeFormer,ok,qty_pixels_predicted,0,float,projekt-base,C:\Coding\AI\projekt\conda_envs\base.yml,
44,C:\Coding\AI\Dataset\!masks_for_training\44,changeformer,ChangeFormer,ok,qty_pixels_absolute_error,8917,float,projekt-base,C:\Coding\AI\projekt\conda_envs\base.yml,
44,C:\Coding\AI\Dataset\!masks_for_training\44,changeformer,ChangeFormer,ok,qty_pixels_mae,8917,float,projekt-base,C:\Coding\AI\projekt\conda_envs\base.yml,
44,C:\Coding\AI\Dataset\!masks_for_training\44,changeformer,ChangeFormer,ok,qty_pixels_mape,100,float,projekt-base,C:\Coding\AI\projekt\conda_envs\base.yml,
44,C:\Coding\AI\Dataset\!masks_for_training\44,changeformer,ChangeFormer,ok,qty_pixels_percentage_error,100,float,projekt-base,C:\Coding\AI\projekt\conda_envs\base.yml,
44,C:\Coding\AI\Dataset\!masks_for_training\44,changeformer,ChangeFormer,ok,qty_ratio_ground_truth,0.000731335,float,projekt-base,C:\Coding\AI\projekt\conda_envs\base.yml,
44,C:\Coding\AI\Dataset\!masks_for_training\44,changeformer,ChangeFormer,ok,qty_ratio_predicted,0,float,projekt-base,C:\Coding\AI\projekt\conda_envs\base.yml,
44,C:\Coding\AI\Dataset\!masks_for_training\44,changeformer,ChangeFormer,ok,qty_ratio_absolute_error,0.000731335,float,projekt-base,C:\Coding\AI\projekt\conda_envs\base.yml,
44,C:\Coding\AI\Dataset\!masks_for_training\44,changeformer,ChangeFormer,ok,qty_ratio_mae,0.000731335,float,projekt-base,C:\Coding\AI\projekt\conda_envs\base.yml,
44,C:\Coding\AI\Dataset\!masks_for_training\44,changeformer,ChangeFormer,ok,qty_ratio_mape,100,float,projekt-base,C:\Coding\AI\projekt\conda_envs\base.yml,
44,C:\Coding\AI\Dataset\!masks_for_training\44,changeformer,ChangeFormer,ok,qty_ratio_percentage_error,100,float,projekt-base,C:\Coding\AI\projekt\conda_envs\base.yml,
44,C:\Coding\AI\Dataset\!masks_for_training\44,efficientnet,EfficientNet,ok,analysis_mode,efficientnet_cls_pair,str,projekt-base,C:\Coding\AI\projekt\conda_envs\base.yml,
44,C:\Coding\AI\Dataset\!masks_for_training\44,efficientnet,EfficientNet,ok,inference_mode,heuristic_fallback,str,projekt-base,C:\Coding\AI\projekt\conda_envs\base.yml,
44,C:\Coding\AI\Dataset\!masks_for_training\44,efficientnet,EfficientNet,ok,model_name,efficientnet_b0,str,projekt-base,C:\Coding\AI\projekt\conda_envs\base.yml,
44,C:\Coding\AI\Dataset\!masks_for_training\44,efficientnet,EfficientNet,ok,model_source,None,str,projekt-base,C:\Coding\AI\projekt\conda_envs\base.yml,
44,C:\Coding\AI\Dataset\!masks_for_training\44,efficientnet,EfficientNet,ok,weights_path,C:\Coding\AI\projekt\weights\efficientnet_best.pt,str,projekt-base,C:\Coding\AI\projekt\conda_envs\base.yml,
44,C:\Coding\AI\Dataset\!masks_for_training\44,efficientnet,EfficientNet,ok,device_requested,auto,str,projekt-base,C:\Coding\AI\projekt\conda_envs\base.yml,
44,C:\Coding\AI\Dataset\!masks_for_training\44,efficientnet,EfficientNet,ok,device_used,cpu,str,projekt-base,C:\Coding\AI\projekt\conda_envs\base.yml,
44,C:\Coding\AI\Dataset\!masks_for_training\44,efficientnet,EfficientNet,ok,force_cpu,False,bool,projekt-base,C:\Coding\AI\projekt\conda_envs\base.yml,
44,C:\Coding\AI\Dataset\!masks_for_training\44,efficientnet,EfficientNet,ok,cuda_available,True,bool,projekt-base,C:\Coding\AI\projekt\conda_envs\base.yml,
44,C:\Coding\AI\Dataset\!masks_for_training\44,efficientnet,EfficientNet,ok,input_size,224,int,projekt-base,C:\Coding\AI\projekt\conda_envs\base.yml,
44,C:\Coding\AI\Dataset\!masks_for_training\44,efficientnet,EfficientNet,ok,dirty_threshold,0.42,float,projekt-base,C:\Coding\AI\projekt\conda_envs\base.yml,
44,C:\Coding\AI\Dataset\!masks_for_training\44,efficientnet,EfficientNet,ok,dirty_keyword_classes,2,int,projekt-base,C:\Coding\AI\projekt\conda_envs\base.yml,
44,C:\Coding\AI\Dataset\!masks_for_training\44,efficientnet,EfficientNet,ok,before_crop_count,6,int,projekt-base,C:\Coding\AI\projekt\conda_envs\base.yml,
44,C:\Coding\AI\Dataset\!masks_for_training\44,efficientnet,EfficientNet,ok,after_crop_count,6,int,projekt-base,C:\Coding\AI\projekt\conda_envs\base.yml,
44,C:\Coding\AI\Dataset\!masks_for_training\44,efficientnet,EfficientNet,ok,before_crop_dirty_prob_mean,0.518357,float,projekt-base,C:\Coding\AI\projekt\conda_envs\base.yml,
44,C:\Coding\AI\Dataset\!masks_for_training\44,efficientnet,EfficientNet,ok,after_crop_dirty_prob_mean,0.518357,float,projekt-base,C:\Coding\AI\projekt\conda_envs\base.yml,
44,C:\Coding\AI\Dataset\!masks_for_training\44,efficientnet,EfficientNet,ok,before_crop_dirty_prob_max,0.576502,float,projekt-base,C:\Coding\AI\projekt\conda_envs\base.yml,
44,C:\Coding\AI\Dataset\!masks_for_training\44,efficientnet,EfficientNet,ok,after_crop_dirty_prob_max,0.576502,float,projekt-base,C:\Coding\AI\projekt\conda_envs\base.yml,
44,C:\Coding\AI\Dataset\!masks_for_training\44,efficientnet,EfficientNet,ok,before_crop_support_ratio,1,float,projekt-base,C:\Coding\AI\projekt\conda_envs\base.yml,
44,C:\Coding\AI\Dataset\!masks_for_training\44,efficientnet,EfficientNet,ok,after_crop_support_ratio,1,float,projekt-base,C:\Coding\AI\projekt\conda_envs\base.yml,
44,C:\Coding\AI\Dataset\!masks_for_training\44,efficientnet,EfficientNet,ok,before_dirty_prob,0.560221,float,projekt-base,C:\Coding\AI\projekt\conda_envs\base.yml,
44,C:\Coding\AI\Dataset\!masks_for_training\44,efficientnet,EfficientNet,ok,after_dirty_prob,0.560221,float,projekt-base,C:\Coding\AI\projekt\conda_envs\base.yml,
44,C:\Coding\AI\Dataset\!masks_for_training\44,efficientnet,EfficientNet,ok,before_clean_prob,0.439779,float,projekt-base,C:\Coding\AI\projekt\conda_envs\base.yml,
44,C:\Coding\AI\Dataset\!masks_for_training\44,efficientnet,EfficientNet,ok,after_clean_prob,0.439779,float,projekt-base,C:\Coding\AI\projekt\conda_envs\base.yml,
44,C:\Coding\AI\Dataset\!masks_for_training\44,efficientnet,EfficientNet,ok,cleanup_delta,0,float,projekt-base,C:\Coding\AI\projekt\conda_envs\base.yml,
44,C:\Coding\AI\Dataset\!masks_for_training\44,efficientnet,EfficientNet,ok,cleanup_score,0,float,projekt-base,C:\Coding\AI\projekt\conda_envs\base.yml,
44,C:\Coding\AI\Dataset\!masks_for_training\44,efficientnet,EfficientNet,ok,dirty_prob_delta,0,float,projekt-base,C:\Coding\AI\projekt\conda_envs\base.yml,
44,C:\Coding\AI\Dataset\!masks_for_training\44,efficientnet,EfficientNet,ok,dirty_prob_abs_delta,0,float,projekt-base,C:\Coding\AI\projekt\conda_envs\base.yml,
44,C:\Coding\AI\Dataset\!masks_for_training\44,efficientnet,EfficientNet,ok,before_pred_label,dirty,str,projekt-base,C:\Coding\AI\projekt\conda_envs\base.yml,
44,C:\Coding\AI\Dataset\!masks_for_training\44,efficientnet,EfficientNet,ok,after_pred_label,dirty,str,projekt-base,C:\Coding\AI\projekt\conda_envs\base.yml,
44,C:\Coding\AI\Dataset\!masks_for_training\44,efficientnet,EfficientNet,ok,before_top1_label,dirty,str,projekt-base,C:\Coding\AI\projekt\conda_envs\base.yml,
44,C:\Coding\AI\Dataset\!masks_for_training\44,efficientnet,EfficientNet,ok,after_top1_label,dirty,str,projekt-base,C:\Coding\AI\projekt\conda_envs\base.yml,
44,C:\Coding\AI\Dataset\!masks_for_training\44,efficientnet,EfficientNet,ok,before_top1_prob,0.576502,float,projekt-base,C:\Coding\AI\projekt\conda_envs\base.yml,
44,C:\Coding\AI\Dataset\!masks_for_training\44,efficientnet,EfficientNet,ok,after_top1_prob,0.576502,float,projekt-base,C:\Coding\AI\projekt\conda_envs\base.yml,
44,C:\Coding\AI\Dataset\!masks_for_training\44,efficientnet,EfficientNet,ok,before_entropy_norm,0.994258,float,projekt-base,C:\Coding\AI\projekt\conda_envs\base.yml,
44,C:\Coding\AI\Dataset\!masks_for_training\44,efficientnet,EfficientNet,ok,after_entropy_norm,0.994258,float,projekt-base,C:\Coding\AI\projekt\conda_envs\base.yml,
44,C:\Coding\AI\Dataset\!masks_for_training\44,efficientnet,EfficientNet,ok,before_inference_ms,0,float,projekt-base,C:\Coding\AI\projekt\conda_envs\base.yml,
44,C:\Coding\AI\Dataset\!masks_for_training\44,efficientnet,EfficientNet,ok,after_inference_ms,0,float,projekt-base,C:\Coding\AI\projekt\conda_envs\base.yml,
44,C:\Coding\AI\Dataset\!masks_for_training\44,efficientnet,EfficientNet,ok,inference_ms_total,0,float,projekt-base,C:\Coding\AI\projekt\conda_envs\base.yml,
44,C:\Coding\AI\Dataset\!masks_for_training\44,sift_ransac,SIFT + RANSAC + difference map,ok,alignment_mode,homography_ransac,str,projekt-base,C:\Coding\AI\projekt\conda_envs\base.yml,
44,C:\Coding\AI\Dataset\!masks_for_training\44,sift_ransac,SIFT + RANSAC + difference map,ok,fallback_reason,none,str,projekt-base,C:\Coding\AI\projekt\conda_envs\base.yml,
44,C:\Coding\AI\Dataset\!masks_for_training\44,sift_ransac,SIFT + RANSAC + difference map,ok,keypoints_before,24869,int,projekt-base,C:\Coding\AI\projekt\conda_envs\base.yml,
44,C:\Coding\AI\Dataset\!masks_for_training\44,sift_ransac,SIFT + RANSAC + difference map,ok,keypoints_after,24869,int,projekt-base,C:\Coding\AI\projekt\conda_envs\base.yml,
44,C:\Coding\AI\Dataset\!masks_for_training\44,sift_ransac,SIFT + RANSAC + difference map,ok,raw_matches,24869,int,projekt-base,C:\Coding\AI\projekt\conda_envs\base.yml,
44,C:\Coding\AI\Dataset\!masks_for_training\44,sift_ransac,SIFT + RANSAC + difference map,ok,good_matches,24869,int,projekt-base,C:\Coding\AI\projekt\conda_envs\base.yml,
44,C:\Coding\AI\Dataset\!masks_for_training\44,sift_ransac,SIFT + RANSAC + difference map,ok,inliers,24869,int,projekt-base,C:\Coding\AI\projekt\conda_envs\base.yml,
44,C:\Coding\AI\Dataset\!masks_for_training\44,sift_ransac,SIFT + RANSAC + difference map,ok,inlier_ratio,1,float,projekt-base,C:\Coding\AI\projekt\conda_envs\base.yml,
44,C:\Coding\AI\Dataset\!masks_for_training\44,sift_ransac,SIFT + RANSAC + difference map,ok,change_pixels,0,int,projekt-base,C:\Coding\AI\projekt\conda_envs\base.yml,
44,C:\Coding\AI\Dataset\!masks_for_training\44,sift_ransac,SIFT + RANSAC + difference map,ok,overlap_pixels,12192768,int,projekt-base,C:\Coding\AI\projekt\conda_envs\base.yml,
44,C:\Coding\AI\Dataset\!masks_for_training\44,sift_ransac,SIFT + RANSAC + difference map,ok,canvas_pixels,12192768,int,projekt-base,C:\Coding\AI\projekt\conda_envs\base.yml,
44,C:\Coding\AI\Dataset\!masks_for_training\44,sift_ransac,SIFT + RANSAC + difference map,ok,overlap_ratio,1,float,projekt-base,C:\Coding\AI\projekt\conda_envs\base.yml,
44,C:\Coding\AI\Dataset\!masks_for_training\44,sift_ransac,SIFT + RANSAC + difference map,ok,change_ratio,0,float,projekt-base,C:\Coding\AI\projekt\conda_envs\base.yml,
44,C:\Coding\AI\Dataset\!masks_for_training\44,sift_ransac,SIFT + RANSAC + difference map,ok,otsu_threshold,0,float,projekt-base,C:\Coding\AI\projekt\conda_envs\base.yml,
44,C:\Coding\AI\Dataset\!masks_for_training\44,sift_ransac,SIFT + RANSAC + difference map,ok,segm_gt_pixels,8917,float,projekt-base,C:\Coding\AI\projekt\conda_envs\base.yml,
44,C:\Coding\AI\Dataset\!masks_for_training\44,sift_ransac,SIFT + RANSAC + difference map,ok,segm_pred_pixels,0,float,projekt-base,C:\Coding\AI\projekt\conda_envs\base.yml,
44,C:\Coding\AI\Dataset\!masks_for_training\44,sift_ransac,SIFT + RANSAC + difference map,ok,segm_intersection_pixels,0,float,projekt-base,C:\Coding\AI\projekt\conda_envs\base.yml,
44,C:\Coding\AI\Dataset\!masks_for_training\44,sift_ransac,SIFT + RANSAC + difference map,ok,segm_union_pixels,8917,float,projekt-base,C:\Coding\AI\projekt\conda_envs\base.yml,
44,C:\Coding\AI\Dataset\!masks_for_training\44,sift_ransac,SIFT + RANSAC + difference map,ok,segm_iou,0,float,projekt-base,C:\Coding\AI\projekt\conda_envs\base.yml,
44,C:\Coding\AI\Dataset\!masks_for_training\44,sift_ransac,SIFT + RANSAC + difference map,ok,segm_dice,0,float,projekt-base,C:\Coding\AI\projekt\conda_envs\base.yml,
44,C:\Coding\AI\Dataset\!masks_for_training\44,sift_ransac,SIFT + RANSAC + difference map,ok,qty_pixels_ground_truth,8917,float,projekt-base,C:\Coding\AI\projekt\conda_envs\base.yml,
44,C:\Coding\AI\Dataset\!masks_for_training\44,sift_ransac,SIFT + RANSAC + difference map,ok,qty_pixels_predicted,0,float,projekt-base,C:\Coding\AI\projekt\conda_envs\base.yml,
44,C:\Coding\AI\Dataset\!masks_for_training\44,sift_ransac,SIFT + RANSAC + difference map,ok,qty_pixels_absolute_error,8917,float,projekt-base,C:\Coding\AI\projekt\conda_envs\base.yml,
44,C:\Coding\AI\Dataset\!masks_for_training\44,sift_ransac,SIFT + RANSAC + difference map,ok,qty_pixels_mae,8917,float,projekt-base,C:\Coding\AI\projekt\conda_envs\base.yml,
44,C:\Coding\AI\Dataset\!masks_for_training\44,sift_ransac,SIFT + RANSAC + difference map,ok,qty_pixels_mape,100,float,projekt-base,C:\Coding\AI\projekt\conda_envs\base.yml,
44,C:\Coding\AI\Dataset\!masks_for_training\44,sift_ransac,SIFT + RANSAC + difference map,ok,qty_pixels_percentage_error,100,float,projekt-base,C:\Coding\AI\projekt\conda_envs\base.yml,
44,C:\Coding\AI\Dataset\!masks_for_training\44,sift_ransac,SIFT + RANSAC + difference map,ok,qty_ratio_ground_truth,0.000731335,float,projekt-base,C:\Coding\AI\projekt\conda_envs\base.yml,
44,C:\Coding\AI\Dataset\!masks_for_training\44,sift_ransac,SIFT + RANSAC + difference map,ok,qty_ratio_predicted,0,float,projekt-base,C:\Coding\AI\projekt\conda_envs\base.yml,
44,C:\Coding\AI\Dataset\!masks_for_training\44,sift_ransac,SIFT + RANSAC + difference map,ok,qty_ratio_absolute_error,0.000731335,float,projekt-base,C:\Coding\AI\projekt\conda_envs\base.yml,
44,C:\Coding\AI\Dataset\!masks_for_training\44,sift_ransac,SIFT + RANSAC + difference map,ok,qty_ratio_mae,0.000731335,float,projekt-base,C:\Coding\AI\projekt\conda_envs\base.yml,
44,C:\Coding\AI\Dataset\!masks_for_training\44,sift_ransac,SIFT + RANSAC + difference map,ok,qty_ratio_mape,100,float,projekt-base,C:\Coding\AI\projekt\conda_envs\base.yml,
44,C:\Coding\AI\Dataset\!masks_for_training\44,sift_ransac,SIFT + RANSAC + difference map,ok,qty_ratio_percentage_error,100,float,projekt-base,C:\Coding\AI\projekt\conda_envs\base.yml,
44,C:\Coding\AI\Dataset\!masks_for_training\44,siamese_unet,Siamese U-Net,error,,,,projekt-base,C:\Coding\AI\projekt\conda_envs\base.yml,"ValueError: operands could not be broadcast together with shapes (4032,3024,1) (4032,3024) "
44,C:\Coding\AI\Dataset\!masks_for_training\44,yolov8_seg,YOLOv8-seg,ok,analysis_mode,yolov8_seg_pair,str,projekt-base,C:\Coding\AI\projekt\conda_envs\base.yml,
44,C:\Coding\AI\Dataset\!masks_for_training\44,yolov8_seg,YOLOv8-seg,ok,model_name,C:\Coding\AI\projekt\weights\yolov8m_trash_finetuned.pt,str,projekt-base,C:\Coding\AI\projekt\conda_envs\base.yml,
44,C:\Coding\AI\Dataset\!masks_for_training\44,yolov8_seg,YOLOv8-seg,ok,model_source,C:\Coding\AI\projekt\weights\yolov8m_seg_best_new+fine-tune.pt,str,projekt-base,C:\Coding\AI\projekt\conda_envs\base.yml,
44,C:\Coding\AI\Dataset\!masks_for_training\44,yolov8_seg,YOLOv8-seg,ok,device_requested,auto,str,projekt-base,C:\Coding\AI\projekt\conda_envs\base.yml,
44,C:\Coding\AI\Dataset\!masks_for_training\44,yolov8_seg,YOLOv8-seg,ok,device_used,cuda,str,projekt-base,C:\Coding\AI\projekt\conda_envs\base.yml,
44,C:\Coding\AI\Dataset\!masks_for_training\44,yolov8_seg,YOLOv8-seg,ok,force_cpu,False,bool,projekt-base,C:\Coding\AI\projekt\conda_envs\base.yml,
44,C:\Coding\AI\Dataset\!masks_for_training\44,yolov8_seg,YOLOv8-seg,ok,cuda_available,True,bool,projekt-base,C:\Coding\AI\projekt\conda_envs\base.yml,
44,C:\Coding\AI\Dataset\!masks_for_training\44,yolov8_seg,YOLOv8-seg,ok,image_size,1536,int,projekt-base,C:\Coding\AI\projekt\conda_envs\base.yml,
44,C:\Coding\AI\Dataset\!masks_for_training\44,yolov8_seg,YOLOv8-seg,ok,confidence_threshold,0.35,float,projekt-base,C:\Coding\AI\projekt\conda_envs\base.yml,
44,C:\Coding\AI\Dataset\!masks_for_training\44,yolov8_seg,YOLOv8-seg,ok,iou_threshold,0.4,float,projekt-base,C:\Coding\AI\projekt\conda_envs\base.yml,
44,C:\Coding\AI\Dataset\!masks_for_training\44,yolov8_seg,YOLOv8-seg,ok,tile_inference_mode,auto,str,projekt-base,C:\Coding\AI\projekt\conda_envs\base.yml,
44,C:\Coding\AI\Dataset\!masks_for_training\44,yolov8_seg,YOLOv8-seg,ok,tile_size,640,int,projekt-base,C:\Coding\AI\projekt\conda_envs\base.yml,
44,C:\Coding\AI\Dataset\!masks_for_training\44,yolov8_seg,YOLOv8-seg,ok,tile_overlap_ratio,0.5,float,projekt-base,C:\Coding\AI\projekt\conda_envs\base.yml,
44,C:\Coding\AI\Dataset\!masks_for_training\44,yolov8_seg,YOLOv8-seg,ok,before_tile_count,108,int,projekt-base,C:\Coding\AI\projekt\conda_envs\base.yml,
44,C:\Coding\AI\Dataset\!masks_for_training\44,yolov8_seg,YOLOv8-seg,ok,after_tile_count,108,int,projekt-base,C:\Coding\AI\projekt\conda_envs\base.yml,
44,C:\Coding\AI\Dataset\!masks_for_training\44,yolov8_seg,YOLOv8-seg,ok,selected_class_count,0,int,projekt-base,C:\Coding\AI\projekt\conda_envs\base.yml,
44,C:\Coding\AI\Dataset\!masks_for_training\44,yolov8_seg,YOLOv8-seg,ok,selected_class_ids,[],list,projekt-base,C:\Coding\AI\projekt\conda_envs\base.yml,
44,C:\Coding\AI\Dataset\!masks_for_training\44,yolov8_seg,YOLOv8-seg,ok,taco_dataset_root,C:\Coding\AI\projekt\datasets\TACO,str,projekt-base,C:\Coding\AI\projekt\conda_envs\base.yml,
44,C:\Coding\AI\Dataset\!masks_for_training\44,yolov8_seg,YOLOv8-seg,ok,taco_annotations_path,C:\Coding\AI\projekt\datasets\TACO\data\annotations.json,str,projekt-base,C:\Coding\AI\projekt\conda_envs\base.yml,
44,C:\Coding\AI\Dataset\!masks_for_training\44,yolov8_seg,YOLOv8-seg,ok,taco_export_root,C:\Coding\AI\projekt\datasets\TACO\yolo_seg,str,projekt-base,C:\Coding\AI\projekt\conda_envs\base.yml,
44,C:\Coding\AI\Dataset\!masks_for_training\44,yolov8_seg,YOLOv8-seg,ok,taco_data_yaml,C:\Coding\AI\projekt\datasets\TACO\yolo_seg\data.yaml,str,projekt-base,C:\Coding\AI\projekt\conda_envs\base.yml,
44,C:\Coding\AI\Dataset\!masks_for_training\44,yolov8_seg,YOLOv8-seg,ok,taco_source_images,1500,int,projekt-base,C:\Coding\AI\projekt\conda_envs\base.yml,
44,C:\Coding\AI\Dataset\!masks_for_training\44,yolov8_seg,YOLOv8-seg,ok,taco_exported_images,1500,int,projekt-base,C:\Coding\AI\projekt\conda_envs\base.yml,
44,C:\Coding\AI\Dataset\!masks_for_training\44,yolov8_seg,YOLOv8-seg,ok,taco_exported_labels,1500,int,projekt-base,C:\Coding\AI\projekt\conda_envs\base.yml,
44,C:\Coding\AI\Dataset\!masks_for_training\44,yolov8_seg,YOLOv8-seg,ok,taco_skipped_missing_images,0,int,projekt-base,C:\Coding\AI\projekt\conda_envs\base.yml,
44,C:\Coding\AI\Dataset\!masks_for_training\44,yolov8_seg,YOLOv8-seg,ok,taco_skipped_invalid_polygons,0,int,projekt-base,C:\Coding\AI\projekt\conda_envs\base.yml,
44,C:\Coding\AI\Dataset\!masks_for_training\44,yolov8_seg,YOLOv8-seg,ok,before_instance_count,3,int,projekt-base,C:\Coding\AI\projekt\conda_envs\base.yml,
44,C:\Coding\AI\Dataset\!masks_for_training\44,yolov8_seg,YOLOv8-seg,ok,after_instance_count,3,int,projekt-base,C:\Coding\AI\projekt\conda_envs\base.yml,
44,C:\Coding\AI\Dataset\!masks_for_training\44,yolov8_seg,YOLOv8-seg,ok,instance_count_total,6,int,projekt-base,C:\Coding\AI\projekt\conda_envs\base.yml,
44,C:\Coding\AI\Dataset\!masks_for_training\44,yolov8_seg,YOLOv8-seg,ok,before_mask_area_px,1196,int,projekt-base,C:\Coding\AI\projekt\conda_envs\base.yml,
44,C:\Coding\AI\Dataset\!masks_for_training\44,yolov8_seg,YOLOv8-seg,ok,after_mask_area_px,1196,int,projekt-base,C:\Coding\AI\projekt\conda_envs\base.yml,
44,C:\Coding\AI\Dataset\!masks_for_training\44,yolov8_seg,YOLOv8-seg,ok,before_mask_area_ratio,9.8e-05,float,projekt-base,C:\Coding\AI\projekt\conda_envs\base.yml,
44,C:\Coding\AI\Dataset\!masks_for_training\44,yolov8_seg,YOLOv8-seg,ok,after_mask_area_ratio,9.8e-05,float,projekt-base,C:\Coding\AI\projekt\conda_envs\base.yml,
44,C:\Coding\AI\Dataset\!masks_for_training\44,yolov8_seg,YOLOv8-seg,ok,mask_area_delta_px,0,int,projekt-base,C:\Coding\AI\projekt\conda_envs\base.yml,
44,C:\Coding\AI\Dataset\!masks_for_training\44,yolov8_seg,YOLOv8-seg,ok,mask_area_delta_ratio,0,float,projekt-base,C:\Coding\AI\projekt\conda_envs\base.yml,
44,C:\Coding\AI\Dataset\!masks_for_training\44,yolov8_seg,YOLOv8-seg,ok,before_bbox_area_px,1741,int,projekt-base,C:\Coding\AI\projekt\conda_envs\base.yml,
44,C:\Coding\AI\Dataset\!masks_for_training\44,yolov8_seg,YOLOv8-seg,ok,after_bbox_area_px,1741,int,projekt-base,C:\Coding\AI\projekt\conda_envs\base.yml,
44,C:\Coding\AI\Dataset\!masks_for_training\44,yolov8_seg,YOLOv8-seg,ok,before_mean_confidence,0.51336,float,projekt-base,C:\Coding\AI\projekt\conda_envs\base.yml,
44,C:\Coding\AI\Dataset\!masks_for_training\44,yolov8_seg,YOLOv8-seg,ok,after_mean_confidence,0.51336,float,projekt-base,C:\Coding\AI\projekt\conda_envs\base.yml,
44,C:\Coding\AI\Dataset\!masks_for_training\44,yolov8_seg,YOLOv8-seg,ok,before_inference_ms,2667.67,float,projekt-base,C:\Coding\AI\projekt\conda_envs\base.yml,
44,C:\Coding\AI\Dataset\!masks_for_training\44,yolov8_seg,YOLOv8-seg,ok,after_inference_ms,2251.24,float,projekt-base,C:\Coding\AI\projekt\conda_envs\base.yml,
44,C:\Coding\AI\Dataset\!masks_for_training\44,yolov8_seg,YOLOv8-seg,ok,inference_ms_total,4918.91,float,projekt-base,C:\Coding\AI\projekt\conda_envs\base.yml,
45,C:\Coding\AI\Dataset\!masks_for_training\45,changeformer,ChangeFormer,ok,analysis_mode,changeformer_pair,str,projekt-base,C:\Coding\AI\projekt\conda_envs\base.yml,
45,C:\Coding\AI\Dataset\!masks_for_training\45,changeformer,ChangeFormer,ok,inference_mode,trained_checkpoint,str,projekt-base,C:\Coding\AI\projekt\conda_envs\base.yml,
45,C:\Coding\AI\Dataset\!masks_for_training\45,changeformer,ChangeFormer,ok,model_name,pvt_v2_b0,str,projekt-base,C:\Coding\AI\projekt\conda_envs\base.yml,
45,C:\Coding\AI\Dataset\!masks_for_training\45,changeformer,ChangeFormer,ok,model_source,C:\Coding\AI\projekt\weights\changeformer_best.pt,str,projekt-base,C:\Coding\AI\projekt\conda_envs\base.yml,
45,C:\Coding\AI\Dataset\!masks_for_training\45,changeformer,ChangeFormer,ok,python_executable,C:\Users\jetgera\miniconda3\envs\projekt-base\python.exe,str,projekt-base,C:\Coding\AI\projekt\conda_envs\base.yml,
45,C:\Coding\AI\Dataset\!masks_for_training\45,changeformer,ChangeFormer,ok,torch_import_ok,True,bool,projekt-base,C:\Coding\AI\projekt\conda_envs\base.yml,
45,C:\Coding\AI\Dataset\!masks_for_training\45,changeformer,ChangeFormer,ok,timm_import_ok,True,bool,projekt-base,C:\Coding\AI\projekt\conda_envs\base.yml,
45,C:\Coding\AI\Dataset\!masks_for_training\45,changeformer,ChangeFormer,ok,torch_version,2.12.0+cu132,TorchVersion,projekt-base,C:\Coding\AI\projekt\conda_envs\base.yml,
45,C:\Coding\AI\Dataset\!masks_for_training\45,changeformer,ChangeFormer,ok,timm_version,1.0.27,str,projekt-base,C:\Coding\AI\projekt\conda_envs\base.yml,
45,C:\Coding\AI\Dataset\!masks_for_training\45,changeformer,ChangeFormer,ok,torch_import_error,,NoneType,projekt-base,C:\Coding\AI\projekt\conda_envs\base.yml,
45,C:\Coding\AI\Dataset\!masks_for_training\45,changeformer,ChangeFormer,ok,timm_import_error,,NoneType,projekt-base,C:\Coding\AI\projekt\conda_envs\base.yml,
45,C:\Coding\AI\Dataset\!masks_for_training\45,changeformer,ChangeFormer,ok,weights_path,C:\Coding\AI\projekt\weights\changeformer_best.pt,str,projekt-base,C:\Coding\AI\projekt\conda_envs\base.yml,
45,C:\Coding\AI\Dataset\!masks_for_training\45,changeformer,ChangeFormer,ok,device_requested,auto,str,projekt-base,C:\Coding\AI\projekt\conda_envs\base.yml,
45,C:\Coding\AI\Dataset\!masks_for_training\45,changeformer,ChangeFormer,ok,device_used,cuda,str,projekt-base,C:\Coding\AI\projekt\conda_envs\base.yml,
45,C:\Coding\AI\Dataset\!masks_for_training\45,changeformer,ChangeFormer,ok,force_cpu,False,bool,projekt-base,C:\Coding\AI\projekt\conda_envs\base.yml,
45,C:\Coding\AI\Dataset\!masks_for_training\45,changeformer,ChangeFormer,ok,cuda_available,True,bool,projekt-base,C:\Coding\AI\projekt\conda_envs\base.yml,
45,C:\Coding\AI\Dataset\!masks_for_training\45,changeformer,ChangeFormer,ok,input_size,512,int,projekt-base,C:\Coding\AI\projekt\conda_envs\base.yml,
45,C:\Coding\AI\Dataset\!masks_for_training\45,changeformer,ChangeFormer,ok,threshold_percentile,93,float,projekt-base,C:\Coding\AI\projekt\conda_envs\base.yml,
45,C:\Coding\AI\Dataset\!masks_for_training\45,changeformer,ChangeFormer,ok,threshold_value,0.361727,float,projekt-base,C:\Coding\AI\projekt\conda_envs\base.yml,
45,C:\Coding\AI\Dataset\!masks_for_training\45,changeformer,ChangeFormer,ok,alignment_mode,sift_homography_ransac,str,projekt-base,C:\Coding\AI\projekt\conda_envs\base.yml,
45,C:\Coding\AI\Dataset\!masks_for_training\45,changeformer,ChangeFormer,ok,alignment_ecc_score,,NoneType,projekt-base,C:\Coding\AI\projekt\conda_envs\base.yml,
45,C:\Coding\AI\Dataset\!masks_for_training\45,changeformer,ChangeFormer,ok,alignment_quality,1,float,projekt-base,C:\Coding\AI\projekt\conda_envs\base.yml,
45,C:\Coding\AI\Dataset\!masks_for_training\45,changeformer,ChangeFormer,ok,alignment_rotation_deg,0,int,projekt-base,C:\Coding\AI\projekt\conda_envs\base.yml,
45,C:\Coding\AI\Dataset\!masks_for_training\45,changeformer,ChangeFormer,ok,scene_consistency,1,float,projekt-base,C:\Coding\AI\projekt\conda_envs\base.yml,
45,C:\Coding\AI\Dataset\!masks_for_training\45,changeformer,ChangeFormer,ok,scene_mismatch_suppressed,False,bool,projekt-base,C:\Coding\AI\projekt\conda_envs\base.yml,
45,C:\Coding\AI\Dataset\!masks_for_training\45,changeformer,ChangeFormer,ok,fallback_reason,,NoneType,projekt-base,C:\Coding\AI\projekt\conda_envs\base.yml,
45,C:\Coding\AI\Dataset\!masks_for_training\45,changeformer,ChangeFormer,ok,change_pixels,0,int,projekt-base,C:\Coding\AI\projekt\conda_envs\base.yml,
45,C:\Coding\AI\Dataset\!masks_for_training\45,changeformer,ChangeFormer,ok,overlap_pixels,12192768,int,projekt-base,C:\Coding\AI\projekt\conda_envs\base.yml,
45,C:\Coding\AI\Dataset\!masks_for_training\45,changeformer,ChangeFormer,ok,canvas_pixels,12192768,int,projekt-base,C:\Coding\AI\projekt\conda_envs\base.yml,
45,C:\Coding\AI\Dataset\!masks_for_training\45,changeformer,ChangeFormer,ok,overlap_ratio,1,float,projekt-base,C:\Coding\AI\projekt\conda_envs\base.yml,
45,C:\Coding\AI\Dataset\!masks_for_training\45,changeformer,ChangeFormer,ok,change_ratio,0,float,projekt-base,C:\Coding\AI\projekt\conda_envs\base.yml,
45,C:\Coding\AI\Dataset\!masks_for_training\45,changeformer,ChangeFormer,ok,inference_ms,2089.25,float,projekt-base,C:\Coding\AI\projekt\conda_envs\base.yml,
45,C:\Coding\AI\Dataset\!masks_for_training\45,changeformer,ChangeFormer,ok,segm_gt_pixels,14166,float,projekt-base,C:\Coding\AI\projekt\conda_envs\base.yml,
45,C:\Coding\AI\Dataset\!masks_for_training\45,changeformer,ChangeFormer,ok,segm_pred_pixels,0,float,projekt-base,C:\Coding\AI\projekt\conda_envs\base.yml,
45,C:\Coding\AI\Dataset\!masks_for_training\45,changeformer,ChangeFormer,ok,segm_intersection_pixels,0,float,projekt-base,C:\Coding\AI\projekt\conda_envs\base.yml,
45,C:\Coding\AI\Dataset\!masks_for_training\45,changeformer,ChangeFormer,ok,segm_union_pixels,14166,float,projekt-base,C:\Coding\AI\projekt\conda_envs\base.yml,
45,C:\Coding\AI\Dataset\!masks_for_training\45,changeformer,ChangeFormer,ok,segm_iou,0,float,projekt-base,C:\Coding\AI\projekt\conda_envs\base.yml,
45,C:\Coding\AI\Dataset\!masks_for_training\45,changeformer,ChangeFormer,ok,segm_dice,0,float,projekt-base,C:\Coding\AI\projekt\conda_envs\base.yml,
45,C:\Coding\AI\Dataset\!masks_for_training\45,changeformer,ChangeFormer,ok,qty_pixels_ground_truth,14166,float,projekt-base,C:\Coding\AI\projekt\conda_envs\base.yml,
45,C:\Coding\AI\Dataset\!masks_for_training\45,changeformer,ChangeFormer,ok,qty_pixels_predicted,0,float,projekt-base,C:\Coding\AI\projekt\conda_envs\base.yml,
45,C:\Coding\AI\Dataset\!masks_for_training\45,changeformer,ChangeFormer,ok,qty_pixels_absolute_error,14166,float,projekt-base,C:\Coding\AI\projekt\conda_envs\base.yml,
45,C:\Coding\AI\Dataset\!masks_for_training\45,changeformer,ChangeFormer,ok,qty_pixels_mae,14166,float,projekt-base,C:\Coding\AI\projekt\conda_envs\base.yml,
45,C:\Coding\AI\Dataset\!masks_for_training\45,changeformer,ChangeFormer,ok,qty_pixels_mape,100,float,projekt-base,C:\Coding\AI\projekt\conda_envs\base.yml,
45,C:\Coding\AI\Dataset\!masks_for_training\45,changeformer,ChangeFormer,ok,qty_pixels_percentage_error,100,float,projekt-base,C:\Coding\AI\projekt\conda_envs\base.yml,
45,C:\Coding\AI\Dataset\!masks_for_training\45,changeformer,ChangeFormer,ok,qty_ratio_ground_truth,0.00116184,float,projekt-base,C:\Coding\AI\projekt\conda_envs\base.yml,
45,C:\Coding\AI\Dataset\!masks_for_training\45,changeformer,ChangeFormer,ok,qty_ratio_predicted,0,float,projekt-base,C:\Coding\AI\projekt\conda_envs\base.yml,
45,C:\Coding\AI\Dataset\!masks_for_training\45,changeformer,ChangeFormer,ok,qty_ratio_absolute_error,0.00116184,float,projekt-base,C:\Coding\AI\projekt\conda_envs\base.yml,
45,C:\Coding\AI\Dataset\!masks_for_training\45,changeformer,ChangeFormer,ok,qty_ratio_mae,0.00116184,float,projekt-base,C:\Coding\AI\projekt\conda_envs\base.yml,
45,C:\Coding\AI\Dataset\!masks_for_training\45,changeformer,ChangeFormer,ok,qty_ratio_mape,100,float,projekt-base,C:\Coding\AI\projekt\conda_envs\base.yml,
45,C:\Coding\AI\Dataset\!masks_for_training\45,changeformer,ChangeFormer,ok,qty_ratio_percentage_error,100,float,projekt-base,C:\Coding\AI\projekt\conda_envs\base.yml,
45,C:\Coding\AI\Dataset\!masks_for_training\45,efficientnet,EfficientNet,ok,analysis_mode,efficientnet_cls_pair,str,projekt-base,C:\Coding\AI\projekt\conda_envs\base.yml,
45,C:\Coding\AI\Dataset\!masks_for_training\45,efficientnet,EfficientNet,ok,inference_mode,heuristic_fallback,str,projekt-base,C:\Coding\AI\projekt\conda_envs\base.yml,
45,C:\Coding\AI\Dataset\!masks_for_training\45,efficientnet,EfficientNet,ok,model_name,efficientnet_b0,str,projekt-base,C:\Coding\AI\projekt\conda_envs\base.yml,
45,C:\Coding\AI\Dataset\!masks_for_training\45,efficientnet,EfficientNet,ok,model_source,None,str,projekt-base,C:\Coding\AI\projekt\conda_envs\base.yml,
45,C:\Coding\AI\Dataset\!masks_for_training\45,efficientnet,EfficientNet,ok,weights_path,C:\Coding\AI\projekt\weights\efficientnet_best.pt,str,projekt-base,C:\Coding\AI\projekt\conda_envs\base.yml,
45,C:\Coding\AI\Dataset\!masks_for_training\45,efficientnet,EfficientNet,ok,device_requested,auto,str,projekt-base,C:\Coding\AI\projekt\conda_envs\base.yml,
45,C:\Coding\AI\Dataset\!masks_for_training\45,efficientnet,EfficientNet,ok,device_used,cpu,str,projekt-base,C:\Coding\AI\projekt\conda_envs\base.yml,
45,C:\Coding\AI\Dataset\!masks_for_training\45,efficientnet,EfficientNet,ok,force_cpu,False,bool,projekt-base,C:\Coding\AI\projekt\conda_envs\base.yml,
45,C:\Coding\AI\Dataset\!masks_for_training\45,efficientnet,EfficientNet,ok,cuda_available,True,bool,projekt-base,C:\Coding\AI\projekt\conda_envs\base.yml,
45,C:\Coding\AI\Dataset\!masks_for_training\45,efficientnet,EfficientNet,ok,input_size,224,int,projekt-base,C:\Coding\AI\projekt\conda_envs\base.yml,
45,C:\Coding\AI\Dataset\!masks_for_training\45,efficientnet,EfficientNet,ok,dirty_threshold,0.42,float,projekt-base,C:\Coding\AI\projekt\conda_envs\base.yml,
45,C:\Coding\AI\Dataset\!masks_for_training\45,efficientnet,EfficientNet,ok,dirty_keyword_classes,2,int,projekt-base,C:\Coding\AI\projekt\conda_envs\base.yml,
45,C:\Coding\AI\Dataset\!masks_for_training\45,efficientnet,EfficientNet,ok,before_crop_count,6,int,projekt-base,C:\Coding\AI\projekt\conda_envs\base.yml,
45,C:\Coding\AI\Dataset\!masks_for_training\45,efficientnet,EfficientNet,ok,after_crop_count,6,int,projekt-base,C:\Coding\AI\projekt\conda_envs\base.yml,
45,C:\Coding\AI\Dataset\!masks_for_training\45,efficientnet,EfficientNet,ok,before_crop_dirty_prob_mean,0.605149,float,projekt-base,C:\Coding\AI\projekt\conda_envs\base.yml,
45,C:\Coding\AI\Dataset\!masks_for_training\45,efficientnet,EfficientNet,ok,after_crop_dirty_prob_mean,0.605149,float,projekt-base,C:\Coding\AI\projekt\conda_envs\base.yml,
45,C:\Coding\AI\Dataset\!masks_for_training\45,efficientnet,EfficientNet,ok,before_crop_dirty_prob_max,0.662809,float,projekt-base,C:\Coding\AI\projekt\conda_envs\base.yml,
45,C:\Coding\AI\Dataset\!masks_for_training\45,efficientnet,EfficientNet,ok,after_crop_dirty_prob_max,0.662809,float,projekt-base,C:\Coding\AI\projekt\conda_envs\base.yml,
45,C:\Coding\AI\Dataset\!masks_for_training\45,efficientnet,EfficientNet,ok,before_crop_support_ratio,1,float,projekt-base,C:\Coding\AI\projekt\conda_envs\base.yml,
45,C:\Coding\AI\Dataset\!masks_for_training\45,efficientnet,EfficientNet,ok,after_crop_support_ratio,1,float,projekt-base,C:\Coding\AI\projekt\conda_envs\base.yml,
45,C:\Coding\AI\Dataset\!masks_for_training\45,efficientnet,EfficientNet,ok,before_dirty_prob,0.646664,float,projekt-base,C:\Coding\AI\projekt\conda_envs\base.yml,
45,C:\Coding\AI\Dataset\!masks_for_training\45,efficientnet,EfficientNet,ok,after_dirty_prob,0.646664,float,projekt-base,C:\Coding\AI\projekt\conda_envs\base.yml,
45,C:\Coding\AI\Dataset\!masks_for_training\45,efficientnet,EfficientNet,ok,before_clean_prob,0.353336,float,projekt-base,C:\Coding\AI\projekt\conda_envs\base.yml,
45,C:\Coding\AI\Dataset\!masks_for_training\45,efficientnet,EfficientNet,ok,after_clean_prob,0.353336,float,projekt-base,C:\Coding\AI\projekt\conda_envs\base.yml,
45,C:\Coding\AI\Dataset\!masks_for_training\45,efficientnet,EfficientNet,ok,cleanup_delta,0,float,projekt-base,C:\Coding\AI\projekt\conda_envs\base.yml,
45,C:\Coding\AI\Dataset\!masks_for_training\45,efficientnet,EfficientNet,ok,cleanup_score,0,float,projekt-base,C:\Coding\AI\projekt\conda_envs\base.yml,
45,C:\Coding\AI\Dataset\!masks_for_training\45,efficientnet,EfficientNet,ok,dirty_prob_delta,0,float,projekt-base,C:\Coding\AI\projekt\conda_envs\base.yml,
45,C:\Coding\AI\Dataset\!masks_for_training\45,efficientnet,EfficientNet,ok,dirty_prob_abs_delta,0,float,projekt-base,C:\Coding\AI\projekt\conda_envs\base.yml,
45,C:\Coding\AI\Dataset\!masks_for_training\45,efficientnet,EfficientNet,ok,before_pred_label,dirty,str,projekt-base,C:\Coding\AI\projekt\conda_envs\base.yml,
45,C:\Coding\AI\Dataset\!masks_for_training\45,efficientnet,EfficientNet,ok,after_pred_label,dirty,str,projekt-base,C:\Coding\AI\projekt\conda_envs\base.yml,
45,C:\Coding\AI\Dataset\!masks_for_training\45,efficientnet,EfficientNet,ok,before_top1_label,dirty,str,projekt-base,C:\Coding\AI\projekt\conda_envs\base.yml,
45,C:\Coding\AI\Dataset\!masks_for_training\45,efficientnet,EfficientNet,ok,after_top1_label,dirty,str,projekt-base,C:\Coding\AI\projekt\conda_envs\base.yml,
45,C:\Coding\AI\Dataset\!masks_for_training\45,efficientnet,EfficientNet,ok,before_top1_prob,0.662809,float,projekt-base,C:\Coding\AI\projekt\conda_envs\base.yml,
45,C:\Coding\AI\Dataset\!masks_for_training\45,efficientnet,EfficientNet,ok,after_top1_prob,0.662809,float,projekt-base,C:\Coding\AI\projekt\conda_envs\base.yml,
45,C:\Coding\AI\Dataset\!masks_for_training\45,efficientnet,EfficientNet,ok,before_entropy_norm,0.960355,float,projekt-base,C:\Coding\AI\projekt\conda_envs\base.yml,
45,C:\Coding\AI\Dataset\!masks_for_training\45,efficientnet,EfficientNet,ok,after_entropy_norm,0.960355,float,projekt-base,C:\Coding\AI\projekt\conda_envs\base.yml,
45,C:\Coding\AI\Dataset\!masks_for_training\45,efficientnet,EfficientNet,ok,before_inference_ms,0,float,projekt-base,C:\Coding\AI\projekt\conda_envs\base.yml,
45,C:\Coding\AI\Dataset\!masks_for_training\45,efficientnet,EfficientNet,ok,after_inference_ms,0,float,projekt-base,C:\Coding\AI\projekt\conda_envs\base.yml,
45,C:\Coding\AI\Dataset\!masks_for_training\45,efficientnet,EfficientNet,ok,inference_ms_total,0,float,projekt-base,C:\Coding\AI\projekt\conda_envs\base.yml,
45,C:\Coding\AI\Dataset\!masks_for_training\45,sift_ransac,SIFT + RANSAC + difference map,ok,alignment_mode,homography_ransac,str,projekt-base,C:\Coding\AI\projekt\conda_envs\base.yml,
45,C:\Coding\AI\Dataset\!masks_for_training\45,sift_ransac,SIFT + RANSAC + difference map,ok,fallback_reason,none,str,projekt-base,C:\Coding\AI\projekt\conda_envs\base.yml,
45,C:\Coding\AI\Dataset\!masks_for_training\45,sift_ransac,SIFT + RANSAC + difference map,ok,keypoints_before,28870,int,projekt-base,C:\Coding\AI\projekt\conda_envs\base.yml,
45,C:\Coding\AI\Dataset\!masks_for_training\45,sift_ransac,SIFT + RANSAC + difference map,ok,keypoints_after,28870,int,projekt-base,C:\Coding\AI\projekt\conda_envs\base.yml,
45,C:\Coding\AI\Dataset\!masks_for_training\45,sift_ransac,SIFT + RANSAC + difference map,ok,raw_matches,28870,int,projekt-base,C:\Coding\AI\projekt\conda_envs\base.yml,
45,C:\Coding\AI\Dataset\!masks_for_training\45,sift_ransac,SIFT + RANSAC + difference map,ok,good_matches,28870,int,projekt-base,C:\Coding\AI\projekt\conda_envs\base.yml,
45,C:\Coding\AI\Dataset\!masks_for_training\45,sift_ransac,SIFT + RANSAC + difference map,ok,inliers,28870,int,projekt-base,C:\Coding\AI\projekt\conda_envs\base.yml,
45,C:\Coding\AI\Dataset\!masks_for_training\45,sift_ransac,SIFT + RANSAC + difference map,ok,inlier_ratio,1,float,projekt-base,C:\Coding\AI\projekt\conda_envs\base.yml,
45,C:\Coding\AI\Dataset\!masks_for_training\45,sift_ransac,SIFT + RANSAC + difference map,ok,change_pixels,0,int,projekt-base,C:\Coding\AI\projekt\conda_envs\base.yml,
45,C:\Coding\AI\Dataset\!masks_for_training\45,sift_ransac,SIFT + RANSAC + difference map,ok,overlap_pixels,12192768,int,projekt-base,C:\Coding\AI\projekt\conda_envs\base.yml,
45,C:\Coding\AI\Dataset\!masks_for_training\45,sift_ransac,SIFT + RANSAC + difference map,ok,canvas_pixels,12192768,int,projekt-base,C:\Coding\AI\projekt\conda_envs\base.yml,
45,C:\Coding\AI\Dataset\!masks_for_training\45,sift_ransac,SIFT + RANSAC + difference map,ok,overlap_ratio,1,float,projekt-base,C:\Coding\AI\projekt\conda_envs\base.yml,
45,C:\Coding\AI\Dataset\!masks_for_training\45,sift_ransac,SIFT + RANSAC + difference map,ok,change_ratio,0,float,projekt-base,C:\Coding\AI\projekt\conda_envs\base.yml,
45,C:\Coding\AI\Dataset\!masks_for_training\45,sift_ransac,SIFT + RANSAC + difference map,ok,otsu_threshold,0,float,projekt-base,C:\Coding\AI\projekt\conda_envs\base.yml,
45,C:\Coding\AI\Dataset\!masks_for_training\45,sift_ransac,SIFT + RANSAC + difference map,ok,segm_gt_pixels,14166,float,projekt-base,C:\Coding\AI\projekt\conda_envs\base.yml,
45,C:\Coding\AI\Dataset\!masks_for_training\45,sift_ransac,SIFT + RANSAC + difference map,ok,segm_pred_pixels,0,float,projekt-base,C:\Coding\AI\projekt\conda_envs\base.yml,
45,C:\Coding\AI\Dataset\!masks_for_training\45,sift_ransac,SIFT + RANSAC + difference map,ok,segm_intersection_pixels,0,float,projekt-base,C:\Coding\AI\projekt\conda_envs\base.yml,
45,C:\Coding\AI\Dataset\!masks_for_training\45,sift_ransac,SIFT + RANSAC + difference map,ok,segm_union_pixels,14166,float,projekt-base,C:\Coding\AI\projekt\conda_envs\base.yml,
45,C:\Coding\AI\Dataset\!masks_for_training\45,sift_ransac,SIFT + RANSAC + difference map,ok,segm_iou,0,float,projekt-base,C:\Coding\AI\projekt\conda_envs\base.yml,
45,C:\Coding\AI\Dataset\!masks_for_training\45,sift_ransac,SIFT + RANSAC + difference map,ok,segm_dice,0,float,projekt-base,C:\Coding\AI\projekt\conda_envs\base.yml,
45,C:\Coding\AI\Dataset\!masks_for_training\45,sift_ransac,SIFT + RANSAC + difference map,ok,qty_pixels_ground_truth,14166,float,projekt-base,C:\Coding\AI\projekt\conda_envs\base.yml,
45,C:\Coding\AI\Dataset\!masks_for_training\45,sift_ransac,SIFT + RANSAC + difference map,ok,qty_pixels_predicted,0,float,projekt-base,C:\Coding\AI\projekt\conda_envs\base.yml,
45,C:\Coding\AI\Dataset\!masks_for_training\45,sift_ransac,SIFT + RANSAC + difference map,ok,qty_pixels_absolute_error,14166,float,projekt-base,C:\Coding\AI\projekt\conda_envs\base.yml,
45,C:\Coding\AI\Dataset\!masks_for_training\45,sift_ransac,SIFT + RANSAC + difference map,ok,qty_pixels_mae,14166,float,projekt-base,C:\Coding\AI\projekt\conda_envs\base.yml,
45,C:\Coding\AI\Dataset\!masks_for_training\45,sift_ransac,SIFT + RANSAC + difference map,ok,qty_pixels_mape,100,float,projekt-base,C:\Coding\AI\projekt\conda_envs\base.yml,
45,C:\Coding\AI\Dataset\!masks_for_training\45,sift_ransac,SIFT + RANSAC + difference map,ok,qty_pixels_percentage_error,100,float,projekt-base,C:\Coding\AI\projekt\conda_envs\base.yml,
45,C:\Coding\AI\Dataset\!masks_for_training\45,sift_ransac,SIFT + RANSAC + difference map,ok,qty_ratio_ground_truth,0.00116184,float,projekt-base,C:\Coding\AI\projekt\conda_envs\base.yml,
45,C:\Coding\AI\Dataset\!masks_for_training\45,sift_ransac,SIFT + RANSAC + difference map,ok,qty_ratio_predicted,0,float,projekt-base,C:\Coding\AI\projekt\conda_envs\base.yml,
45,C:\Coding\AI\Dataset\!masks_for_training\45,sift_ransac,SIFT + RANSAC + difference map,ok,qty_ratio_absolute_error,0.00116184,float,projekt-base,C:\Coding\AI\projekt\conda_envs\base.yml,
45,C:\Coding\AI\Dataset\!masks_for_training\45,sift_ransac,SIFT + RANSAC + difference map,ok,qty_ratio_mae,0.00116184,float,projekt-base,C:\Coding\AI\projekt\conda_envs\base.yml,
45,C:\Coding\AI\Dataset\!masks_for_training\45,sift_ransac,SIFT + RANSAC + difference map,ok,qty_ratio_mape,100,float,projekt-base,C:\Coding\AI\projekt\conda_envs\base.yml,
45,C:\Coding\AI\Dataset\!masks_for_training\45,sift_ransac,SIFT + RANSAC + difference map,ok,qty_ratio_percentage_error,100,float,projekt-base,C:\Coding\AI\projekt\conda_envs\base.yml,
45,C:\Coding\AI\Dataset\!masks_for_training\45,siamese_unet,Siamese U-Net,ok,analysis_mode,siamese_unet_cd_pair,str,projekt-base,C:\Coding\AI\projekt\conda_envs\base.yml,
45,C:\Coding\AI\Dataset\!masks_for_training\45,siamese_unet,Siamese U-Net,ok,model_source,C:\Coding\AI\projekt\weights\siamese_unet_cd_real17_finetuned_best.pt,str,projekt-base,C:\Coding\AI\projekt\conda_envs\base.yml,
45,C:\Coding\AI\Dataset\!masks_for_training\45,siamese_unet,Siamese U-Net,ok,device_requested,auto,str,projekt-base,C:\Coding\AI\projekt\conda_envs\base.yml,
45,C:\Coding\AI\Dataset\!masks_for_training\45,siamese_unet,Siamese U-Net,ok,device_used,cuda,str,projekt-base,C:\Coding\AI\projekt\conda_envs\base.yml,
45,C:\Coding\AI\Dataset\!masks_for_training\45,siamese_unet,Siamese U-Net,ok,force_cpu,False,bool,projekt-base,C:\Coding\AI\projekt\conda_envs\base.yml,
45,C:\Coding\AI\Dataset\!masks_for_training\45,siamese_unet,Siamese U-Net,ok,input_size,384,int,projekt-base,C:\Coding\AI\projekt\conda_envs\base.yml,
45,C:\Coding\AI\Dataset\!masks_for_training\45,siamese_unet,Siamese U-Net,ok,threshold,0.65,float,projekt-base,C:\Coding\AI\projekt\conda_envs\base.yml,
45,C:\Coding\AI\Dataset\!masks_for_training\45,siamese_unet,Siamese U-Net,ok,alignment_mode,ecc_affine,str,projekt-base,C:\Coding\AI\projekt\conda_envs\base.yml,
45,C:\Coding\AI\Dataset\!masks_for_training\45,siamese_unet,Siamese U-Net,ok,change_pixels,0,int,projekt-base,C:\Coding\AI\projekt\conda_envs\base.yml,
45,C:\Coding\AI\Dataset\!masks_for_training\45,siamese_unet,Siamese U-Net,ok,overlap_pixels,12192768,int,projekt-base,C:\Coding\AI\projekt\conda_envs\base.yml,
45,C:\Coding\AI\Dataset\!masks_for_training\45,siamese_unet,Siamese U-Net,ok,canvas_pixels,12192768,int,projekt-base,C:\Coding\AI\projekt\conda_envs\base.yml,
45,C:\Coding\AI\Dataset\!masks_for_training\45,siamese_unet,Siamese U-Net,ok,overlap_ratio,1,float,projekt-base,C:\Coding\AI\projekt\conda_envs\base.yml,
45,C:\Coding\AI\Dataset\!masks_for_training\45,siamese_unet,Siamese U-Net,ok,change_ratio,0,float,projekt-base,C:\Coding\AI\projekt\conda_envs\base.yml,
45,C:\Coding\AI\Dataset\!masks_for_training\45,siamese_unet,Siamese U-Net,ok,inference_ms,40.457,float,projekt-base,C:\Coding\AI\projekt\conda_envs\base.yml,
45,C:\Coding\AI\Dataset\!masks_for_training\45,siamese_unet,Siamese U-Net,ok,weights_path,,NoneType,projekt-base,C:\Coding\AI\projekt\conda_envs\base.yml,
45,C:\Coding\AI\Dataset\!masks_for_training\45,siamese_unet,Siamese U-Net,ok,dinov2_hint_used,False,bool,projekt-base,C:\Coding\AI\projekt\conda_envs\base.yml,
45,C:\Coding\AI\Dataset\!masks_for_training\45,siamese_unet,Siamese U-Net,ok,segm_gt_pixels,14166,float,projekt-base,C:\Coding\AI\projekt\conda_envs\base.yml,
45,C:\Coding\AI\Dataset\!masks_for_training\45,siamese_unet,Siamese U-Net,ok,segm_pred_pixels,0,float,projekt-base,C:\Coding\AI\projekt\conda_envs\base.yml,
45,C:\Coding\AI\Dataset\!masks_for_training\45,siamese_unet,Siamese U-Net,ok,segm_intersection_pixels,0,float,projekt-base,C:\Coding\AI\projekt\conda_envs\base.yml,
45,C:\Coding\AI\Dataset\!masks_for_training\45,siamese_unet,Siamese U-Net,ok,segm_union_pixels,14166,float,projekt-base,C:\Coding\AI\projekt\conda_envs\base.yml,
45,C:\Coding\AI\Dataset\!masks_for_training\45,siamese_unet,Siamese U-Net,ok,segm_iou,0,float,projekt-base,C:\Coding\AI\projekt\conda_envs\base.yml,
45,C:\Coding\AI\Dataset\!masks_for_training\45,siamese_unet,Siamese U-Net,ok,segm_dice,0,float,projekt-base,C:\Coding\AI\projekt\conda_envs\base.yml,
45,C:\Coding\AI\Dataset\!masks_for_training\45,siamese_unet,Siamese U-Net,ok,qty_pixels_ground_truth,14166,float,projekt-base,C:\Coding\AI\projekt\conda_envs\base.yml,
45,C:\Coding\AI\Dataset\!masks_for_training\45,siamese_unet,Siamese U-Net,ok,qty_pixels_predicted,0,float,projekt-base,C:\Coding\AI\projekt\conda_envs\base.yml,
45,C:\Coding\AI\Dataset\!masks_for_training\45,siamese_unet,Siamese U-Net,ok,qty_pixels_absolute_error,14166,float,projekt-base,C:\Coding\AI\projekt\conda_envs\base.yml,
45,C:\Coding\AI\Dataset\!masks_for_training\45,siamese_unet,Siamese U-Net,ok,qty_pixels_mae,14166,float,projekt-base,C:\Coding\AI\projekt\conda_envs\base.yml,
45,C:\Coding\AI\Dataset\!masks_for_training\45,siamese_unet,Siamese U-Net,ok,qty_pixels_mape,100,float,projekt-base,C:\Coding\AI\projekt\conda_envs\base.yml,
45,C:\Coding\AI\Dataset\!masks_for_training\45,siamese_unet,Siamese U-Net,ok,qty_pixels_percentage_error,100,float,projekt-base,C:\Coding\AI\projekt\conda_envs\base.yml,
45,C:\Coding\AI\Dataset\!masks_for_training\45,siamese_unet,Siamese U-Net,ok,qty_ratio_ground_truth,0.00116184,float,projekt-base,C:\Coding\AI\projekt\conda_envs\base.yml,
45,C:\Coding\AI\Dataset\!masks_for_training\45,siamese_unet,Siamese U-Net,ok,qty_ratio_predicted,0,float,projekt-base,C:\Coding\AI\projekt\conda_envs\base.yml,
45,C:\Coding\AI\Dataset\!masks_for_training\45,siamese_unet,Siamese U-Net,ok,qty_ratio_absolute_error,0.00116184,float,projekt-base,C:\Coding\AI\projekt\conda_envs\base.yml,
45,C:\Coding\AI\Dataset\!masks_for_training\45,siamese_unet,Siamese U-Net,ok,qty_ratio_mae,0.00116184,float,projekt-base,C:\Coding\AI\projekt\conda_envs\base.yml,
45,C:\Coding\AI\Dataset\!masks_for_training\45,siamese_unet,Siamese U-Net,ok,qty_ratio_mape,100,float,projekt-base,C:\Coding\AI\projekt\conda_envs\base.yml,
45,C:\Coding\AI\Dataset\!masks_for_training\45,siamese_unet,Siamese U-Net,ok,qty_ratio_percentage_error,100,float,projekt-base,C:\Coding\AI\projekt\conda_envs\base.yml,
45,C:\Coding\AI\Dataset\!masks_for_training\45,yolov8_seg,YOLOv8-seg,ok,analysis_mode,yolov8_seg_pair,str,projekt-base,C:\Coding\AI\projekt\conda_envs\base.yml,
45,C:\Coding\AI\Dataset\!masks_for_training\45,yolov8_seg,YOLOv8-seg,ok,model_name,C:\Coding\AI\projekt\weights\yolov8m_trash_finetuned.pt,str,projekt-base,C:\Coding\AI\projekt\conda_envs\base.yml,
45,C:\Coding\AI\Dataset\!masks_for_training\45,yolov8_seg,YOLOv8-seg,ok,model_source,C:\Coding\AI\projekt\weights\yolov8m_seg_best_new+fine-tune.pt,str,projekt-base,C:\Coding\AI\projekt\conda_envs\base.yml,
45,C:\Coding\AI\Dataset\!masks_for_training\45,yolov8_seg,YOLOv8-seg,ok,device_requested,auto,str,projekt-base,C:\Coding\AI\projekt\conda_envs\base.yml,
45,C:\Coding\AI\Dataset\!masks_for_training\45,yolov8_seg,YOLOv8-seg,ok,device_used,cuda,str,projekt-base,C:\Coding\AI\projekt\conda_envs\base.yml,
45,C:\Coding\AI\Dataset\!masks_for_training\45,yolov8_seg,YOLOv8-seg,ok,force_cpu,False,bool,projekt-base,C:\Coding\AI\projekt\conda_envs\base.yml,
45,C:\Coding\AI\Dataset\!masks_for_training\45,yolov8_seg,YOLOv8-seg,ok,cuda_available,True,bool,projekt-base,C:\Coding\AI\projekt\conda_envs\base.yml,
45,C:\Coding\AI\Dataset\!masks_for_training\45,yolov8_seg,YOLOv8-seg,ok,image_size,1536,int,projekt-base,C:\Coding\AI\projekt\conda_envs\base.yml,
45,C:\Coding\AI\Dataset\!masks_for_training\45,yolov8_seg,YOLOv8-seg,ok,confidence_threshold,0.35,float,projekt-base,C:\Coding\AI\projekt\conda_envs\base.yml,
45,C:\Coding\AI\Dataset\!masks_for_training\45,yolov8_seg,YOLOv8-seg,ok,iou_threshold,0.4,float,projekt-base,C:\Coding\AI\projekt\conda_envs\base.yml,
45,C:\Coding\AI\Dataset\!masks_for_training\45,yolov8_seg,YOLOv8-seg,ok,tile_inference_mode,auto,str,projekt-base,C:\Coding\AI\projekt\conda_envs\base.yml,
45,C:\Coding\AI\Dataset\!masks_for_training\45,yolov8_seg,YOLOv8-seg,ok,tile_size,640,int,projekt-base,C:\Coding\AI\projekt\conda_envs\base.yml,
45,C:\Coding\AI\Dataset\!masks_for_training\45,yolov8_seg,YOLOv8-seg,ok,tile_overlap_ratio,0.5,float,projekt-base,C:\Coding\AI\projekt\conda_envs\base.yml,
45,C:\Coding\AI\Dataset\!masks_for_training\45,yolov8_seg,YOLOv8-seg,ok,before_tile_count,108,int,projekt-base,C:\Coding\AI\projekt\conda_envs\base.yml,
45,C:\Coding\AI\Dataset\!masks_for_training\45,yolov8_seg,YOLOv8-seg,ok,after_tile_count,108,int,projekt-base,C:\Coding\AI\projekt\conda_envs\base.yml,
45,C:\Coding\AI\Dataset\!masks_for_training\45,yolov8_seg,YOLOv8-seg,ok,selected_class_count,0,int,projekt-base,C:\Coding\AI\projekt\conda_envs\base.yml,
45,C:\Coding\AI\Dataset\!masks_for_training\45,yolov8_seg,YOLOv8-seg,ok,selected_class_ids,[],list,projekt-base,C:\Coding\AI\projekt\conda_envs\base.yml,
45,C:\Coding\AI\Dataset\!masks_for_training\45,yolov8_seg,YOLOv8-seg,ok,taco_dataset_root,C:\Coding\AI\projekt\datasets\TACO,str,projekt-base,C:\Coding\AI\projekt\conda_envs\base.yml,
45,C:\Coding\AI\Dataset\!masks_for_training\45,yolov8_seg,YOLOv8-seg,ok,taco_annotations_path,C:\Coding\AI\projekt\datasets\TACO\data\annotations.json,str,projekt-base,C:\Coding\AI\projekt\conda_envs\base.yml,
45,C:\Coding\AI\Dataset\!masks_for_training\45,yolov8_seg,YOLOv8-seg,ok,taco_export_root,C:\Coding\AI\projekt\datasets\TACO\yolo_seg,str,projekt-base,C:\Coding\AI\projekt\conda_envs\base.yml,
45,C:\Coding\AI\Dataset\!masks_for_training\45,yolov8_seg,YOLOv8-seg,ok,taco_data_yaml,C:\Coding\AI\projekt\datasets\TACO\yolo_seg\data.yaml,str,projekt-base,C:\Coding\AI\projekt\conda_envs\base.yml,
45,C:\Coding\AI\Dataset\!masks_for_training\45,yolov8_seg,YOLOv8-seg,ok,taco_source_images,1500,int,projekt-base,C:\Coding\AI\projekt\conda_envs\base.yml,
45,C:\Coding\AI\Dataset\!masks_for_training\45,yolov8_seg,YOLOv8-seg,ok,taco_exported_images,1500,int,projekt-base,C:\Coding\AI\projekt\conda_envs\base.yml,
45,C:\Coding\AI\Dataset\!masks_for_training\45,yolov8_seg,YOLOv8-seg,ok,taco_exported_labels,1500,int,projekt-base,C:\Coding\AI\projekt\conda_envs\base.yml,
45,C:\Coding\AI\Dataset\!masks_for_training\45,yolov8_seg,YOLOv8-seg,ok,taco_skipped_missing_images,0,int,projekt-base,C:\Coding\AI\projekt\conda_envs\base.yml,
45,C:\Coding\AI\Dataset\!masks_for_training\45,yolov8_seg,YOLOv8-seg,ok,taco_skipped_invalid_polygons,0,int,projekt-base,C:\Coding\AI\projekt\conda_envs\base.yml,
45,C:\Coding\AI\Dataset\!masks_for_training\45,yolov8_seg,YOLOv8-seg,ok,before_instance_count,23,int,projekt-base,C:\Coding\AI\projekt\conda_envs\base.yml,
45,C:\Coding\AI\Dataset\!masks_for_training\45,yolov8_seg,YOLOv8-seg,ok,after_instance_count,23,int,projekt-base,C:\Coding\AI\projekt\conda_envs\base.yml,
45,C:\Coding\AI\Dataset\!masks_for_training\45,yolov8_seg,YOLOv8-seg,ok,instance_count_total,46,int,projekt-base,C:\Coding\AI\projekt\conda_envs\base.yml,
45,C:\Coding\AI\Dataset\!masks_for_training\45,yolov8_seg,YOLOv8-seg,ok,before_mask_area_px,62939,int,projekt-base,C:\Coding\AI\projekt\conda_envs\base.yml,
45,C:\Coding\AI\Dataset\!masks_for_training\45,yolov8_seg,YOLOv8-seg,ok,after_mask_area_px,62939,int,projekt-base,C:\Coding\AI\projekt\conda_envs\base.yml,
45,C:\Coding\AI\Dataset\!masks_for_training\45,yolov8_seg,YOLOv8-seg,ok,before_mask_area_ratio,0.005162,float,projekt-base,C:\Coding\AI\projekt\conda_envs\base.yml,
45,C:\Coding\AI\Dataset\!masks_for_training\45,yolov8_seg,YOLOv8-seg,ok,after_mask_area_ratio,0.005162,float,projekt-base,C:\Coding\AI\projekt\conda_envs\base.yml,
45,C:\Coding\AI\Dataset\!masks_for_training\45,yolov8_seg,YOLOv8-seg,ok,mask_area_delta_px,0,int,projekt-base,C:\Coding\AI\projekt\conda_envs\base.yml,
45,C:\Coding\AI\Dataset\!masks_for_training\45,yolov8_seg,YOLOv8-seg,ok,mask_area_delta_ratio,0,float,projekt-base,C:\Coding\AI\projekt\conda_envs\base.yml,
45,C:\Coding\AI\Dataset\!masks_for_training\45,yolov8_seg,YOLOv8-seg,ok,before_bbox_area_px,111674,int,projekt-base,C:\Coding\AI\projekt\conda_envs\base.yml,
45,C:\Coding\AI\Dataset\!masks_for_training\45,yolov8_seg,YOLOv8-seg,ok,after_bbox_area_px,111674,int,projekt-base,C:\Coding\AI\projekt\conda_envs\base.yml,
45,C:\Coding\AI\Dataset\!masks_for_training\45,yolov8_seg,YOLOv8-seg,ok,before_mean_confidence,0.454942,float,projekt-base,C:\Coding\AI\projekt\conda_envs\base.yml,
45,C:\Coding\AI\Dataset\!masks_for_training\45,yolov8_seg,YOLOv8-seg,ok,after_mean_confidence,0.454942,float,projekt-base,C:\Coding\AI\projekt\conda_envs\base.yml,
45,C:\Coding\AI\Dataset\!masks_for_training\45,yolov8_seg,YOLOv8-seg,ok,before_inference_ms,3529.01,float,projekt-base,C:\Coding\AI\projekt\conda_envs\base.yml,
45,C:\Coding\AI\Dataset\!masks_for_training\45,yolov8_seg,YOLOv8-seg,ok,after_inference_ms,2676.24,float,projekt-base,C:\Coding\AI\projekt\conda_envs\base.yml,
45,C:\Coding\AI\Dataset\!masks_for_training\45,yolov8_seg,YOLOv8-seg,ok,inference_ms_total,6205.25,float,projekt-base,C:\Coding\AI\projekt\conda_envs\base.yml,
46,C:\Coding\AI\Dataset\!masks_for_training\46,changeformer,ChangeFormer,error,,,,projekt-base,C:\Coding\AI\projekt\conda_envs\base.yml,"ValueError: operands could not be broadcast together with shapes (4032,3024,1) (4032,3024) "
46,C:\Coding\AI\Dataset\!masks_for_training\46,efficientnet,EfficientNet,ok,analysis_mode,efficientnet_cls_pair,str,projekt-base,C:\Coding\AI\projekt\conda_envs\base.yml,
46,C:\Coding\AI\Dataset\!masks_for_training\46,efficientnet,EfficientNet,ok,inference_mode,heuristic_fallback,str,projekt-base,C:\Coding\AI\projekt\conda_envs\base.yml,
46,C:\Coding\AI\Dataset\!masks_for_training\46,efficientnet,EfficientNet,ok,model_name,efficientnet_b0,str,projekt-base,C:\Coding\AI\projekt\conda_envs\base.yml,
46,C:\Coding\AI\Dataset\!masks_for_training\46,efficientnet,EfficientNet,ok,model_source,None,str,projekt-base,C:\Coding\AI\projekt\conda_envs\base.yml,
46,C:\Coding\AI\Dataset\!masks_for_training\46,efficientnet,EfficientNet,ok,weights_path,C:\Coding\AI\projekt\weights\efficientnet_best.pt,str,projekt-base,C:\Coding\AI\projekt\conda_envs\base.yml,
46,C:\Coding\AI\Dataset\!masks_for_training\46,efficientnet,EfficientNet,ok,device_requested,auto,str,projekt-base,C:\Coding\AI\projekt\conda_envs\base.yml,
46,C:\Coding\AI\Dataset\!masks_for_training\46,efficientnet,EfficientNet,ok,device_used,cpu,str,projekt-base,C:\Coding\AI\projekt\conda_envs\base.yml,
46,C:\Coding\AI\Dataset\!masks_for_training\46,efficientnet,EfficientNet,ok,force_cpu,False,bool,projekt-base,C:\Coding\AI\projekt\conda_envs\base.yml,
46,C:\Coding\AI\Dataset\!masks_for_training\46,efficientnet,EfficientNet,ok,cuda_available,True,bool,projekt-base,C:\Coding\AI\projekt\conda_envs\base.yml,
46,C:\Coding\AI\Dataset\!masks_for_training\46,efficientnet,EfficientNet,ok,input_size,224,int,projekt-base,C:\Coding\AI\projekt\conda_envs\base.yml,
46,C:\Coding\AI\Dataset\!masks_for_training\46,efficientnet,EfficientNet,ok,dirty_threshold,0.42,float,projekt-base,C:\Coding\AI\projekt\conda_envs\base.yml,
46,C:\Coding\AI\Dataset\!masks_for_training\46,efficientnet,EfficientNet,ok,dirty_keyword_classes,2,int,projekt-base,C:\Coding\AI\projekt\conda_envs\base.yml,
46,C:\Coding\AI\Dataset\!masks_for_training\46,efficientnet,EfficientNet,ok,before_crop_count,6,int,projekt-base,C:\Coding\AI\projekt\conda_envs\base.yml,
46,C:\Coding\AI\Dataset\!masks_for_training\46,efficientnet,EfficientNet,ok,after_crop_count,6,int,projekt-base,C:\Coding\AI\projekt\conda_envs\base.yml,
46,C:\Coding\AI\Dataset\!masks_for_training\46,efficientnet,EfficientNet,ok,before_crop_dirty_prob_mean,0.694925,float,projekt-base,C:\Coding\AI\projekt\conda_envs\base.yml,
46,C:\Coding\AI\Dataset\!masks_for_training\46,efficientnet,EfficientNet,ok,after_crop_dirty_prob_mean,0.69054,float,projekt-base,C:\Coding\AI\projekt\conda_envs\base.yml,
46,C:\Coding\AI\Dataset\!masks_for_training\46,efficientnet,EfficientNet,ok,before_crop_dirty_prob_max,0.71593,float,projekt-base,C:\Coding\AI\projekt\conda_envs\base.yml,
46,C:\Coding\AI\Dataset\!masks_for_training\46,efficientnet,EfficientNet,ok,after_crop_dirty_prob_max,0.707372,float,projekt-base,C:\Coding\AI\projekt\conda_envs\base.yml,
46,C:\Coding\AI\Dataset\!masks_for_training\46,efficientnet,EfficientNet,ok,before_crop_support_ratio,1,float,projekt-base,C:\Coding\AI\projekt\conda_envs\base.yml,
46,C:\Coding\AI\Dataset\!masks_for_training\46,efficientnet,EfficientNet,ok,after_crop_support_ratio,1,float,projekt-base,C:\Coding\AI\projekt\conda_envs\base.yml,
46,C:\Coding\AI\Dataset\!masks_for_training\46,efficientnet,EfficientNet,ok,before_dirty_prob,0.710049,float,projekt-base,C:\Coding\AI\projekt\conda_envs\base.yml,
46,C:\Coding\AI\Dataset\!masks_for_training\46,efficientnet,EfficientNet,ok,after_dirty_prob,0.702659,float,projekt-base,C:\Coding\AI\projekt\conda_envs\base.yml,
46,C:\Coding\AI\Dataset\!masks_for_training\46,efficientnet,EfficientNet,ok,before_clean_prob,0.289951,float,projekt-base,C:\Coding\AI\projekt\conda_envs\base.yml,
46,C:\Coding\AI\Dataset\!masks_for_training\46,efficientnet,EfficientNet,ok,after_clean_prob,0.297341,float,projekt-base,C:\Coding\AI\projekt\conda_envs\base.yml,
46,C:\Coding\AI\Dataset\!masks_for_training\46,efficientnet,EfficientNet,ok,cleanup_delta,0.007389,float,projekt-base,C:\Coding\AI\projekt\conda_envs\base.yml,
46,C:\Coding\AI\Dataset\!masks_for_training\46,efficientnet,EfficientNet,ok,cleanup_score,0.007389,float,projekt-base,C:\Coding\AI\projekt\conda_envs\base.yml,
46,C:\Coding\AI\Dataset\!masks_for_training\46,efficientnet,EfficientNet,ok,dirty_prob_delta,-0.007389,float,projekt-base,C:\Coding\AI\projekt\conda_envs\base.yml,
46,C:\Coding\AI\Dataset\!masks_for_training\46,efficientnet,EfficientNet,ok,dirty_prob_abs_delta,0.007389,float,projekt-base,C:\Coding\AI\projekt\conda_envs\base.yml,
46,C:\Coding\AI\Dataset\!masks_for_training\46,efficientnet,EfficientNet,ok,before_pred_label,dirty,str,projekt-base,C:\Coding\AI\projekt\conda_envs\base.yml,
46,C:\Coding\AI\Dataset\!masks_for_training\46,efficientnet,EfficientNet,ok,after_pred_label,dirty,str,projekt-base,C:\Coding\AI\projekt\conda_envs\base.yml,
46,C:\Coding\AI\Dataset\!masks_for_training\46,efficientnet,EfficientNet,ok,before_top1_label,dirty,str,projekt-base,C:\Coding\AI\projekt\conda_envs\base.yml,
46,C:\Coding\AI\Dataset\!masks_for_training\46,efficientnet,EfficientNet,ok,after_top1_label,dirty,str,projekt-base,C:\Coding\AI\projekt\conda_envs\base.yml,
46,C:\Coding\AI\Dataset\!masks_for_training\46,efficientnet,EfficientNet,ok,before_top1_prob,0.71593,float,projekt-base,C:\Coding\AI\projekt\conda_envs\base.yml,
46,C:\Coding\AI\Dataset\!masks_for_training\46,efficientnet,EfficientNet,ok,after_top1_prob,0.707372,float,projekt-base,C:\Coding\AI\projekt\conda_envs\base.yml,
46,C:\Coding\AI\Dataset\!masks_for_training\46,efficientnet,EfficientNet,ok,before_entropy_norm,0.886802,float,projekt-base,C:\Coding\AI\projekt\conda_envs\base.yml,
46,C:\Coding\AI\Dataset\!masks_for_training\46,efficientnet,EfficientNet,ok,after_entropy_norm,0.892091,float,projekt-base,C:\Coding\AI\projekt\conda_envs\base.yml,
46,C:\Coding\AI\Dataset\!masks_for_training\46,efficientnet,EfficientNet,ok,before_inference_ms,0,float,projekt-base,C:\Coding\AI\projekt\conda_envs\base.yml,
46,C:\Coding\AI\Dataset\!masks_for_training\46,efficientnet,EfficientNet,ok,after_inference_ms,0,float,projekt-base,C:\Coding\AI\projekt\conda_envs\base.yml,
46,C:\Coding\AI\Dataset\!masks_for_training\46,efficientnet,EfficientNet,ok,inference_ms_total,0,float,projekt-base,C:\Coding\AI\projekt\conda_envs\base.yml,
46,C:\Coding\AI\Dataset\!masks_for_training\46,sift_ransac,SIFT + RANSAC + difference map,error,,,,projekt-base,C:\Coding\AI\projekt\conda_envs\base.yml,"ValueError: operands could not be broadcast together with shapes (4032,3024,1) (4032,3024) "
46,C:\Coding\AI\Dataset\!masks_for_training\46,siamese_unet,Siamese U-Net,error,,,,projekt-base,C:\Coding\AI\projekt\conda_envs\base.yml,"ValueError: operands could not be broadcast together with shapes (4032,3024,1) (4032,3024) "
46,C:\Coding\AI\Dataset\!masks_for_training\46,yolov8_seg,YOLOv8-seg,ok,analysis_mode,yolov8_seg_pair,str,projekt-base,C:\Coding\AI\projekt\conda_envs\base.yml,
46,C:\Coding\AI\Dataset\!masks_for_training\46,yolov8_seg,YOLOv8-seg,ok,model_name,C:\Coding\AI\projekt\weights\yolov8m_trash_finetuned.pt,str,projekt-base,C:\Coding\AI\projekt\conda_envs\base.yml,
46,C:\Coding\AI\Dataset\!masks_for_training\46,yolov8_seg,YOLOv8-seg,ok,model_source,C:\Coding\AI\projekt\weights\yolov8m_seg_best_new+fine-tune.pt,str,projekt-base,C:\Coding\AI\projekt\conda_envs\base.yml,
46,C:\Coding\AI\Dataset\!masks_for_training\46,yolov8_seg,YOLOv8-seg,ok,device_requested,auto,str,projekt-base,C:\Coding\AI\projekt\conda_envs\base.yml,
46,C:\Coding\AI\Dataset\!masks_for_training\46,yolov8_seg,YOLOv8-seg,ok,device_used,cuda,str,projekt-base,C:\Coding\AI\projekt\conda_envs\base.yml,
46,C:\Coding\AI\Dataset\!masks_for_training\46,yolov8_seg,YOLOv8-seg,ok,force_cpu,False,bool,projekt-base,C:\Coding\AI\projekt\conda_envs\base.yml,
46,C:\Coding\AI\Dataset\!masks_for_training\46,yolov8_seg,YOLOv8-seg,ok,cuda_available,True,bool,projekt-base,C:\Coding\AI\projekt\conda_envs\base.yml,
46,C:\Coding\AI\Dataset\!masks_for_training\46,yolov8_seg,YOLOv8-seg,ok,image_size,1536,int,projekt-base,C:\Coding\AI\projekt\conda_envs\base.yml,
46,C:\Coding\AI\Dataset\!masks_for_training\46,yolov8_seg,YOLOv8-seg,ok,confidence_threshold,0.35,float,projekt-base,C:\Coding\AI\projekt\conda_envs\base.yml,
46,C:\Coding\AI\Dataset\!masks_for_training\46,yolov8_seg,YOLOv8-seg,ok,iou_threshold,0.4,float,projekt-base,C:\Coding\AI\projekt\conda_envs\base.yml,
46,C:\Coding\AI\Dataset\!masks_for_training\46,yolov8_seg,YOLOv8-seg,ok,tile_inference_mode,auto,str,projekt-base,C:\Coding\AI\projekt\conda_envs\base.yml,
46,C:\Coding\AI\Dataset\!masks_for_training\46,yolov8_seg,YOLOv8-seg,ok,tile_size,640,int,projekt-base,C:\Coding\AI\projekt\conda_envs\base.yml,
46,C:\Coding\AI\Dataset\!masks_for_training\46,yolov8_seg,YOLOv8-seg,ok,tile_overlap_ratio,0.5,float,projekt-base,C:\Coding\AI\projekt\conda_envs\base.yml,
46,C:\Coding\AI\Dataset\!masks_for_training\46,yolov8_seg,YOLOv8-seg,ok,before_tile_count,108,int,projekt-base,C:\Coding\AI\projekt\conda_envs\base.yml,
46,C:\Coding\AI\Dataset\!masks_for_training\46,yolov8_seg,YOLOv8-seg,ok,after_tile_count,108,int,projekt-base,C:\Coding\AI\projekt\conda_envs\base.yml,
46,C:\Coding\AI\Dataset\!masks_for_training\46,yolov8_seg,YOLOv8-seg,ok,selected_class_count,0,int,projekt-base,C:\Coding\AI\projekt\conda_envs\base.yml,
46,C:\Coding\AI\Dataset\!masks_for_training\46,yolov8_seg,YOLOv8-seg,ok,selected_class_ids,[],list,projekt-base,C:\Coding\AI\projekt\conda_envs\base.yml,
46,C:\Coding\AI\Dataset\!masks_for_training\46,yolov8_seg,YOLOv8-seg,ok,taco_dataset_root,C:\Coding\AI\projekt\datasets\TACO,str,projekt-base,C:\Coding\AI\projekt\conda_envs\base.yml,
46,C:\Coding\AI\Dataset\!masks_for_training\46,yolov8_seg,YOLOv8-seg,ok,taco_annotations_path,C:\Coding\AI\projekt\datasets\TACO\data\annotations.json,str,projekt-base,C:\Coding\AI\projekt\conda_envs\base.yml,
46,C:\Coding\AI\Dataset\!masks_for_training\46,yolov8_seg,YOLOv8-seg,ok,taco_export_root,C:\Coding\AI\projekt\datasets\TACO\yolo_seg,str,projekt-base,C:\Coding\AI\projekt\conda_envs\base.yml,
46,C:\Coding\AI\Dataset\!masks_for_training\46,yolov8_seg,YOLOv8-seg,ok,taco_data_yaml,C:\Coding\AI\projekt\datasets\TACO\yolo_seg\data.yaml,str,projekt-base,C:\Coding\AI\projekt\conda_envs\base.yml,
46,C:\Coding\AI\Dataset\!masks_for_training\46,yolov8_seg,YOLOv8-seg,ok,taco_source_images,1500,int,projekt-base,C:\Coding\AI\projekt\conda_envs\base.yml,
46,C:\Coding\AI\Dataset\!masks_for_training\46,yolov8_seg,YOLOv8-seg,ok,taco_exported_images,1500,int,projekt-base,C:\Coding\AI\projekt\conda_envs\base.yml,
46,C:\Coding\AI\Dataset\!masks_for_training\46,yolov8_seg,YOLOv8-seg,ok,taco_exported_labels,1500,int,projekt-base,C:\Coding\AI\projekt\conda_envs\base.yml,
46,C:\Coding\AI\Dataset\!masks_for_training\46,yolov8_seg,YOLOv8-seg,ok,taco_skipped_missing_images,0,int,projekt-base,C:\Coding\AI\projekt\conda_envs\base.yml,
46,C:\Coding\AI\Dataset\!masks_for_training\46,yolov8_seg,YOLOv8-seg,ok,taco_skipped_invalid_polygons,0,int,projekt-base,C:\Coding\AI\projekt\conda_envs\base.yml,
46,C:\Coding\AI\Dataset\!masks_for_training\46,yolov8_seg,YOLOv8-seg,ok,before_instance_count,13,int,projekt-base,C:\Coding\AI\projekt\conda_envs\base.yml,
46,C:\Coding\AI\Dataset\!masks_for_training\46,yolov8_seg,YOLOv8-seg,ok,after_instance_count,10,int,projekt-base,C:\Coding\AI\projekt\conda_envs\base.yml,
46,C:\Coding\AI\Dataset\!masks_for_training\46,yolov8_seg,YOLOv8-seg,ok,instance_count_total,23,int,projekt-base,C:\Coding\AI\projekt\conda_envs\base.yml,
46,C:\Coding\AI\Dataset\!masks_for_training\46,yolov8_seg,YOLOv8-seg,ok,before_mask_area_px,41476,int,projekt-base,C:\Coding\AI\projekt\conda_envs\base.yml,
46,C:\Coding\AI\Dataset\!masks_for_training\46,yolov8_seg,YOLOv8-seg,ok,after_mask_area_px,8964,int,projekt-base,C:\Coding\AI\projekt\conda_envs\base.yml,
46,C:\Coding\AI\Dataset\!masks_for_training\46,yolov8_seg,YOLOv8-seg,ok,before_mask_area_ratio,0.003402,float,projekt-base,C:\Coding\AI\projekt\conda_envs\base.yml,
46,C:\Coding\AI\Dataset\!masks_for_training\46,yolov8_seg,YOLOv8-seg,ok,after_mask_area_ratio,0.000735,float,projekt-base,C:\Coding\AI\projekt\conda_envs\base.yml,
46,C:\Coding\AI\Dataset\!masks_for_training\46,yolov8_seg,YOLOv8-seg,ok,mask_area_delta_px,-32512,int,projekt-base,C:\Coding\AI\projekt\conda_envs\base.yml,
46,C:\Coding\AI\Dataset\!masks_for_training\46,yolov8_seg,YOLOv8-seg,ok,mask_area_delta_ratio,-0.002666,float,projekt-base,C:\Coding\AI\projekt\conda_envs\base.yml,
46,C:\Coding\AI\Dataset\!masks_for_training\46,yolov8_seg,YOLOv8-seg,ok,before_bbox_area_px,59802,int,projekt-base,C:\Coding\AI\projekt\conda_envs\base.yml,
46,C:\Coding\AI\Dataset\!masks_for_training\46,yolov8_seg,YOLOv8-seg,ok,after_bbox_area_px,13991,int,projekt-base,C:\Coding\AI\projekt\conda_envs\base.yml,
46,C:\Coding\AI\Dataset\!masks_for_training\46,yolov8_seg,YOLOv8-seg,ok,before_mean_confidence,0.559283,float,projekt-base,C:\Coding\AI\projekt\conda_envs\base.yml,
46,C:\Coding\AI\Dataset\!masks_for_training\46,yolov8_seg,YOLOv8-seg,ok,after_mean_confidence,0.463883,float,projekt-base,C:\Coding\AI\projekt\conda_envs\base.yml,
46,C:\Coding\AI\Dataset\!masks_for_training\46,yolov8_seg,YOLOv8-seg,ok,before_inference_ms,3155.82,float,projekt-base,C:\Coding\AI\projekt\conda_envs\base.yml,
46,C:\Coding\AI\Dataset\!masks_for_training\46,yolov8_seg,YOLOv8-seg,ok,after_inference_ms,2297.94,float,projekt-base,C:\Coding\AI\projekt\conda_envs\base.yml,
46,C:\Coding\AI\Dataset\!masks_for_training\46,yolov8_seg,YOLOv8-seg,ok,inference_ms_total,5453.76,float,projekt-base,C:\Coding\AI\projekt\conda_envs\base.yml,
47,C:\Coding\AI\Dataset\!masks_for_training\47,changeformer,ChangeFormer,error,,,,projekt-base,C:\Coding\AI\projekt\conda_envs\base.yml,"ValueError: operands could not be broadcast together with shapes (4032,3024,1) (4032,3024) "
47,C:\Coding\AI\Dataset\!masks_for_training\47,efficientnet,EfficientNet,ok,analysis_mode,efficientnet_cls_pair,str,projekt-base,C:\Coding\AI\projekt\conda_envs\base.yml,
47,C:\Coding\AI\Dataset\!masks_for_training\47,efficientnet,EfficientNet,ok,inference_mode,heuristic_fallback,str,projekt-base,C:\Coding\AI\projekt\conda_envs\base.yml,
47,C:\Coding\AI\Dataset\!masks_for_training\47,efficientnet,EfficientNet,ok,model_name,efficientnet_b0,str,projekt-base,C:\Coding\AI\projekt\conda_envs\base.yml,
47,C:\Coding\AI\Dataset\!masks_for_training\47,efficientnet,EfficientNet,ok,model_source,None,str,projekt-base,C:\Coding\AI\projekt\conda_envs\base.yml,
47,C:\Coding\AI\Dataset\!masks_for_training\47,efficientnet,EfficientNet,ok,weights_path,C:\Coding\AI\projekt\weights\efficientnet_best.pt,str,projekt-base,C:\Coding\AI\projekt\conda_envs\base.yml,
47,C:\Coding\AI\Dataset\!masks_for_training\47,efficientnet,EfficientNet,ok,device_requested,auto,str,projekt-base,C:\Coding\AI\projekt\conda_envs\base.yml,
47,C:\Coding\AI\Dataset\!masks_for_training\47,efficientnet,EfficientNet,ok,device_used,cpu,str,projekt-base,C:\Coding\AI\projekt\conda_envs\base.yml,
47,C:\Coding\AI\Dataset\!masks_for_training\47,efficientnet,EfficientNet,ok,force_cpu,False,bool,projekt-base,C:\Coding\AI\projekt\conda_envs\base.yml,
47,C:\Coding\AI\Dataset\!masks_for_training\47,efficientnet,EfficientNet,ok,cuda_available,True,bool,projekt-base,C:\Coding\AI\projekt\conda_envs\base.yml,
47,C:\Coding\AI\Dataset\!masks_for_training\47,efficientnet,EfficientNet,ok,input_size,224,int,projekt-base,C:\Coding\AI\projekt\conda_envs\base.yml,
47,C:\Coding\AI\Dataset\!masks_for_training\47,efficientnet,EfficientNet,ok,dirty_threshold,0.42,float,projekt-base,C:\Coding\AI\projekt\conda_envs\base.yml,
47,C:\Coding\AI\Dataset\!masks_for_training\47,efficientnet,EfficientNet,ok,dirty_keyword_classes,2,int,projekt-base,C:\Coding\AI\projekt\conda_envs\base.yml,
47,C:\Coding\AI\Dataset\!masks_for_training\47,efficientnet,EfficientNet,ok,before_crop_count,6,int,projekt-base,C:\Coding\AI\projekt\conda_envs\base.yml,
47,C:\Coding\AI\Dataset\!masks_for_training\47,efficientnet,EfficientNet,ok,after_crop_count,6,int,projekt-base,C:\Coding\AI\projekt\conda_envs\base.yml,
47,C:\Coding\AI\Dataset\!masks_for_training\47,efficientnet,EfficientNet,ok,before_crop_dirty_prob_mean,0.671132,float,projekt-base,C:\Coding\AI\projekt\conda_envs\base.yml,
47,C:\Coding\AI\Dataset\!masks_for_training\47,efficientnet,EfficientNet,ok,after_crop_dirty_prob_mean,0.667029,float,projekt-base,C:\Coding\AI\projekt\conda_envs\base.yml,
47,C:\Coding\AI\Dataset\!masks_for_training\47,efficientnet,EfficientNet,ok,before_crop_dirty_prob_max,0.685664,float,projekt-base,C:\Coding\AI\projekt\conda_envs\base.yml,
47,C:\Coding\AI\Dataset\!masks_for_training\47,efficientnet,EfficientNet,ok,after_crop_dirty_prob_max,0.678625,float,projekt-base,C:\Coding\AI\projekt\conda_envs\base.yml,
47,C:\Coding\AI\Dataset\!masks_for_training\47,efficientnet,EfficientNet,ok,before_crop_support_ratio,1,float,projekt-base,C:\Coding\AI\projekt\conda_envs\base.yml,
47,C:\Coding\AI\Dataset\!masks_for_training\47,efficientnet,EfficientNet,ok,after_crop_support_ratio,1,float,projekt-base,C:\Coding\AI\projekt\conda_envs\base.yml,
47,C:\Coding\AI\Dataset\!masks_for_training\47,efficientnet,EfficientNet,ok,before_dirty_prob,0.681595,float,projekt-base,C:\Coding\AI\projekt\conda_envs\base.yml,
47,C:\Coding\AI\Dataset\!masks_for_training\47,efficientnet,EfficientNet,ok,after_dirty_prob,0.675378,float,projekt-base,C:\Coding\AI\projekt\conda_envs\base.yml,
47,C:\Coding\AI\Dataset\!masks_for_training\47,efficientnet,EfficientNet,ok,before_clean_prob,0.318405,float,projekt-base,C:\Coding\AI\projekt\conda_envs\base.yml,
47,C:\Coding\AI\Dataset\!masks_for_training\47,efficientnet,EfficientNet,ok,after_clean_prob,0.324622,float,projekt-base,C:\Coding\AI\projekt\conda_envs\base.yml,
47,C:\Coding\AI\Dataset\!masks_for_training\47,efficientnet,EfficientNet,ok,cleanup_delta,0.006217,float,projekt-base,C:\Coding\AI\projekt\conda_envs\base.yml,
47,C:\Coding\AI\Dataset\!masks_for_training\47,efficientnet,EfficientNet,ok,cleanup_score,0.006217,float,projekt-base,C:\Coding\AI\projekt\conda_envs\base.yml,
47,C:\Coding\AI\Dataset\!masks_for_training\47,efficientnet,EfficientNet,ok,dirty_prob_delta,-0.006217,float,projekt-base,C:\Coding\AI\projekt\conda_envs\base.yml,
47,C:\Coding\AI\Dataset\!masks_for_training\47,efficientnet,EfficientNet,ok,dirty_prob_abs_delta,0.006217,float,projekt-base,C:\Coding\AI\projekt\conda_envs\base.yml,
47,C:\Coding\AI\Dataset\!masks_for_training\47,efficientnet,EfficientNet,ok,before_pred_label,dirty,str,projekt-base,C:\Coding\AI\projekt\conda_envs\base.yml,
47,C:\Coding\AI\Dataset\!masks_for_training\47,efficientnet,EfficientNet,ok,after_pred_label,dirty,str,projekt-base,C:\Coding\AI\projekt\conda_envs\base.yml,
47,C:\Coding\AI\Dataset\!masks_for_training\47,efficientnet,EfficientNet,ok,before_top1_label,dirty,str,projekt-base,C:\Coding\AI\projekt\conda_envs\base.yml,
47,C:\Coding\AI\Dataset\!masks_for_training\47,efficientnet,EfficientNet,ok,after_top1_label,dirty,str,projekt-base,C:\Coding\AI\projekt\conda_envs\base.yml,
47,C:\Coding\AI\Dataset\!masks_for_training\47,efficientnet,EfficientNet,ok,before_top1_prob,0.685664,float,projekt-base,C:\Coding\AI\projekt\conda_envs\base.yml,
47,C:\Coding\AI\Dataset\!masks_for_training\47,efficientnet,EfficientNet,ok,after_top1_prob,0.678625,float,projekt-base,C:\Coding\AI\projekt\conda_envs\base.yml,
47,C:\Coding\AI\Dataset\!masks_for_training\47,efficientnet,EfficientNet,ok,before_entropy_norm,0.913583,float,projekt-base,C:\Coding\AI\projekt\conda_envs\base.yml,
47,C:\Coding\AI\Dataset\!masks_for_training\47,efficientnet,EfficientNet,ok,after_entropy_norm,0.917742,float,projekt-base,C:\Coding\AI\projekt\conda_envs\base.yml,
47,C:\Coding\AI\Dataset\!masks_for_training\47,efficientnet,EfficientNet,ok,before_inference_ms,0,float,projekt-base,C:\Coding\AI\projekt\conda_envs\base.yml,
47,C:\Coding\AI\Dataset\!masks_for_training\47,efficientnet,EfficientNet,ok,after_inference_ms,0,float,projekt-base,C:\Coding\AI\projekt\conda_envs\base.yml,
47,C:\Coding\AI\Dataset\!masks_for_training\47,efficientnet,EfficientNet,ok,inference_ms_total,0,float,projekt-base,C:\Coding\AI\projekt\conda_envs\base.yml,
47,C:\Coding\AI\Dataset\!masks_for_training\47,sift_ransac,SIFT + RANSAC + difference map,error,,,,projekt-base,C:\Coding\AI\projekt\conda_envs\base.yml,"ValueError: operands could not be broadcast together with shapes (4032,3024,1) (4032,3024) "
47,C:\Coding\AI\Dataset\!masks_for_training\47,siamese_unet,Siamese U-Net,error,,,,projekt-base,C:\Coding\AI\projekt\conda_envs\base.yml,"ValueError: operands could not be broadcast together with shapes (4032,3024,1) (4032,3024) "
47,C:\Coding\AI\Dataset\!masks_for_training\47,yolov8_seg,YOLOv8-seg,ok,analysis_mode,yolov8_seg_pair,str,projekt-base,C:\Coding\AI\projekt\conda_envs\base.yml,
47,C:\Coding\AI\Dataset\!masks_for_training\47,yolov8_seg,YOLOv8-seg,ok,model_name,C:\Coding\AI\projekt\weights\yolov8m_trash_finetuned.pt,str,projekt-base,C:\Coding\AI\projekt\conda_envs\base.yml,
47,C:\Coding\AI\Dataset\!masks_for_training\47,yolov8_seg,YOLOv8-seg,ok,model_source,C:\Coding\AI\projekt\weights\yolov8m_seg_best_new+fine-tune.pt,str,projekt-base,C:\Coding\AI\projekt\conda_envs\base.yml,
47,C:\Coding\AI\Dataset\!masks_for_training\47,yolov8_seg,YOLOv8-seg,ok,device_requested,auto,str,projekt-base,C:\Coding\AI\projekt\conda_envs\base.yml,
47,C:\Coding\AI\Dataset\!masks_for_training\47,yolov8_seg,YOLOv8-seg,ok,device_used,cuda,str,projekt-base,C:\Coding\AI\projekt\conda_envs\base.yml,
47,C:\Coding\AI\Dataset\!masks_for_training\47,yolov8_seg,YOLOv8-seg,ok,force_cpu,False,bool,projekt-base,C:\Coding\AI\projekt\conda_envs\base.yml,
47,C:\Coding\AI\Dataset\!masks_for_training\47,yolov8_seg,YOLOv8-seg,ok,cuda_available,True,bool,projekt-base,C:\Coding\AI\projekt\conda_envs\base.yml,
47,C:\Coding\AI\Dataset\!masks_for_training\47,yolov8_seg,YOLOv8-seg,ok,image_size,1536,int,projekt-base,C:\Coding\AI\projekt\conda_envs\base.yml,
47,C:\Coding\AI\Dataset\!masks_for_training\47,yolov8_seg,YOLOv8-seg,ok,confidence_threshold,0.35,float,projekt-base,C:\Coding\AI\projekt\conda_envs\base.yml,
47,C:\Coding\AI\Dataset\!masks_for_training\47,yolov8_seg,YOLOv8-seg,ok,iou_threshold,0.4,float,projekt-base,C:\Coding\AI\projekt\conda_envs\base.yml,
47,C:\Coding\AI\Dataset\!masks_for_training\47,yolov8_seg,YOLOv8-seg,ok,tile_inference_mode,auto,str,projekt-base,C:\Coding\AI\projekt\conda_envs\base.yml,
47,C:\Coding\AI\Dataset\!masks_for_training\47,yolov8_seg,YOLOv8-seg,ok,tile_size,640,int,projekt-base,C:\Coding\AI\projekt\conda_envs\base.yml,
47,C:\Coding\AI\Dataset\!masks_for_training\47,yolov8_seg,YOLOv8-seg,ok,tile_overlap_ratio,0.5,float,projekt-base,C:\Coding\AI\projekt\conda_envs\base.yml,
47,C:\Coding\AI\Dataset\!masks_for_training\47,yolov8_seg,YOLOv8-seg,ok,before_tile_count,108,int,projekt-base,C:\Coding\AI\projekt\conda_envs\base.yml,
47,C:\Coding\AI\Dataset\!masks_for_training\47,yolov8_seg,YOLOv8-seg,ok,after_tile_count,108,int,projekt-base,C:\Coding\AI\projekt\conda_envs\base.yml,
47,C:\Coding\AI\Dataset\!masks_for_training\47,yolov8_seg,YOLOv8-seg,ok,selected_class_count,0,int,projekt-base,C:\Coding\AI\projekt\conda_envs\base.yml,
47,C:\Coding\AI\Dataset\!masks_for_training\47,yolov8_seg,YOLOv8-seg,ok,selected_class_ids,[],list,projekt-base,C:\Coding\AI\projekt\conda_envs\base.yml,
47,C:\Coding\AI\Dataset\!masks_for_training\47,yolov8_seg,YOLOv8-seg,ok,taco_dataset_root,C:\Coding\AI\projekt\datasets\TACO,str,projekt-base,C:\Coding\AI\projekt\conda_envs\base.yml,
47,C:\Coding\AI\Dataset\!masks_for_training\47,yolov8_seg,YOLOv8-seg,ok,taco_annotations_path,C:\Coding\AI\projekt\datasets\TACO\data\annotations.json,str,projekt-base,C:\Coding\AI\projekt\conda_envs\base.yml,
47,C:\Coding\AI\Dataset\!masks_for_training\47,yolov8_seg,YOLOv8-seg,ok,taco_export_root,C:\Coding\AI\projekt\datasets\TACO\yolo_seg,str,projekt-base,C:\Coding\AI\projekt\conda_envs\base.yml,
47,C:\Coding\AI\Dataset\!masks_for_training\47,yolov8_seg,YOLOv8-seg,ok,taco_data_yaml,C:\Coding\AI\projekt\datasets\TACO\yolo_seg\data.yaml,str,projekt-base,C:\Coding\AI\projekt\conda_envs\base.yml,
47,C:\Coding\AI\Dataset\!masks_for_training\47,yolov8_seg,YOLOv8-seg,ok,taco_source_images,1500,int,projekt-base,C:\Coding\AI\projekt\conda_envs\base.yml,
47,C:\Coding\AI\Dataset\!masks_for_training\47,yolov8_seg,YOLOv8-seg,ok,taco_exported_images,1500,int,projekt-base,C:\Coding\AI\projekt\conda_envs\base.yml,
47,C:\Coding\AI\Dataset\!masks_for_training\47,yolov8_seg,YOLOv8-seg,ok,taco_exported_labels,1500,int,projekt-base,C:\Coding\AI\projekt\conda_envs\base.yml,
47,C:\Coding\AI\Dataset\!masks_for_training\47,yolov8_seg,YOLOv8-seg,ok,taco_skipped_missing_images,0,int,projekt-base,C:\Coding\AI\projekt\conda_envs\base.yml,
47,C:\Coding\AI\Dataset\!masks_for_training\47,yolov8_seg,YOLOv8-seg,ok,taco_skipped_invalid_polygons,0,int,projekt-base,C:\Coding\AI\projekt\conda_envs\base.yml,
47,C:\Coding\AI\Dataset\!masks_for_training\47,yolov8_seg,YOLOv8-seg,ok,before_instance_count,14,int,projekt-base,C:\Coding\AI\projekt\conda_envs\base.yml,
47,C:\Coding\AI\Dataset\!masks_for_training\47,yolov8_seg,YOLOv8-seg,ok,after_instance_count,14,int,projekt-base,C:\Coding\AI\projekt\conda_envs\base.yml,
47,C:\Coding\AI\Dataset\!masks_for_training\47,yolov8_seg,YOLOv8-seg,ok,instance_count_total,28,int,projekt-base,C:\Coding\AI\projekt\conda_envs\base.yml,
47,C:\Coding\AI\Dataset\!masks_for_training\47,yolov8_seg,YOLOv8-seg,ok,before_mask_area_px,10072,int,projekt-base,C:\Coding\AI\projekt\conda_envs\base.yml,
47,C:\Coding\AI\Dataset\!masks_for_training\47,yolov8_seg,YOLOv8-seg,ok,after_mask_area_px,8608,int,projekt-base,C:\Coding\AI\projekt\conda_envs\base.yml,
47,C:\Coding\AI\Dataset\!masks_for_training\47,yolov8_seg,YOLOv8-seg,ok,before_mask_area_ratio,0.000826,float,projekt-base,C:\Coding\AI\projekt\conda_envs\base.yml,
47,C:\Coding\AI\Dataset\!masks_for_training\47,yolov8_seg,YOLOv8-seg,ok,after_mask_area_ratio,0.000706,float,projekt-base,C:\Coding\AI\projekt\conda_envs\base.yml,
47,C:\Coding\AI\Dataset\!masks_for_training\47,yolov8_seg,YOLOv8-seg,ok,mask_area_delta_px,-1464,int,projekt-base,C:\Coding\AI\projekt\conda_envs\base.yml,
47,C:\Coding\AI\Dataset\!masks_for_training\47,yolov8_seg,YOLOv8-seg,ok,mask_area_delta_ratio,-0.00012,float,projekt-base,C:\Coding\AI\projekt\conda_envs\base.yml,
47,C:\Coding\AI\Dataset\!masks_for_training\47,yolov8_seg,YOLOv8-seg,ok,before_bbox_area_px,18593,int,projekt-base,C:\Coding\AI\projekt\conda_envs\base.yml,
47,C:\Coding\AI\Dataset\!masks_for_training\47,yolov8_seg,YOLOv8-seg,ok,after_bbox_area_px,13130,int,projekt-base,C:\Coding\AI\projekt\conda_envs\base.yml,
47,C:\Coding\AI\Dataset\!masks_for_training\47,yolov8_seg,YOLOv8-seg,ok,before_mean_confidence,0.557152,float,projekt-base,C:\Coding\AI\projekt\conda_envs\base.yml,
47,C:\Coding\AI\Dataset\!masks_for_training\47,yolov8_seg,YOLOv8-seg,ok,after_mean_confidence,0.551181,float,projekt-base,C:\Coding\AI\projekt\conda_envs\base.yml,
47,C:\Coding\AI\Dataset\!masks_for_training\47,yolov8_seg,YOLOv8-seg,ok,before_inference_ms,2972.51,float,projekt-base,C:\Coding\AI\projekt\conda_envs\base.yml,
47,C:\Coding\AI\Dataset\!masks_for_training\47,yolov8_seg,YOLOv8-seg,ok,after_inference_ms,3117.35,float,projekt-base,C:\Coding\AI\projekt\conda_envs\base.yml,
47,C:\Coding\AI\Dataset\!masks_for_training\47,yolov8_seg,YOLOv8-seg,ok,inference_ms_total,6089.86,float,projekt-base,C:\Coding\AI\projekt\conda_envs\base.yml,
48,C:\Coding\AI\Dataset\!masks_for_training\48,changeformer,ChangeFormer,error,,,,projekt-base,C:\Coding\AI\projekt\conda_envs\base.yml,"ValueError: operands could not be broadcast together with shapes (4032,3024,1) (4032,3024) "
48,C:\Coding\AI\Dataset\!masks_for_training\48,efficientnet,EfficientNet,ok,analysis_mode,efficientnet_cls_pair,str,projekt-base,C:\Coding\AI\projekt\conda_envs\base.yml,
48,C:\Coding\AI\Dataset\!masks_for_training\48,efficientnet,EfficientNet,ok,inference_mode,heuristic_fallback,str,projekt-base,C:\Coding\AI\projekt\conda_envs\base.yml,
48,C:\Coding\AI\Dataset\!masks_for_training\48,efficientnet,EfficientNet,ok,model_name,efficientnet_b0,str,projekt-base,C:\Coding\AI\projekt\conda_envs\base.yml,
48,C:\Coding\AI\Dataset\!masks_for_training\48,efficientnet,EfficientNet,ok,model_source,None,str,projekt-base,C:\Coding\AI\projekt\conda_envs\base.yml,
48,C:\Coding\AI\Dataset\!masks_for_training\48,efficientnet,EfficientNet,ok,weights_path,C:\Coding\AI\projekt\weights\efficientnet_best.pt,str,projekt-base,C:\Coding\AI\projekt\conda_envs\base.yml,
48,C:\Coding\AI\Dataset\!masks_for_training\48,efficientnet,EfficientNet,ok,device_requested,auto,str,projekt-base,C:\Coding\AI\projekt\conda_envs\base.yml,
48,C:\Coding\AI\Dataset\!masks_for_training\48,efficientnet,EfficientNet,ok,device_used,cpu,str,projekt-base,C:\Coding\AI\projekt\conda_envs\base.yml,
48,C:\Coding\AI\Dataset\!masks_for_training\48,efficientnet,EfficientNet,ok,force_cpu,False,bool,projekt-base,C:\Coding\AI\projekt\conda_envs\base.yml,
48,C:\Coding\AI\Dataset\!masks_for_training\48,efficientnet,EfficientNet,ok,cuda_available,True,bool,projekt-base,C:\Coding\AI\projekt\conda_envs\base.yml,
48,C:\Coding\AI\Dataset\!masks_for_training\48,efficientnet,EfficientNet,ok,input_size,224,int,projekt-base,C:\Coding\AI\projekt\conda_envs\base.yml,
48,C:\Coding\AI\Dataset\!masks_for_training\48,efficientnet,EfficientNet,ok,dirty_threshold,0.42,float,projekt-base,C:\Coding\AI\projekt\conda_envs\base.yml,
48,C:\Coding\AI\Dataset\!masks_for_training\48,efficientnet,EfficientNet,ok,dirty_keyword_classes,2,int,projekt-base,C:\Coding\AI\projekt\conda_envs\base.yml,
48,C:\Coding\AI\Dataset\!masks_for_training\48,efficientnet,EfficientNet,ok,before_crop_count,6,int,projekt-base,C:\Coding\AI\projekt\conda_envs\base.yml,
48,C:\Coding\AI\Dataset\!masks_for_training\48,efficientnet,EfficientNet,ok,after_crop_count,6,int,projekt-base,C:\Coding\AI\projekt\conda_envs\base.yml,
48,C:\Coding\AI\Dataset\!masks_for_training\48,efficientnet,EfficientNet,ok,before_crop_dirty_prob_mean,0.634196,float,projekt-base,C:\Coding\AI\projekt\conda_envs\base.yml,
48,C:\Coding\AI\Dataset\!masks_for_training\48,efficientnet,EfficientNet,ok,after_crop_dirty_prob_mean,0.634041,float,projekt-base,C:\Coding\AI\projekt\conda_envs\base.yml,
48,C:\Coding\AI\Dataset\!masks_for_training\48,efficientnet,EfficientNet,ok,before_crop_dirty_prob_max,0.638384,float,projekt-base,C:\Coding\AI\projekt\conda_envs\base.yml,
48,C:\Coding\AI\Dataset\!masks_for_training\48,efficientnet,EfficientNet,ok,after_crop_dirty_prob_max,0.643848,float,projekt-base,C:\Coding\AI\projekt\conda_envs\base.yml,
48,C:\Coding\AI\Dataset\!masks_for_training\48,efficientnet,EfficientNet,ok,before_crop_support_ratio,1,float,projekt-base,C:\Coding\AI\projekt\conda_envs\base.yml,
48,C:\Coding\AI\Dataset\!masks_for_training\48,efficientnet,EfficientNet,ok,after_crop_support_ratio,1,float,projekt-base,C:\Coding\AI\projekt\conda_envs\base.yml,
48,C:\Coding\AI\Dataset\!masks_for_training\48,efficientnet,EfficientNet,ok,before_dirty_prob,0.637211,float,projekt-base,C:\Coding\AI\projekt\conda_envs\base.yml,
48,C:\Coding\AI\Dataset\!masks_for_training\48,efficientnet,EfficientNet,ok,after_dirty_prob,0.641102,float,projekt-base,C:\Coding\AI\projekt\conda_envs\base.yml,
48,C:\Coding\AI\Dataset\!masks_for_training\48,efficientnet,EfficientNet,ok,before_clean_prob,0.362789,float,projekt-base,C:\Coding\AI\projekt\conda_envs\base.yml,
48,C:\Coding\AI\Dataset\!masks_for_training\48,efficientnet,EfficientNet,ok,after_clean_prob,0.358898,float,projekt-base,C:\Coding\AI\projekt\conda_envs\base.yml,
48,C:\Coding\AI\Dataset\!masks_for_training\48,efficientnet,EfficientNet,ok,cleanup_delta,-0.003891,float,projekt-base,C:\Coding\AI\projekt\conda_envs\base.yml,
48,C:\Coding\AI\Dataset\!masks_for_training\48,efficientnet,EfficientNet,ok,cleanup_score,0,float,projekt-base,C:\Coding\AI\projekt\conda_envs\base.yml,
48,C:\Coding\AI\Dataset\!masks_for_training\48,efficientnet,EfficientNet,ok,dirty_prob_delta,0.003891,float,projekt-base,C:\Coding\AI\projekt\conda_envs\base.yml,
48,C:\Coding\AI\Dataset\!masks_for_training\48,efficientnet,EfficientNet,ok,dirty_prob_abs_delta,0.003891,float,projekt-base,C:\Coding\AI\projekt\conda_envs\base.yml,
48,C:\Coding\AI\Dataset\!masks_for_training\48,efficientnet,EfficientNet,ok,before_pred_label,dirty,str,projekt-base,C:\Coding\AI\projekt\conda_envs\base.yml,
48,C:\Coding\AI\Dataset\!masks_for_training\48,efficientnet,EfficientNet,ok,after_pred_label,dirty,str,projekt-base,C:\Coding\AI\projekt\conda_envs\base.yml,
48,C:\Coding\AI\Dataset\!masks_for_training\48,efficientnet,EfficientNet,ok,before_top1_label,dirty,str,projekt-base,C:\Coding\AI\projekt\conda_envs\base.yml,
48,C:\Coding\AI\Dataset\!masks_for_training\48,efficientnet,EfficientNet,ok,after_top1_label,dirty,str,projekt-base,C:\Coding\AI\projekt\conda_envs\base.yml,
48,C:\Coding\AI\Dataset\!masks_for_training\48,efficientnet,EfficientNet,ok,before_top1_prob,0.638384,float,projekt-base,C:\Coding\AI\projekt\conda_envs\base.yml,
48,C:\Coding\AI\Dataset\!masks_for_training\48,efficientnet,EfficientNet,ok,after_top1_prob,0.643848,float,projekt-base,C:\Coding\AI\projekt\conda_envs\base.yml,
48,C:\Coding\AI\Dataset\!masks_for_training\48,efficientnet,EfficientNet,ok,before_entropy_norm,0.947342,float,projekt-base,C:\Coding\AI\projekt\conda_envs\base.yml,
48,C:\Coding\AI\Dataset\!masks_for_training\48,efficientnet,EfficientNet,ok,after_entropy_norm,0.947328,float,projekt-base,C:\Coding\AI\projekt\conda_envs\base.yml,
48,C:\Coding\AI\Dataset\!masks_for_training\48,efficientnet,EfficientNet,ok,before_inference_ms,0,float,projekt-base,C:\Coding\AI\projekt\conda_envs\base.yml,
48,C:\Coding\AI\Dataset\!masks_for_training\48,efficientnet,EfficientNet,ok,after_inference_ms,0,float,projekt-base,C:\Coding\AI\projekt\conda_envs\base.yml,
48,C:\Coding\AI\Dataset\!masks_for_training\48,efficientnet,EfficientNet,ok,inference_ms_total,0,float,projekt-base,C:\Coding\AI\projekt\conda_envs\base.yml,
48,C:\Coding\AI\Dataset\!masks_for_training\48,sift_ransac,SIFT + RANSAC + difference map,error,,,,projekt-base,C:\Coding\AI\projekt\conda_envs\base.yml,"ValueError: operands could not be broadcast together with shapes (4032,3024,1) (4032,3024) "
48,C:\Coding\AI\Dataset\!masks_for_training\48,siamese_unet,Siamese U-Net,error,,,,projekt-base,C:\Coding\AI\projekt\conda_envs\base.yml,"ValueError: operands could not be broadcast together with shapes (4032,3024,1) (4032,3024) "
48,C:\Coding\AI\Dataset\!masks_for_training\48,yolov8_seg,YOLOv8-seg,ok,analysis_mode,yolov8_seg_pair,str,projekt-base,C:\Coding\AI\projekt\conda_envs\base.yml,
48,C:\Coding\AI\Dataset\!masks_for_training\48,yolov8_seg,YOLOv8-seg,ok,model_name,C:\Coding\AI\projekt\weights\yolov8m_trash_finetuned.pt,str,projekt-base,C:\Coding\AI\projekt\conda_envs\base.yml,
48,C:\Coding\AI\Dataset\!masks_for_training\48,yolov8_seg,YOLOv8-seg,ok,model_source,C:\Coding\AI\projekt\weights\yolov8m_seg_best_new+fine-tune.pt,str,projekt-base,C:\Coding\AI\projekt\conda_envs\base.yml,
48,C:\Coding\AI\Dataset\!masks_for_training\48,yolov8_seg,YOLOv8-seg,ok,device_requested,auto,str,projekt-base,C:\Coding\AI\projekt\conda_envs\base.yml,
48,C:\Coding\AI\Dataset\!masks_for_training\48,yolov8_seg,YOLOv8-seg,ok,device_used,cuda,str,projekt-base,C:\Coding\AI\projekt\conda_envs\base.yml,
48,C:\Coding\AI\Dataset\!masks_for_training\48,yolov8_seg,YOLOv8-seg,ok,force_cpu,False,bool,projekt-base,C:\Coding\AI\projekt\conda_envs\base.yml,
48,C:\Coding\AI\Dataset\!masks_for_training\48,yolov8_seg,YOLOv8-seg,ok,cuda_available,True,bool,projekt-base,C:\Coding\AI\projekt\conda_envs\base.yml,
48,C:\Coding\AI\Dataset\!masks_for_training\48,yolov8_seg,YOLOv8-seg,ok,image_size,1536,int,projekt-base,C:\Coding\AI\projekt\conda_envs\base.yml,
48,C:\Coding\AI\Dataset\!masks_for_training\48,yolov8_seg,YOLOv8-seg,ok,confidence_threshold,0.35,float,projekt-base,C:\Coding\AI\projekt\conda_envs\base.yml,
48,C:\Coding\AI\Dataset\!masks_for_training\48,yolov8_seg,YOLOv8-seg,ok,iou_threshold,0.4,float,projekt-base,C:\Coding\AI\projekt\conda_envs\base.yml,
48,C:\Coding\AI\Dataset\!masks_for_training\48,yolov8_seg,YOLOv8-seg,ok,tile_inference_mode,auto,str,projekt-base,C:\Coding\AI\projekt\conda_envs\base.yml,
48,C:\Coding\AI\Dataset\!masks_for_training\48,yolov8_seg,YOLOv8-seg,ok,tile_size,640,int,projekt-base,C:\Coding\AI\projekt\conda_envs\base.yml,
48,C:\Coding\AI\Dataset\!masks_for_training\48,yolov8_seg,YOLOv8-seg,ok,tile_overlap_ratio,0.5,float,projekt-base,C:\Coding\AI\projekt\conda_envs\base.yml,
48,C:\Coding\AI\Dataset\!masks_for_training\48,yolov8_seg,YOLOv8-seg,ok,before_tile_count,108,int,projekt-base,C:\Coding\AI\projekt\conda_envs\base.yml,
48,C:\Coding\AI\Dataset\!masks_for_training\48,yolov8_seg,YOLOv8-seg,ok,after_tile_count,108,int,projekt-base,C:\Coding\AI\projekt\conda_envs\base.yml,
48,C:\Coding\AI\Dataset\!masks_for_training\48,yolov8_seg,YOLOv8-seg,ok,selected_class_count,0,int,projekt-base,C:\Coding\AI\projekt\conda_envs\base.yml,
48,C:\Coding\AI\Dataset\!masks_for_training\48,yolov8_seg,YOLOv8-seg,ok,selected_class_ids,[],list,projekt-base,C:\Coding\AI\projekt\conda_envs\base.yml,
48,C:\Coding\AI\Dataset\!masks_for_training\48,yolov8_seg,YOLOv8-seg,ok,taco_dataset_root,C:\Coding\AI\projekt\datasets\TACO,str,projekt-base,C:\Coding\AI\projekt\conda_envs\base.yml,
48,C:\Coding\AI\Dataset\!masks_for_training\48,yolov8_seg,YOLOv8-seg,ok,taco_annotations_path,C:\Coding\AI\projekt\datasets\TACO\data\annotations.json,str,projekt-base,C:\Coding\AI\projekt\conda_envs\base.yml,
48,C:\Coding\AI\Dataset\!masks_for_training\48,yolov8_seg,YOLOv8-seg,ok,taco_export_root,C:\Coding\AI\projekt\datasets\TACO\yolo_seg,str,projekt-base,C:\Coding\AI\projekt\conda_envs\base.yml,
48,C:\Coding\AI\Dataset\!masks_for_training\48,yolov8_seg,YOLOv8-seg,ok,taco_data_yaml,C:\Coding\AI\projekt\datasets\TACO\yolo_seg\data.yaml,str,projekt-base,C:\Coding\AI\projekt\conda_envs\base.yml,
48,C:\Coding\AI\Dataset\!masks_for_training\48,yolov8_seg,YOLOv8-seg,ok,taco_source_images,1500,int,projekt-base,C:\Coding\AI\projekt\conda_envs\base.yml,
48,C:\Coding\AI\Dataset\!masks_for_training\48,yolov8_seg,YOLOv8-seg,ok,taco_exported_images,1500,int,projekt-base,C:\Coding\AI\projekt\conda_envs\base.yml,
48,C:\Coding\AI\Dataset\!masks_for_training\48,yolov8_seg,YOLOv8-seg,ok,taco_exported_labels,1500,int,projekt-base,C:\Coding\AI\projekt\conda_envs\base.yml,
48,C:\Coding\AI\Dataset\!masks_for_training\48,yolov8_seg,YOLOv8-seg,ok,taco_skipped_missing_images,0,int,projekt-base,C:\Coding\AI\projekt\conda_envs\base.yml,
48,C:\Coding\AI\Dataset\!masks_for_training\48,yolov8_seg,YOLOv8-seg,ok,taco_skipped_invalid_polygons,0,int,projekt-base,C:\Coding\AI\projekt\conda_envs\base.yml,
48,C:\Coding\AI\Dataset\!masks_for_training\48,yolov8_seg,YOLOv8-seg,ok,before_instance_count,8,int,projekt-base,C:\Coding\AI\projekt\conda_envs\base.yml,
48,C:\Coding\AI\Dataset\!masks_for_training\48,yolov8_seg,YOLOv8-seg,ok,after_instance_count,10,int,projekt-base,C:\Coding\AI\projekt\conda_envs\base.yml,
48,C:\Coding\AI\Dataset\!masks_for_training\48,yolov8_seg,YOLOv8-seg,ok,instance_count_total,18,int,projekt-base,C:\Coding\AI\projekt\conda_envs\base.yml,
48,C:\Coding\AI\Dataset\!masks_for_training\48,yolov8_seg,YOLOv8-seg,ok,before_mask_area_px,26409,int,projekt-base,C:\Coding\AI\projekt\conda_envs\base.yml,
48,C:\Coding\AI\Dataset\!masks_for_training\48,yolov8_seg,YOLOv8-seg,ok,after_mask_area_px,8003,int,projekt-base,C:\Coding\AI\projekt\conda_envs\base.yml,
48,C:\Coding\AI\Dataset\!masks_for_training\48,yolov8_seg,YOLOv8-seg,ok,before_mask_area_ratio,0.002166,float,projekt-base,C:\Coding\AI\projekt\conda_envs\base.yml,
48,C:\Coding\AI\Dataset\!masks_for_training\48,yolov8_seg,YOLOv8-seg,ok,after_mask_area_ratio,0.000656,float,projekt-base,C:\Coding\AI\projekt\conda_envs\base.yml,
48,C:\Coding\AI\Dataset\!masks_for_training\48,yolov8_seg,YOLOv8-seg,ok,mask_area_delta_px,-18406,int,projekt-base,C:\Coding\AI\projekt\conda_envs\base.yml,
48,C:\Coding\AI\Dataset\!masks_for_training\48,yolov8_seg,YOLOv8-seg,ok,mask_area_delta_ratio,-0.00151,float,projekt-base,C:\Coding\AI\projekt\conda_envs\base.yml,
48,C:\Coding\AI\Dataset\!masks_for_training\48,yolov8_seg,YOLOv8-seg,ok,before_bbox_area_px,80841,int,projekt-base,C:\Coding\AI\projekt\conda_envs\base.yml,
48,C:\Coding\AI\Dataset\!masks_for_training\48,yolov8_seg,YOLOv8-seg,ok,after_bbox_area_px,11428,int,projekt-base,C:\Coding\AI\projekt\conda_envs\base.yml,
48,C:\Coding\AI\Dataset\!masks_for_training\48,yolov8_seg,YOLOv8-seg,ok,before_mean_confidence,0.533656,float,projekt-base,C:\Coding\AI\projekt\conda_envs\base.yml,
48,C:\Coding\AI\Dataset\!masks_for_training\48,yolov8_seg,YOLOv8-seg,ok,after_mean_confidence,0.483729,float,projekt-base,C:\Coding\AI\projekt\conda_envs\base.yml,
48,C:\Coding\AI\Dataset\!masks_for_training\48,yolov8_seg,YOLOv8-seg,ok,before_inference_ms,2937.9,float,projekt-base,C:\Coding\AI\projekt\conda_envs\base.yml,
48,C:\Coding\AI\Dataset\!masks_for_training\48,yolov8_seg,YOLOv8-seg,ok,after_inference_ms,3077.83,float,projekt-base,C:\Coding\AI\projekt\conda_envs\base.yml,
48,C:\Coding\AI\Dataset\!masks_for_training\48,yolov8_seg,YOLOv8-seg,ok,inference_ms_total,6015.73,float,projekt-base,C:\Coding\AI\projekt\conda_envs\base.yml,
49,C:\Coding\AI\Dataset\!masks_for_training\49,changeformer,ChangeFormer,error,,,,projekt-base,C:\Coding\AI\projekt\conda_envs\base.yml,"ValueError: operands could not be broadcast together with shapes (4032,3024,1) (4032,3024) "
49,C:\Coding\AI\Dataset\!masks_for_training\49,efficientnet,EfficientNet,ok,analysis_mode,efficientnet_cls_pair,str,projekt-base,C:\Coding\AI\projekt\conda_envs\base.yml,
49,C:\Coding\AI\Dataset\!masks_for_training\49,efficientnet,EfficientNet,ok,inference_mode,heuristic_fallback,str,projekt-base,C:\Coding\AI\projekt\conda_envs\base.yml,
49,C:\Coding\AI\Dataset\!masks_for_training\49,efficientnet,EfficientNet,ok,model_name,efficientnet_b0,str,projekt-base,C:\Coding\AI\projekt\conda_envs\base.yml,
49,C:\Coding\AI\Dataset\!masks_for_training\49,efficientnet,EfficientNet,ok,model_source,None,str,projekt-base,C:\Coding\AI\projekt\conda_envs\base.yml,
49,C:\Coding\AI\Dataset\!masks_for_training\49,efficientnet,EfficientNet,ok,weights_path,C:\Coding\AI\projekt\weights\efficientnet_best.pt,str,projekt-base,C:\Coding\AI\projekt\conda_envs\base.yml,
49,C:\Coding\AI\Dataset\!masks_for_training\49,efficientnet,EfficientNet,ok,device_requested,auto,str,projekt-base,C:\Coding\AI\projekt\conda_envs\base.yml,
49,C:\Coding\AI\Dataset\!masks_for_training\49,efficientnet,EfficientNet,ok,device_used,cpu,str,projekt-base,C:\Coding\AI\projekt\conda_envs\base.yml,
49,C:\Coding\AI\Dataset\!masks_for_training\49,efficientnet,EfficientNet,ok,force_cpu,False,bool,projekt-base,C:\Coding\AI\projekt\conda_envs\base.yml,
49,C:\Coding\AI\Dataset\!masks_for_training\49,efficientnet,EfficientNet,ok,cuda_available,True,bool,projekt-base,C:\Coding\AI\projekt\conda_envs\base.yml,
49,C:\Coding\AI\Dataset\!masks_for_training\49,efficientnet,EfficientNet,ok,input_size,224,int,projekt-base,C:\Coding\AI\projekt\conda_envs\base.yml,
49,C:\Coding\AI\Dataset\!masks_for_training\49,efficientnet,EfficientNet,ok,dirty_threshold,0.42,float,projekt-base,C:\Coding\AI\projekt\conda_envs\base.yml,
49,C:\Coding\AI\Dataset\!masks_for_training\49,efficientnet,EfficientNet,ok,dirty_keyword_classes,2,int,projekt-base,C:\Coding\AI\projekt\conda_envs\base.yml,
49,C:\Coding\AI\Dataset\!masks_for_training\49,efficientnet,EfficientNet,ok,before_crop_count,6,int,projekt-base,C:\Coding\AI\projekt\conda_envs\base.yml,
49,C:\Coding\AI\Dataset\!masks_for_training\49,efficientnet,EfficientNet,ok,after_crop_count,6,int,projekt-base,C:\Coding\AI\projekt\conda_envs\base.yml,
49,C:\Coding\AI\Dataset\!masks_for_training\49,efficientnet,EfficientNet,ok,before_crop_dirty_prob_mean,0.641052,float,projekt-base,C:\Coding\AI\projekt\conda_envs\base.yml,
49,C:\Coding\AI\Dataset\!masks_for_training\49,efficientnet,EfficientNet,ok,after_crop_dirty_prob_mean,0.650821,float,projekt-base,C:\Coding\AI\projekt\conda_envs\base.yml,
49,C:\Coding\AI\Dataset\!masks_for_training\49,efficientnet,EfficientNet,ok,before_crop_dirty_prob_max,0.649833,float,projekt-base,C:\Coding\AI\projekt\conda_envs\base.yml,
49,C:\Coding\AI\Dataset\!masks_for_training\49,efficientnet,EfficientNet,ok,after_crop_dirty_prob_max,0.663711,float,projekt-base,C:\Coding\AI\projekt\conda_envs\base.yml,
49,C:\Coding\AI\Dataset\!masks_for_training\49,efficientnet,EfficientNet,ok,before_crop_support_ratio,1,float,projekt-base,C:\Coding\AI\projekt\conda_envs\base.yml,
49,C:\Coding\AI\Dataset\!masks_for_training\49,efficientnet,EfficientNet,ok,after_crop_support_ratio,1,float,projekt-base,C:\Coding\AI\projekt\conda_envs\base.yml,
49,C:\Coding\AI\Dataset\!masks_for_training\49,efficientnet,EfficientNet,ok,before_dirty_prob,0.647374,float,projekt-base,C:\Coding\AI\projekt\conda_envs\base.yml,
49,C:\Coding\AI\Dataset\!masks_for_training\49,efficientnet,EfficientNet,ok,after_dirty_prob,0.660102,float,projekt-base,C:\Coding\AI\projekt\conda_envs\base.yml,
49,C:\Coding\AI\Dataset\!masks_for_training\49,efficientnet,EfficientNet,ok,before_clean_prob,0.352626,float,projekt-base,C:\Coding\AI\projekt\conda_envs\base.yml,
49,C:\Coding\AI\Dataset\!masks_for_training\49,efficientnet,EfficientNet,ok,after_clean_prob,0.339898,float,projekt-base,C:\Coding\AI\projekt\conda_envs\base.yml,
49,C:\Coding\AI\Dataset\!masks_for_training\49,efficientnet,EfficientNet,ok,cleanup_delta,-0.012728,float,projekt-base,C:\Coding\AI\projekt\conda_envs\base.yml,
49,C:\Coding\AI\Dataset\!masks_for_training\49,efficientnet,EfficientNet,ok,cleanup_score,0,float,projekt-base,C:\Coding\AI\projekt\conda_envs\base.yml,
49,C:\Coding\AI\Dataset\!masks_for_training\49,efficientnet,EfficientNet,ok,dirty_prob_delta,0.012728,float,projekt-base,C:\Coding\AI\projekt\conda_envs\base.yml,
49,C:\Coding\AI\Dataset\!masks_for_training\49,efficientnet,EfficientNet,ok,dirty_prob_abs_delta,0.012728,float,projekt-base,C:\Coding\AI\projekt\conda_envs\base.yml,
49,C:\Coding\AI\Dataset\!masks_for_training\49,efficientnet,EfficientNet,ok,before_pred_label,dirty,str,projekt-base,C:\Coding\AI\projekt\conda_envs\base.yml,
49,C:\Coding\AI\Dataset\!masks_for_training\49,efficientnet,EfficientNet,ok,after_pred_label,dirty,str,projekt-base,C:\Coding\AI\projekt\conda_envs\base.yml,
49,C:\Coding\AI\Dataset\!masks_for_training\49,efficientnet,EfficientNet,ok,before_top1_label,dirty,str,projekt-base,C:\Coding\AI\projekt\conda_envs\base.yml,
49,C:\Coding\AI\Dataset\!masks_for_training\49,efficientnet,EfficientNet,ok,after_top1_label,dirty,str,projekt-base,C:\Coding\AI\projekt\conda_envs\base.yml,
49,C:\Coding\AI\Dataset\!masks_for_training\49,efficientnet,EfficientNet,ok,before_top1_prob,0.649833,float,projekt-base,C:\Coding\AI\projekt\conda_envs\base.yml,
49,C:\Coding\AI\Dataset\!masks_for_training\49,efficientnet,EfficientNet,ok,after_top1_prob,0.663711,float,projekt-base,C:\Coding\AI\projekt\conda_envs\base.yml,
49,C:\Coding\AI\Dataset\!masks_for_training\49,efficientnet,EfficientNet,ok,before_entropy_norm,0.941453,float,projekt-base,C:\Coding\AI\projekt\conda_envs\base.yml,
49,C:\Coding\AI\Dataset\!masks_for_training\49,efficientnet,EfficientNet,ok,after_entropy_norm,0.932986,float,projekt-base,C:\Coding\AI\projekt\conda_envs\base.yml,
49,C:\Coding\AI\Dataset\!masks_for_training\49,efficientnet,EfficientNet,ok,before_inference_ms,0,float,projekt-base,C:\Coding\AI\projekt\conda_envs\base.yml,
49,C:\Coding\AI\Dataset\!masks_for_training\49,efficientnet,EfficientNet,ok,after_inference_ms,0,float,projekt-base,C:\Coding\AI\projekt\conda_envs\base.yml,
49,C:\Coding\AI\Dataset\!masks_for_training\49,efficientnet,EfficientNet,ok,inference_ms_total,0,float,projekt-base,C:\Coding\AI\projekt\conda_envs\base.yml,
49,C:\Coding\AI\Dataset\!masks_for_training\49,sift_ransac,SIFT + RANSAC + difference map,error,,,,projekt-base,C:\Coding\AI\projekt\conda_envs\base.yml,"ValueError: operands could not be broadcast together with shapes (4032,3024,1) (4032,3024) "
49,C:\Coding\AI\Dataset\!masks_for_training\49,siamese_unet,Siamese U-Net,error,,,,projekt-base,C:\Coding\AI\projekt\conda_envs\base.yml,"ValueError: operands could not be broadcast together with shapes (4032,3024,1) (4032,3024) "
49,C:\Coding\AI\Dataset\!masks_for_training\49,yolov8_seg,YOLOv8-seg,ok,analysis_mode,yolov8_seg_pair,str,projekt-base,C:\Coding\AI\projekt\conda_envs\base.yml,
49,C:\Coding\AI\Dataset\!masks_for_training\49,yolov8_seg,YOLOv8-seg,ok,model_name,C:\Coding\AI\projekt\weights\yolov8m_trash_finetuned.pt,str,projekt-base,C:\Coding\AI\projekt\conda_envs\base.yml,
49,C:\Coding\AI\Dataset\!masks_for_training\49,yolov8_seg,YOLOv8-seg,ok,model_source,C:\Coding\AI\projekt\weights\yolov8m_seg_best_new+fine-tune.pt,str,projekt-base,C:\Coding\AI\projekt\conda_envs\base.yml,
49,C:\Coding\AI\Dataset\!masks_for_training\49,yolov8_seg,YOLOv8-seg,ok,device_requested,auto,str,projekt-base,C:\Coding\AI\projekt\conda_envs\base.yml,
49,C:\Coding\AI\Dataset\!masks_for_training\49,yolov8_seg,YOLOv8-seg,ok,device_used,cuda,str,projekt-base,C:\Coding\AI\projekt\conda_envs\base.yml,
49,C:\Coding\AI\Dataset\!masks_for_training\49,yolov8_seg,YOLOv8-seg,ok,force_cpu,False,bool,projekt-base,C:\Coding\AI\projekt\conda_envs\base.yml,
49,C:\Coding\AI\Dataset\!masks_for_training\49,yolov8_seg,YOLOv8-seg,ok,cuda_available,True,bool,projekt-base,C:\Coding\AI\projekt\conda_envs\base.yml,
49,C:\Coding\AI\Dataset\!masks_for_training\49,yolov8_seg,YOLOv8-seg,ok,image_size,1536,int,projekt-base,C:\Coding\AI\projekt\conda_envs\base.yml,
49,C:\Coding\AI\Dataset\!masks_for_training\49,yolov8_seg,YOLOv8-seg,ok,confidence_threshold,0.35,float,projekt-base,C:\Coding\AI\projekt\conda_envs\base.yml,
49,C:\Coding\AI\Dataset\!masks_for_training\49,yolov8_seg,YOLOv8-seg,ok,iou_threshold,0.4,float,projekt-base,C:\Coding\AI\projekt\conda_envs\base.yml,
49,C:\Coding\AI\Dataset\!masks_for_training\49,yolov8_seg,YOLOv8-seg,ok,tile_inference_mode,auto,str,projekt-base,C:\Coding\AI\projekt\conda_envs\base.yml,
49,C:\Coding\AI\Dataset\!masks_for_training\49,yolov8_seg,YOLOv8-seg,ok,tile_size,640,int,projekt-base,C:\Coding\AI\projekt\conda_envs\base.yml,
49,C:\Coding\AI\Dataset\!masks_for_training\49,yolov8_seg,YOLOv8-seg,ok,tile_overlap_ratio,0.5,float,projekt-base,C:\Coding\AI\projekt\conda_envs\base.yml,
49,C:\Coding\AI\Dataset\!masks_for_training\49,yolov8_seg,YOLOv8-seg,ok,before_tile_count,108,int,projekt-base,C:\Coding\AI\projekt\conda_envs\base.yml,
49,C:\Coding\AI\Dataset\!masks_for_training\49,yolov8_seg,YOLOv8-seg,ok,after_tile_count,108,int,projekt-base,C:\Coding\AI\projekt\conda_envs\base.yml,
49,C:\Coding\AI\Dataset\!masks_for_training\49,yolov8_seg,YOLOv8-seg,ok,selected_class_count,0,int,projekt-base,C:\Coding\AI\projekt\conda_envs\base.yml,
49,C:\Coding\AI\Dataset\!masks_for_training\49,yolov8_seg,YOLOv8-seg,ok,selected_class_ids,[],list,projekt-base,C:\Coding\AI\projekt\conda_envs\base.yml,
49,C:\Coding\AI\Dataset\!masks_for_training\49,yolov8_seg,YOLOv8-seg,ok,taco_dataset_root,C:\Coding\AI\projekt\datasets\TACO,str,projekt-base,C:\Coding\AI\projekt\conda_envs\base.yml,
49,C:\Coding\AI\Dataset\!masks_for_training\49,yolov8_seg,YOLOv8-seg,ok,taco_annotations_path,C:\Coding\AI\projekt\datasets\TACO\data\annotations.json,str,projekt-base,C:\Coding\AI\projekt\conda_envs\base.yml,
49,C:\Coding\AI\Dataset\!masks_for_training\49,yolov8_seg,YOLOv8-seg,ok,taco_export_root,C:\Coding\AI\projekt\datasets\TACO\yolo_seg,str,projekt-base,C:\Coding\AI\projekt\conda_envs\base.yml,
49,C:\Coding\AI\Dataset\!masks_for_training\49,yolov8_seg,YOLOv8-seg,ok,taco_data_yaml,C:\Coding\AI\projekt\datasets\TACO\yolo_seg\data.yaml,str,projekt-base,C:\Coding\AI\projekt\conda_envs\base.yml,
49,C:\Coding\AI\Dataset\!masks_for_training\49,yolov8_seg,YOLOv8-seg,ok,taco_source_images,1500,int,projekt-base,C:\Coding\AI\projekt\conda_envs\base.yml,
49,C:\Coding\AI\Dataset\!masks_for_training\49,yolov8_seg,YOLOv8-seg,ok,taco_exported_images,1500,int,projekt-base,C:\Coding\AI\projekt\conda_envs\base.yml,
49,C:\Coding\AI\Dataset\!masks_for_training\49,yolov8_seg,YOLOv8-seg,ok,taco_exported_labels,1500,int,projekt-base,C:\Coding\AI\projekt\conda_envs\base.yml,
49,C:\Coding\AI\Dataset\!masks_for_training\49,yolov8_seg,YOLOv8-seg,ok,taco_skipped_missing_images,0,int,projekt-base,C:\Coding\AI\projekt\conda_envs\base.yml,
49,C:\Coding\AI\Dataset\!masks_for_training\49,yolov8_seg,YOLOv8-seg,ok,taco_skipped_invalid_polygons,0,int,projekt-base,C:\Coding\AI\projekt\conda_envs\base.yml,
49,C:\Coding\AI\Dataset\!masks_for_training\49,yolov8_seg,YOLOv8-seg,ok,before_instance_count,30,int,projekt-base,C:\Coding\AI\projekt\conda_envs\base.yml,
49,C:\Coding\AI\Dataset\!masks_for_training\49,yolov8_seg,YOLOv8-seg,ok,after_instance_count,22,int,projekt-base,C:\Coding\AI\projekt\conda_envs\base.yml,
49,C:\Coding\AI\Dataset\!masks_for_training\49,yolov8_seg,YOLOv8-seg,ok,instance_count_total,52,int,projekt-base,C:\Coding\AI\projekt\conda_envs\base.yml,
49,C:\Coding\AI\Dataset\!masks_for_training\49,yolov8_seg,YOLOv8-seg,ok,before_mask_area_px,122566,int,projekt-base,C:\Coding\AI\projekt\conda_envs\base.yml,
49,C:\Coding\AI\Dataset\!masks_for_training\49,yolov8_seg,YOLOv8-seg,ok,after_mask_area_px,142807,int,projekt-base,C:\Coding\AI\projekt\conda_envs\base.yml,
49,C:\Coding\AI\Dataset\!masks_for_training\49,yolov8_seg,YOLOv8-seg,ok,before_mask_area_ratio,0.010052,float,projekt-base,C:\Coding\AI\projekt\conda_envs\base.yml,
49,C:\Coding\AI\Dataset\!masks_for_training\49,yolov8_seg,YOLOv8-seg,ok,after_mask_area_ratio,0.011712,float,projekt-base,C:\Coding\AI\projekt\conda_envs\base.yml,
49,C:\Coding\AI\Dataset\!masks_for_training\49,yolov8_seg,YOLOv8-seg,ok,mask_area_delta_px,20241,int,projekt-base,C:\Coding\AI\projekt\conda_envs\base.yml,
49,C:\Coding\AI\Dataset\!masks_for_training\49,yolov8_seg,YOLOv8-seg,ok,mask_area_delta_ratio,0.00166,float,projekt-base,C:\Coding\AI\projekt\conda_envs\base.yml,
49,C:\Coding\AI\Dataset\!masks_for_training\49,yolov8_seg,YOLOv8-seg,ok,before_bbox_area_px,346648,int,projekt-base,C:\Coding\AI\projekt\conda_envs\base.yml,
49,C:\Coding\AI\Dataset\!masks_for_training\49,yolov8_seg,YOLOv8-seg,ok,after_bbox_area_px,279257,int,projekt-base,C:\Coding\AI\projekt\conda_envs\base.yml,
49,C:\Coding\AI\Dataset\!masks_for_training\49,yolov8_seg,YOLOv8-seg,ok,before_mean_confidence,0.490013,float,projekt-base,C:\Coding\AI\projekt\conda_envs\base.yml,
49,C:\Coding\AI\Dataset\!masks_for_training\49,yolov8_seg,YOLOv8-seg,ok,after_mean_confidence,0.466986,float,projekt-base,C:\Coding\AI\projekt\conda_envs\base.yml,
49,C:\Coding\AI\Dataset\!masks_for_training\49,yolov8_seg,YOLOv8-seg,ok,before_inference_ms,2888.31,float,projekt-base,C:\Coding\AI\projekt\conda_envs\base.yml,
49,C:\Coding\AI\Dataset\!masks_for_training\49,yolov8_seg,YOLOv8-seg,ok,after_inference_ms,3161.75,float,projekt-base,C:\Coding\AI\projekt\conda_envs\base.yml,
49,C:\Coding\AI\Dataset\!masks_for_training\49,yolov8_seg,YOLOv8-seg,ok,inference_ms_total,6050.06,float,projekt-base,C:\Coding\AI\projekt\conda_envs\base.yml,
5,C:\Coding\AI\Dataset\!masks_for_training\5,changeformer,ChangeFormer,error,,,,projekt-base,C:\Coding\AI\projekt\conda_envs\base.yml,"ValueError: operands could not be broadcast together with shapes (1440,1080,1) (1440,1080) "
5,C:\Coding\AI\Dataset\!masks_for_training\5,efficientnet,EfficientNet,ok,analysis_mode,efficientnet_cls_pair,str,projekt-base,C:\Coding\AI\projekt\conda_envs\base.yml,
5,C:\Coding\AI\Dataset\!masks_for_training\5,efficientnet,EfficientNet,ok,inference_mode,heuristic_fallback,str,projekt-base,C:\Coding\AI\projekt\conda_envs\base.yml,
5,C:\Coding\AI\Dataset\!masks_for_training\5,efficientnet,EfficientNet,ok,model_name,efficientnet_b0,str,projekt-base,C:\Coding\AI\projekt\conda_envs\base.yml,
5,C:\Coding\AI\Dataset\!masks_for_training\5,efficientnet,EfficientNet,ok,model_source,None,str,projekt-base,C:\Coding\AI\projekt\conda_envs\base.yml,
5,C:\Coding\AI\Dataset\!masks_for_training\5,efficientnet,EfficientNet,ok,weights_path,C:\Coding\AI\projekt\weights\efficientnet_best.pt,str,projekt-base,C:\Coding\AI\projekt\conda_envs\base.yml,
5,C:\Coding\AI\Dataset\!masks_for_training\5,efficientnet,EfficientNet,ok,device_requested,auto,str,projekt-base,C:\Coding\AI\projekt\conda_envs\base.yml,
5,C:\Coding\AI\Dataset\!masks_for_training\5,efficientnet,EfficientNet,ok,device_used,cpu,str,projekt-base,C:\Coding\AI\projekt\conda_envs\base.yml,
5,C:\Coding\AI\Dataset\!masks_for_training\5,efficientnet,EfficientNet,ok,force_cpu,False,bool,projekt-base,C:\Coding\AI\projekt\conda_envs\base.yml,
5,C:\Coding\AI\Dataset\!masks_for_training\5,efficientnet,EfficientNet,ok,cuda_available,True,bool,projekt-base,C:\Coding\AI\projekt\conda_envs\base.yml,
5,C:\Coding\AI\Dataset\!masks_for_training\5,efficientnet,EfficientNet,ok,input_size,224,int,projekt-base,C:\Coding\AI\projekt\conda_envs\base.yml,
5,C:\Coding\AI\Dataset\!masks_for_training\5,efficientnet,EfficientNet,ok,dirty_threshold,0.42,float,projekt-base,C:\Coding\AI\projekt\conda_envs\base.yml,
5,C:\Coding\AI\Dataset\!masks_for_training\5,efficientnet,EfficientNet,ok,dirty_keyword_classes,2,int,projekt-base,C:\Coding\AI\projekt\conda_envs\base.yml,
5,C:\Coding\AI\Dataset\!masks_for_training\5,efficientnet,EfficientNet,ok,before_crop_count,6,int,projekt-base,C:\Coding\AI\projekt\conda_envs\base.yml,
5,C:\Coding\AI\Dataset\!masks_for_training\5,efficientnet,EfficientNet,ok,after_crop_count,6,int,projekt-base,C:\Coding\AI\projekt\conda_envs\base.yml,
5,C:\Coding\AI\Dataset\!masks_for_training\5,efficientnet,EfficientNet,ok,before_crop_dirty_prob_mean,0.689649,float,projekt-base,C:\Coding\AI\projekt\conda_envs\base.yml,
5,C:\Coding\AI\Dataset\!masks_for_training\5,efficientnet,EfficientNet,ok,after_crop_dirty_prob_mean,0.681675,float,projekt-base,C:\Coding\AI\projekt\conda_envs\base.yml,
5,C:\Coding\AI\Dataset\!masks_for_training\5,efficientnet,EfficientNet,ok,before_crop_dirty_prob_max,0.707847,float,projekt-base,C:\Coding\AI\projekt\conda_envs\base.yml,
5,C:\Coding\AI\Dataset\!masks_for_training\5,efficientnet,EfficientNet,ok,after_crop_dirty_prob_max,0.708168,float,projekt-base,C:\Coding\AI\projekt\conda_envs\base.yml,
5,C:\Coding\AI\Dataset\!masks_for_training\5,efficientnet,EfficientNet,ok,before_crop_support_ratio,1,float,projekt-base,C:\Coding\AI\projekt\conda_envs\base.yml,
5,C:\Coding\AI\Dataset\!masks_for_training\5,efficientnet,EfficientNet,ok,after_crop_support_ratio,1,float,projekt-base,C:\Coding\AI\projekt\conda_envs\base.yml,
5,C:\Coding\AI\Dataset\!masks_for_training\5,efficientnet,EfficientNet,ok,before_dirty_prob,0.702752,float,projekt-base,C:\Coding\AI\projekt\conda_envs\base.yml,
5,C:\Coding\AI\Dataset\!masks_for_training\5,efficientnet,EfficientNet,ok,after_dirty_prob,0.70075,float,projekt-base,C:\Coding\AI\projekt\conda_envs\base.yml,
5,C:\Coding\AI\Dataset\!masks_for_training\5,efficientnet,EfficientNet,ok,before_clean_prob,0.297248,float,projekt-base,C:\Coding\AI\projekt\conda_envs\base.yml,
5,C:\Coding\AI\Dataset\!masks_for_training\5,efficientnet,EfficientNet,ok,after_clean_prob,0.29925,float,projekt-base,C:\Coding\AI\projekt\conda_envs\base.yml,
5,C:\Coding\AI\Dataset\!masks_for_training\5,efficientnet,EfficientNet,ok,cleanup_delta,0.002001,float,projekt-base,C:\Coding\AI\projekt\conda_envs\base.yml,
5,C:\Coding\AI\Dataset\!masks_for_training\5,efficientnet,EfficientNet,ok,cleanup_score,0.002001,float,projekt-base,C:\Coding\AI\projekt\conda_envs\base.yml,
5,C:\Coding\AI\Dataset\!masks_for_training\5,efficientnet,EfficientNet,ok,dirty_prob_delta,-0.002001,float,projekt-base,C:\Coding\AI\projekt\conda_envs\base.yml,
5,C:\Coding\AI\Dataset\!masks_for_training\5,efficientnet,EfficientNet,ok,dirty_prob_abs_delta,0.002001,float,projekt-base,C:\Coding\AI\projekt\conda_envs\base.yml,
5,C:\Coding\AI\Dataset\!masks_for_training\5,efficientnet,EfficientNet,ok,before_pred_label,dirty,str,projekt-base,C:\Coding\AI\projekt\conda_envs\base.yml,
5,C:\Coding\AI\Dataset\!masks_for_training\5,efficientnet,EfficientNet,ok,after_pred_label,dirty,str,projekt-base,C:\Coding\AI\projekt\conda_envs\base.yml,
5,C:\Coding\AI\Dataset\!masks_for_training\5,efficientnet,EfficientNet,ok,before_top1_label,dirty,str,projekt-base,C:\Coding\AI\projekt\conda_envs\base.yml,
5,C:\Coding\AI\Dataset\!masks_for_training\5,efficientnet,EfficientNet,ok,after_top1_label,dirty,str,projekt-base,C:\Coding\AI\projekt\conda_envs\base.yml,
5,C:\Coding\AI\Dataset\!masks_for_training\5,efficientnet,EfficientNet,ok,before_top1_prob,0.707847,float,projekt-base,C:\Coding\AI\projekt\conda_envs\base.yml,
5,C:\Coding\AI\Dataset\!masks_for_training\5,efficientnet,EfficientNet,ok,after_top1_prob,0.708168,float,projekt-base,C:\Coding\AI\projekt\conda_envs\base.yml,
5,C:\Coding\AI\Dataset\!masks_for_training\5,efficientnet,EfficientNet,ok,before_entropy_norm,0.892008,float,projekt-base,C:\Coding\AI\projekt\conda_envs\base.yml,
5,C:\Coding\AI\Dataset\!masks_for_training\5,efficientnet,EfficientNet,ok,after_entropy_norm,0.900437,float,projekt-base,C:\Coding\AI\projekt\conda_envs\base.yml,
5,C:\Coding\AI\Dataset\!masks_for_training\5,efficientnet,EfficientNet,ok,before_inference_ms,0,float,projekt-base,C:\Coding\AI\projekt\conda_envs\base.yml,
5,C:\Coding\AI\Dataset\!masks_for_training\5,efficientnet,EfficientNet,ok,after_inference_ms,0,float,projekt-base,C:\Coding\AI\projekt\conda_envs\base.yml,
5,C:\Coding\AI\Dataset\!masks_for_training\5,efficientnet,EfficientNet,ok,inference_ms_total,0,float,projekt-base,C:\Coding\AI\projekt\conda_envs\base.yml,
5,C:\Coding\AI\Dataset\!masks_for_training\5,sift_ransac,SIFT + RANSAC + difference map,error,,,,projekt-base,C:\Coding\AI\projekt\conda_envs\base.yml,"ValueError: operands could not be broadcast together with shapes (1440,1080,1) (1440,1080) "
5,C:\Coding\AI\Dataset\!masks_for_training\5,siamese_unet,Siamese U-Net,error,,,,projekt-base,C:\Coding\AI\projekt\conda_envs\base.yml,"ValueError: operands could not be broadcast together with shapes (1440,1080,1) (1440,1080) "
5,C:\Coding\AI\Dataset\!masks_for_training\5,yolov8_seg,YOLOv8-seg,ok,analysis_mode,yolov8_seg_pair,str,projekt-base,C:\Coding\AI\projekt\conda_envs\base.yml,
5,C:\Coding\AI\Dataset\!masks_for_training\5,yolov8_seg,YOLOv8-seg,ok,model_name,C:\Coding\AI\projekt\weights\yolov8m_trash_finetuned.pt,str,projekt-base,C:\Coding\AI\projekt\conda_envs\base.yml,
5,C:\Coding\AI\Dataset\!masks_for_training\5,yolov8_seg,YOLOv8-seg,ok,model_source,C:\Coding\AI\projekt\weights\yolov8m_seg_best_new+fine-tune.pt,str,projekt-base,C:\Coding\AI\projekt\conda_envs\base.yml,
5,C:\Coding\AI\Dataset\!masks_for_training\5,yolov8_seg,YOLOv8-seg,ok,device_requested,auto,str,projekt-base,C:\Coding\AI\projekt\conda_envs\base.yml,
5,C:\Coding\AI\Dataset\!masks_for_training\5,yolov8_seg,YOLOv8-seg,ok,device_used,cuda,str,projekt-base,C:\Coding\AI\projekt\conda_envs\base.yml,
5,C:\Coding\AI\Dataset\!masks_for_training\5,yolov8_seg,YOLOv8-seg,ok,force_cpu,False,bool,projekt-base,C:\Coding\AI\projekt\conda_envs\base.yml,
5,C:\Coding\AI\Dataset\!masks_for_training\5,yolov8_seg,YOLOv8-seg,ok,cuda_available,True,bool,projekt-base,C:\Coding\AI\projekt\conda_envs\base.yml,
5,C:\Coding\AI\Dataset\!masks_for_training\5,yolov8_seg,YOLOv8-seg,ok,image_size,1536,int,projekt-base,C:\Coding\AI\projekt\conda_envs\base.yml,
5,C:\Coding\AI\Dataset\!masks_for_training\5,yolov8_seg,YOLOv8-seg,ok,confidence_threshold,0.35,float,projekt-base,C:\Coding\AI\projekt\conda_envs\base.yml,
5,C:\Coding\AI\Dataset\!masks_for_training\5,yolov8_seg,YOLOv8-seg,ok,iou_threshold,0.4,float,projekt-base,C:\Coding\AI\projekt\conda_envs\base.yml,
5,C:\Coding\AI\Dataset\!masks_for_training\5,yolov8_seg,YOLOv8-seg,ok,tile_inference_mode,auto,str,projekt-base,C:\Coding\AI\projekt\conda_envs\base.yml,
5,C:\Coding\AI\Dataset\!masks_for_training\5,yolov8_seg,YOLOv8-seg,ok,tile_size,640,int,projekt-base,C:\Coding\AI\projekt\conda_envs\base.yml,
5,C:\Coding\AI\Dataset\!masks_for_training\5,yolov8_seg,YOLOv8-seg,ok,tile_overlap_ratio,0.5,float,projekt-base,C:\Coding\AI\projekt\conda_envs\base.yml,
5,C:\Coding\AI\Dataset\!masks_for_training\5,yolov8_seg,YOLOv8-seg,ok,before_tile_count,12,int,projekt-base,C:\Coding\AI\projekt\conda_envs\base.yml,
5,C:\Coding\AI\Dataset\!masks_for_training\5,yolov8_seg,YOLOv8-seg,ok,after_tile_count,12,int,projekt-base,C:\Coding\AI\projekt\conda_envs\base.yml,
5,C:\Coding\AI\Dataset\!masks_for_training\5,yolov8_seg,YOLOv8-seg,ok,selected_class_count,0,int,projekt-base,C:\Coding\AI\projekt\conda_envs\base.yml,
5,C:\Coding\AI\Dataset\!masks_for_training\5,yolov8_seg,YOLOv8-seg,ok,selected_class_ids,[],list,projekt-base,C:\Coding\AI\projekt\conda_envs\base.yml,
5,C:\Coding\AI\Dataset\!masks_for_training\5,yolov8_seg,YOLOv8-seg,ok,taco_dataset_root,C:\Coding\AI\projekt\datasets\TACO,str,projekt-base,C:\Coding\AI\projekt\conda_envs\base.yml,
5,C:\Coding\AI\Dataset\!masks_for_training\5,yolov8_seg,YOLOv8-seg,ok,taco_annotations_path,C:\Coding\AI\projekt\datasets\TACO\data\annotations.json,str,projekt-base,C:\Coding\AI\projekt\conda_envs\base.yml,
5,C:\Coding\AI\Dataset\!masks_for_training\5,yolov8_seg,YOLOv8-seg,ok,taco_export_root,C:\Coding\AI\projekt\datasets\TACO\yolo_seg,str,projekt-base,C:\Coding\AI\projekt\conda_envs\base.yml,
5,C:\Coding\AI\Dataset\!masks_for_training\5,yolov8_seg,YOLOv8-seg,ok,taco_data_yaml,C:\Coding\AI\projekt\datasets\TACO\yolo_seg\data.yaml,str,projekt-base,C:\Coding\AI\projekt\conda_envs\base.yml,
5,C:\Coding\AI\Dataset\!masks_for_training\5,yolov8_seg,YOLOv8-seg,ok,taco_source_images,1500,int,projekt-base,C:\Coding\AI\projekt\conda_envs\base.yml,
5,C:\Coding\AI\Dataset\!masks_for_training\5,yolov8_seg,YOLOv8-seg,ok,taco_exported_images,1500,int,projekt-base,C:\Coding\AI\projekt\conda_envs\base.yml,
5,C:\Coding\AI\Dataset\!masks_for_training\5,yolov8_seg,YOLOv8-seg,ok,taco_exported_labels,1500,int,projekt-base,C:\Coding\AI\projekt\conda_envs\base.yml,
5,C:\Coding\AI\Dataset\!masks_for_training\5,yolov8_seg,YOLOv8-seg,ok,taco_skipped_missing_images,0,int,projekt-base,C:\Coding\AI\projekt\conda_envs\base.yml,
5,C:\Coding\AI\Dataset\!masks_for_training\5,yolov8_seg,YOLOv8-seg,ok,taco_skipped_invalid_polygons,0,int,projekt-base,C:\Coding\AI\projekt\conda_envs\base.yml,
5,C:\Coding\AI\Dataset\!masks_for_training\5,yolov8_seg,YOLOv8-seg,ok,before_instance_count,21,int,projekt-base,C:\Coding\AI\projekt\conda_envs\base.yml,
5,C:\Coding\AI\Dataset\!masks_for_training\5,yolov8_seg,YOLOv8-seg,ok,after_instance_count,9,int,projekt-base,C:\Coding\AI\projekt\conda_envs\base.yml,
5,C:\Coding\AI\Dataset\!masks_for_training\5,yolov8_seg,YOLOv8-seg,ok,instance_count_total,30,int,projekt-base,C:\Coding\AI\projekt\conda_envs\base.yml,
5,C:\Coding\AI\Dataset\!masks_for_training\5,yolov8_seg,YOLOv8-seg,ok,before_mask_area_px,75679,int,projekt-base,C:\Coding\AI\projekt\conda_envs\base.yml,
5,C:\Coding\AI\Dataset\!masks_for_training\5,yolov8_seg,YOLOv8-seg,ok,after_mask_area_px,3850,int,projekt-base,C:\Coding\AI\projekt\conda_envs\base.yml,
5,C:\Coding\AI\Dataset\!masks_for_training\5,yolov8_seg,YOLOv8-seg,ok,before_mask_area_ratio,0.048662,float,projekt-base,C:\Coding\AI\projekt\conda_envs\base.yml,
5,C:\Coding\AI\Dataset\!masks_for_training\5,yolov8_seg,YOLOv8-seg,ok,after_mask_area_ratio,0.002476,float,projekt-base,C:\Coding\AI\projekt\conda_envs\base.yml,
5,C:\Coding\AI\Dataset\!masks_for_training\5,yolov8_seg,YOLOv8-seg,ok,mask_area_delta_px,-71829,int,projekt-base,C:\Coding\AI\projekt\conda_envs\base.yml,
5,C:\Coding\AI\Dataset\!masks_for_training\5,yolov8_seg,YOLOv8-seg,ok,mask_area_delta_ratio,-0.046186,float,projekt-base,C:\Coding\AI\projekt\conda_envs\base.yml,
5,C:\Coding\AI\Dataset\!masks_for_training\5,yolov8_seg,YOLOv8-seg,ok,before_bbox_area_px,223827,int,projekt-base,C:\Coding\AI\projekt\conda_envs\base.yml,
5,C:\Coding\AI\Dataset\!masks_for_training\5,yolov8_seg,YOLOv8-seg,ok,after_bbox_area_px,5962,int,projekt-base,C:\Coding\AI\projekt\conda_envs\base.yml,
5,C:\Coding\AI\Dataset\!masks_for_training\5,yolov8_seg,YOLOv8-seg,ok,before_mean_confidence,0.543612,float,projekt-base,C:\Coding\AI\projekt\conda_envs\base.yml,
5,C:\Coding\AI\Dataset\!masks_for_training\5,yolov8_seg,YOLOv8-seg,ok,after_mean_confidence,0.59569,float,projekt-base,C:\Coding\AI\projekt\conda_envs\base.yml,
5,C:\Coding\AI\Dataset\!masks_for_training\5,yolov8_seg,YOLOv8-seg,ok,before_inference_ms,414.487,float,projekt-base,C:\Coding\AI\projekt\conda_envs\base.yml,
5,C:\Coding\AI\Dataset\!masks_for_training\5,yolov8_seg,YOLOv8-seg,ok,after_inference_ms,300.947,float,projekt-base,C:\Coding\AI\projekt\conda_envs\base.yml,
5,C:\Coding\AI\Dataset\!masks_for_training\5,yolov8_seg,YOLOv8-seg,ok,inference_ms_total,715.435,float,projekt-base,C:\Coding\AI\projekt\conda_envs\base.yml,
50,C:\Coding\AI\Dataset\!masks_for_training\50,changeformer,ChangeFormer,error,,,,projekt-base,C:\Coding\AI\projekt\conda_envs\base.yml,"ValueError: operands could not be broadcast together with shapes (4032,3024,1) (4032,3024) "
50,C:\Coding\AI\Dataset\!masks_for_training\50,efficientnet,EfficientNet,ok,analysis_mode,efficientnet_cls_pair,str,projekt-base,C:\Coding\AI\projekt\conda_envs\base.yml,
50,C:\Coding\AI\Dataset\!masks_for_training\50,efficientnet,EfficientNet,ok,inference_mode,heuristic_fallback,str,projekt-base,C:\Coding\AI\projekt\conda_envs\base.yml,
50,C:\Coding\AI\Dataset\!masks_for_training\50,efficientnet,EfficientNet,ok,model_name,efficientnet_b0,str,projekt-base,C:\Coding\AI\projekt\conda_envs\base.yml,
50,C:\Coding\AI\Dataset\!masks_for_training\50,efficientnet,EfficientNet,ok,model_source,None,str,projekt-base,C:\Coding\AI\projekt\conda_envs\base.yml,
50,C:\Coding\AI\Dataset\!masks_for_training\50,efficientnet,EfficientNet,ok,weights_path,C:\Coding\AI\projekt\weights\efficientnet_best.pt,str,projekt-base,C:\Coding\AI\projekt\conda_envs\base.yml,
50,C:\Coding\AI\Dataset\!masks_for_training\50,efficientnet,EfficientNet,ok,device_requested,auto,str,projekt-base,C:\Coding\AI\projekt\conda_envs\base.yml,
50,C:\Coding\AI\Dataset\!masks_for_training\50,efficientnet,EfficientNet,ok,device_used,cpu,str,projekt-base,C:\Coding\AI\projekt\conda_envs\base.yml,
50,C:\Coding\AI\Dataset\!masks_for_training\50,efficientnet,EfficientNet,ok,force_cpu,False,bool,projekt-base,C:\Coding\AI\projekt\conda_envs\base.yml,
50,C:\Coding\AI\Dataset\!masks_for_training\50,efficientnet,EfficientNet,ok,cuda_available,True,bool,projekt-base,C:\Coding\AI\projekt\conda_envs\base.yml,
50,C:\Coding\AI\Dataset\!masks_for_training\50,efficientnet,EfficientNet,ok,input_size,224,int,projekt-base,C:\Coding\AI\projekt\conda_envs\base.yml,
50,C:\Coding\AI\Dataset\!masks_for_training\50,efficientnet,EfficientNet,ok,dirty_threshold,0.42,float,projekt-base,C:\Coding\AI\projekt\conda_envs\base.yml,
50,C:\Coding\AI\Dataset\!masks_for_training\50,efficientnet,EfficientNet,ok,dirty_keyword_classes,2,int,projekt-base,C:\Coding\AI\projekt\conda_envs\base.yml,
50,C:\Coding\AI\Dataset\!masks_for_training\50,efficientnet,EfficientNet,ok,before_crop_count,6,int,projekt-base,C:\Coding\AI\projekt\conda_envs\base.yml,
50,C:\Coding\AI\Dataset\!masks_for_training\50,efficientnet,EfficientNet,ok,after_crop_count,6,int,projekt-base,C:\Coding\AI\projekt\conda_envs\base.yml,
50,C:\Coding\AI\Dataset\!masks_for_training\50,efficientnet,EfficientNet,ok,before_crop_dirty_prob_mean,0.656283,float,projekt-base,C:\Coding\AI\projekt\conda_envs\base.yml,
50,C:\Coding\AI\Dataset\!masks_for_training\50,efficientnet,EfficientNet,ok,after_crop_dirty_prob_mean,0.630997,float,projekt-base,C:\Coding\AI\projekt\conda_envs\base.yml,
50,C:\Coding\AI\Dataset\!masks_for_training\50,efficientnet,EfficientNet,ok,before_crop_dirty_prob_max,0.697636,float,projekt-base,C:\Coding\AI\projekt\conda_envs\base.yml,
50,C:\Coding\AI\Dataset\!masks_for_training\50,efficientnet,EfficientNet,ok,after_crop_dirty_prob_max,0.646773,float,projekt-base,C:\Coding\AI\projekt\conda_envs\base.yml,
50,C:\Coding\AI\Dataset\!masks_for_training\50,efficientnet,EfficientNet,ok,before_crop_support_ratio,1,float,projekt-base,C:\Coding\AI\projekt\conda_envs\base.yml,
50,C:\Coding\AI\Dataset\!masks_for_training\50,efficientnet,EfficientNet,ok,after_crop_support_ratio,1,float,projekt-base,C:\Coding\AI\projekt\conda_envs\base.yml,
50,C:\Coding\AI\Dataset\!masks_for_training\50,efficientnet,EfficientNet,ok,before_dirty_prob,0.686057,float,projekt-base,C:\Coding\AI\projekt\conda_envs\base.yml,
50,C:\Coding\AI\Dataset\!masks_for_training\50,efficientnet,EfficientNet,ok,after_dirty_prob,0.642356,float,projekt-base,C:\Coding\AI\projekt\conda_envs\base.yml,
50,C:\Coding\AI\Dataset\!masks_for_training\50,efficientnet,EfficientNet,ok,before_clean_prob,0.313943,float,projekt-base,C:\Coding\AI\projekt\conda_envs\base.yml,
50,C:\Coding\AI\Dataset\!masks_for_training\50,efficientnet,EfficientNet,ok,after_clean_prob,0.357644,float,projekt-base,C:\Coding\AI\projekt\conda_envs\base.yml,
50,C:\Coding\AI\Dataset\!masks_for_training\50,efficientnet,EfficientNet,ok,cleanup_delta,0.043701,float,projekt-base,C:\Coding\AI\projekt\conda_envs\base.yml,
50,C:\Coding\AI\Dataset\!masks_for_training\50,efficientnet,EfficientNet,ok,cleanup_score,0.043701,float,projekt-base,C:\Coding\AI\projekt\conda_envs\base.yml,
50,C:\Coding\AI\Dataset\!masks_for_training\50,efficientnet,EfficientNet,ok,dirty_prob_delta,-0.043701,float,projekt-base,C:\Coding\AI\projekt\conda_envs\base.yml,
50,C:\Coding\AI\Dataset\!masks_for_training\50,efficientnet,EfficientNet,ok,dirty_prob_abs_delta,0.043701,float,projekt-base,C:\Coding\AI\projekt\conda_envs\base.yml,
50,C:\Coding\AI\Dataset\!masks_for_training\50,efficientnet,EfficientNet,ok,before_pred_label,dirty,str,projekt-base,C:\Coding\AI\projekt\conda_envs\base.yml,
50,C:\Coding\AI\Dataset\!masks_for_training\50,efficientnet,EfficientNet,ok,after_pred_label,dirty,str,projekt-base,C:\Coding\AI\projekt\conda_envs\base.yml,
50,C:\Coding\AI\Dataset\!masks_for_training\50,efficientnet,EfficientNet,ok,before_top1_label,dirty,str,projekt-base,C:\Coding\AI\projekt\conda_envs\base.yml,
50,C:\Coding\AI\Dataset\!masks_for_training\50,efficientnet,EfficientNet,ok,after_top1_label,dirty,str,projekt-base,C:\Coding\AI\projekt\conda_envs\base.yml,
50,C:\Coding\AI\Dataset\!masks_for_training\50,efficientnet,EfficientNet,ok,before_top1_prob,0.697636,float,projekt-base,C:\Coding\AI\projekt\conda_envs\base.yml,
50,C:\Coding\AI\Dataset\!masks_for_training\50,efficientnet,EfficientNet,ok,after_top1_prob,0.646773,float,projekt-base,C:\Coding\AI\projekt\conda_envs\base.yml,
50,C:\Coding\AI\Dataset\!masks_for_training\50,efficientnet,EfficientNet,ok,before_entropy_norm,0.926452,float,projekt-base,C:\Coding\AI\projekt\conda_envs\base.yml,
50,C:\Coding\AI\Dataset\!masks_for_training\50,efficientnet,EfficientNet,ok,after_entropy_norm,0.949351,float,projekt-base,C:\Coding\AI\projekt\conda_envs\base.yml,
50,C:\Coding\AI\Dataset\!masks_for_training\50,efficientnet,EfficientNet,ok,before_inference_ms,0,float,projekt-base,C:\Coding\AI\projekt\conda_envs\base.yml,
50,C:\Coding\AI\Dataset\!masks_for_training\50,efficientnet,EfficientNet,ok,after_inference_ms,0,float,projekt-base,C:\Coding\AI\projekt\conda_envs\base.yml,
50,C:\Coding\AI\Dataset\!masks_for_training\50,efficientnet,EfficientNet,ok,inference_ms_total,0,float,projekt-base,C:\Coding\AI\projekt\conda_envs\base.yml,
50,C:\Coding\AI\Dataset\!masks_for_training\50,sift_ransac,SIFT + RANSAC + difference map,error,,,,projekt-base,C:\Coding\AI\projekt\conda_envs\base.yml,"ValueError: operands could not be broadcast together with shapes (4032,3024,1) (4032,3024) "
50,C:\Coding\AI\Dataset\!masks_for_training\50,siamese_unet,Siamese U-Net,error,,,,projekt-base,C:\Coding\AI\projekt\conda_envs\base.yml,"ValueError: operands could not be broadcast together with shapes (4032,3024,1) (4032,3024) "
50,C:\Coding\AI\Dataset\!masks_for_training\50,yolov8_seg,YOLOv8-seg,ok,analysis_mode,yolov8_seg_pair,str,projekt-base,C:\Coding\AI\projekt\conda_envs\base.yml,
50,C:\Coding\AI\Dataset\!masks_for_training\50,yolov8_seg,YOLOv8-seg,ok,model_name,C:\Coding\AI\projekt\weights\yolov8m_trash_finetuned.pt,str,projekt-base,C:\Coding\AI\projekt\conda_envs\base.yml,
50,C:\Coding\AI\Dataset\!masks_for_training\50,yolov8_seg,YOLOv8-seg,ok,model_source,C:\Coding\AI\projekt\weights\yolov8m_seg_best_new+fine-tune.pt,str,projekt-base,C:\Coding\AI\projekt\conda_envs\base.yml,
50,C:\Coding\AI\Dataset\!masks_for_training\50,yolov8_seg,YOLOv8-seg,ok,device_requested,auto,str,projekt-base,C:\Coding\AI\projekt\conda_envs\base.yml,
50,C:\Coding\AI\Dataset\!masks_for_training\50,yolov8_seg,YOLOv8-seg,ok,device_used,cuda,str,projekt-base,C:\Coding\AI\projekt\conda_envs\base.yml,
50,C:\Coding\AI\Dataset\!masks_for_training\50,yolov8_seg,YOLOv8-seg,ok,force_cpu,False,bool,projekt-base,C:\Coding\AI\projekt\conda_envs\base.yml,
50,C:\Coding\AI\Dataset\!masks_for_training\50,yolov8_seg,YOLOv8-seg,ok,cuda_available,True,bool,projekt-base,C:\Coding\AI\projekt\conda_envs\base.yml,
50,C:\Coding\AI\Dataset\!masks_for_training\50,yolov8_seg,YOLOv8-seg,ok,image_size,1536,int,projekt-base,C:\Coding\AI\projekt\conda_envs\base.yml,
50,C:\Coding\AI\Dataset\!masks_for_training\50,yolov8_seg,YOLOv8-seg,ok,confidence_threshold,0.35,float,projekt-base,C:\Coding\AI\projekt\conda_envs\base.yml,
50,C:\Coding\AI\Dataset\!masks_for_training\50,yolov8_seg,YOLOv8-seg,ok,iou_threshold,0.4,float,projekt-base,C:\Coding\AI\projekt\conda_envs\base.yml,
50,C:\Coding\AI\Dataset\!masks_for_training\50,yolov8_seg,YOLOv8-seg,ok,tile_inference_mode,auto,str,projekt-base,C:\Coding\AI\projekt\conda_envs\base.yml,
50,C:\Coding\AI\Dataset\!masks_for_training\50,yolov8_seg,YOLOv8-seg,ok,tile_size,640,int,projekt-base,C:\Coding\AI\projekt\conda_envs\base.yml,
50,C:\Coding\AI\Dataset\!masks_for_training\50,yolov8_seg,YOLOv8-seg,ok,tile_overlap_ratio,0.5,float,projekt-base,C:\Coding\AI\projekt\conda_envs\base.yml,
50,C:\Coding\AI\Dataset\!masks_for_training\50,yolov8_seg,YOLOv8-seg,ok,before_tile_count,108,int,projekt-base,C:\Coding\AI\projekt\conda_envs\base.yml,
50,C:\Coding\AI\Dataset\!masks_for_training\50,yolov8_seg,YOLOv8-seg,ok,after_tile_count,108,int,projekt-base,C:\Coding\AI\projekt\conda_envs\base.yml,
50,C:\Coding\AI\Dataset\!masks_for_training\50,yolov8_seg,YOLOv8-seg,ok,selected_class_count,0,int,projekt-base,C:\Coding\AI\projekt\conda_envs\base.yml,
50,C:\Coding\AI\Dataset\!masks_for_training\50,yolov8_seg,YOLOv8-seg,ok,selected_class_ids,[],list,projekt-base,C:\Coding\AI\projekt\conda_envs\base.yml,
50,C:\Coding\AI\Dataset\!masks_for_training\50,yolov8_seg,YOLOv8-seg,ok,taco_dataset_root,C:\Coding\AI\projekt\datasets\TACO,str,projekt-base,C:\Coding\AI\projekt\conda_envs\base.yml,
50,C:\Coding\AI\Dataset\!masks_for_training\50,yolov8_seg,YOLOv8-seg,ok,taco_annotations_path,C:\Coding\AI\projekt\datasets\TACO\data\annotations.json,str,projekt-base,C:\Coding\AI\projekt\conda_envs\base.yml,
50,C:\Coding\AI\Dataset\!masks_for_training\50,yolov8_seg,YOLOv8-seg,ok,taco_export_root,C:\Coding\AI\projekt\datasets\TACO\yolo_seg,str,projekt-base,C:\Coding\AI\projekt\conda_envs\base.yml,
50,C:\Coding\AI\Dataset\!masks_for_training\50,yolov8_seg,YOLOv8-seg,ok,taco_data_yaml,C:\Coding\AI\projekt\datasets\TACO\yolo_seg\data.yaml,str,projekt-base,C:\Coding\AI\projekt\conda_envs\base.yml,
50,C:\Coding\AI\Dataset\!masks_for_training\50,yolov8_seg,YOLOv8-seg,ok,taco_source_images,1500,int,projekt-base,C:\Coding\AI\projekt\conda_envs\base.yml,
50,C:\Coding\AI\Dataset\!masks_for_training\50,yolov8_seg,YOLOv8-seg,ok,taco_exported_images,1500,int,projekt-base,C:\Coding\AI\projekt\conda_envs\base.yml,
50,C:\Coding\AI\Dataset\!masks_for_training\50,yolov8_seg,YOLOv8-seg,ok,taco_exported_labels,1500,int,projekt-base,C:\Coding\AI\projekt\conda_envs\base.yml,
50,C:\Coding\AI\Dataset\!masks_for_training\50,yolov8_seg,YOLOv8-seg,ok,taco_skipped_missing_images,0,int,projekt-base,C:\Coding\AI\projekt\conda_envs\base.yml,
50,C:\Coding\AI\Dataset\!masks_for_training\50,yolov8_seg,YOLOv8-seg,ok,taco_skipped_invalid_polygons,0,int,projekt-base,C:\Coding\AI\projekt\conda_envs\base.yml,
50,C:\Coding\AI\Dataset\!masks_for_training\50,yolov8_seg,YOLOv8-seg,ok,before_instance_count,17,int,projekt-base,C:\Coding\AI\projekt\conda_envs\base.yml,
50,C:\Coding\AI\Dataset\!masks_for_training\50,yolov8_seg,YOLOv8-seg,ok,after_instance_count,13,int,projekt-base,C:\Coding\AI\projekt\conda_envs\base.yml,
50,C:\Coding\AI\Dataset\!masks_for_training\50,yolov8_seg,YOLOv8-seg,ok,instance_count_total,30,int,projekt-base,C:\Coding\AI\projekt\conda_envs\base.yml,
50,C:\Coding\AI\Dataset\!masks_for_training\50,yolov8_seg,YOLOv8-seg,ok,before_mask_area_px,17737,int,projekt-base,C:\Coding\AI\projekt\conda_envs\base.yml,
50,C:\Coding\AI\Dataset\!masks_for_training\50,yolov8_seg,YOLOv8-seg,ok,after_mask_area_px,9223,int,projekt-base,C:\Coding\AI\projekt\conda_envs\base.yml,
50,C:\Coding\AI\Dataset\!masks_for_training\50,yolov8_seg,YOLOv8-seg,ok,before_mask_area_ratio,0.001455,float,projekt-base,C:\Coding\AI\projekt\conda_envs\base.yml,
50,C:\Coding\AI\Dataset\!masks_for_training\50,yolov8_seg,YOLOv8-seg,ok,after_mask_area_ratio,0.000756,float,projekt-base,C:\Coding\AI\projekt\conda_envs\base.yml,
50,C:\Coding\AI\Dataset\!masks_for_training\50,yolov8_seg,YOLOv8-seg,ok,mask_area_delta_px,-8514,int,projekt-base,C:\Coding\AI\projekt\conda_envs\base.yml,
50,C:\Coding\AI\Dataset\!masks_for_training\50,yolov8_seg,YOLOv8-seg,ok,mask_area_delta_ratio,-0.000698,float,projekt-base,C:\Coding\AI\projekt\conda_envs\base.yml,
50,C:\Coding\AI\Dataset\!masks_for_training\50,yolov8_seg,YOLOv8-seg,ok,before_bbox_area_px,22786,int,projekt-base,C:\Coding\AI\projekt\conda_envs\base.yml,
50,C:\Coding\AI\Dataset\!masks_for_training\50,yolov8_seg,YOLOv8-seg,ok,after_bbox_area_px,12082,int,projekt-base,C:\Coding\AI\projekt\conda_envs\base.yml,
50,C:\Coding\AI\Dataset\!masks_for_training\50,yolov8_seg,YOLOv8-seg,ok,before_mean_confidence,0.528441,float,projekt-base,C:\Coding\AI\projekt\conda_envs\base.yml,
50,C:\Coding\AI\Dataset\!masks_for_training\50,yolov8_seg,YOLOv8-seg,ok,after_mean_confidence,0.461878,float,projekt-base,C:\Coding\AI\projekt\conda_envs\base.yml,
50,C:\Coding\AI\Dataset\!masks_for_training\50,yolov8_seg,YOLOv8-seg,ok,before_inference_ms,3291.88,float,projekt-base,C:\Coding\AI\projekt\conda_envs\base.yml,
50,C:\Coding\AI\Dataset\!masks_for_training\50,yolov8_seg,YOLOv8-seg,ok,after_inference_ms,3024.12,float,projekt-base,C:\Coding\AI\projekt\conda_envs\base.yml,
50,C:\Coding\AI\Dataset\!masks_for_training\50,yolov8_seg,YOLOv8-seg,ok,inference_ms_total,6315.99,float,projekt-base,C:\Coding\AI\projekt\conda_envs\base.yml,
6,C:\Coding\AI\Dataset\!masks_for_training\6,changeformer,ChangeFormer,error,,,,projekt-base,C:\Coding\AI\projekt\conda_envs\base.yml,"ValueError: operands could not be broadcast together with shapes (1440,1080,1) (1440,1080) "
6,C:\Coding\AI\Dataset\!masks_for_training\6,efficientnet,EfficientNet,ok,analysis_mode,efficientnet_cls_pair,str,projekt-base,C:\Coding\AI\projekt\conda_envs\base.yml,
6,C:\Coding\AI\Dataset\!masks_for_training\6,efficientnet,EfficientNet,ok,inference_mode,heuristic_fallback,str,projekt-base,C:\Coding\AI\projekt\conda_envs\base.yml,
6,C:\Coding\AI\Dataset\!masks_for_training\6,efficientnet,EfficientNet,ok,model_name,efficientnet_b0,str,projekt-base,C:\Coding\AI\projekt\conda_envs\base.yml,
6,C:\Coding\AI\Dataset\!masks_for_training\6,efficientnet,EfficientNet,ok,model_source,None,str,projekt-base,C:\Coding\AI\projekt\conda_envs\base.yml,
6,C:\Coding\AI\Dataset\!masks_for_training\6,efficientnet,EfficientNet,ok,weights_path,C:\Coding\AI\projekt\weights\efficientnet_best.pt,str,projekt-base,C:\Coding\AI\projekt\conda_envs\base.yml,
6,C:\Coding\AI\Dataset\!masks_for_training\6,efficientnet,EfficientNet,ok,device_requested,auto,str,projekt-base,C:\Coding\AI\projekt\conda_envs\base.yml,
6,C:\Coding\AI\Dataset\!masks_for_training\6,efficientnet,EfficientNet,ok,device_used,cpu,str,projekt-base,C:\Coding\AI\projekt\conda_envs\base.yml,
6,C:\Coding\AI\Dataset\!masks_for_training\6,efficientnet,EfficientNet,ok,force_cpu,False,bool,projekt-base,C:\Coding\AI\projekt\conda_envs\base.yml,
6,C:\Coding\AI\Dataset\!masks_for_training\6,efficientnet,EfficientNet,ok,cuda_available,True,bool,projekt-base,C:\Coding\AI\projekt\conda_envs\base.yml,
6,C:\Coding\AI\Dataset\!masks_for_training\6,efficientnet,EfficientNet,ok,input_size,224,int,projekt-base,C:\Coding\AI\projekt\conda_envs\base.yml,
6,C:\Coding\AI\Dataset\!masks_for_training\6,efficientnet,EfficientNet,ok,dirty_threshold,0.42,float,projekt-base,C:\Coding\AI\projekt\conda_envs\base.yml,
6,C:\Coding\AI\Dataset\!masks_for_training\6,efficientnet,EfficientNet,ok,dirty_keyword_classes,2,int,projekt-base,C:\Coding\AI\projekt\conda_envs\base.yml,
6,C:\Coding\AI\Dataset\!masks_for_training\6,efficientnet,EfficientNet,ok,before_crop_count,6,int,projekt-base,C:\Coding\AI\projekt\conda_envs\base.yml,
6,C:\Coding\AI\Dataset\!masks_for_training\6,efficientnet,EfficientNet,ok,after_crop_count,6,int,projekt-base,C:\Coding\AI\projekt\conda_envs\base.yml,
6,C:\Coding\AI\Dataset\!masks_for_training\6,efficientnet,EfficientNet,ok,before_crop_dirty_prob_mean,0.63975,float,projekt-base,C:\Coding\AI\projekt\conda_envs\base.yml,
6,C:\Coding\AI\Dataset\!masks_for_training\6,efficientnet,EfficientNet,ok,after_crop_dirty_prob_mean,0.605487,float,projekt-base,C:\Coding\AI\projekt\conda_envs\base.yml,
6,C:\Coding\AI\Dataset\!masks_for_training\6,efficientnet,EfficientNet,ok,before_crop_dirty_prob_max,0.666838,float,projekt-base,C:\Coding\AI\projekt\conda_envs\base.yml,
6,C:\Coding\AI\Dataset\!masks_for_training\6,efficientnet,EfficientNet,ok,after_crop_dirty_prob_max,0.687215,float,projekt-base,C:\Coding\AI\projekt\conda_envs\base.yml,
6,C:\Coding\AI\Dataset\!masks_for_training\6,efficientnet,EfficientNet,ok,before_crop_support_ratio,1,float,projekt-base,C:\Coding\AI\projekt\conda_envs\base.yml,
6,C:\Coding\AI\Dataset\!masks_for_training\6,efficientnet,EfficientNet,ok,after_crop_support_ratio,1,float,projekt-base,C:\Coding\AI\projekt\conda_envs\base.yml,
6,C:\Coding\AI\Dataset\!masks_for_training\6,efficientnet,EfficientNet,ok,before_dirty_prob,0.659253,float,projekt-base,C:\Coding\AI\projekt\conda_envs\base.yml,
6,C:\Coding\AI\Dataset\!masks_for_training\6,efficientnet,EfficientNet,ok,after_dirty_prob,0.664331,float,projekt-base,C:\Coding\AI\projekt\conda_envs\base.yml,
6,C:\Coding\AI\Dataset\!masks_for_training\6,efficientnet,EfficientNet,ok,before_clean_prob,0.340747,float,projekt-base,C:\Coding\AI\projekt\conda_envs\base.yml,
6,C:\Coding\AI\Dataset\!masks_for_training\6,efficientnet,EfficientNet,ok,after_clean_prob,0.335669,float,projekt-base,C:\Coding\AI\projekt\conda_envs\base.yml,
6,C:\Coding\AI\Dataset\!masks_for_training\6,efficientnet,EfficientNet,ok,cleanup_delta,-0.005078,float,projekt-base,C:\Coding\AI\projekt\conda_envs\base.yml,
6,C:\Coding\AI\Dataset\!masks_for_training\6,efficientnet,EfficientNet,ok,cleanup_score,0,float,projekt-base,C:\Coding\AI\projekt\conda_envs\base.yml,
6,C:\Coding\AI\Dataset\!masks_for_training\6,efficientnet,EfficientNet,ok,dirty_prob_delta,0.005078,float,projekt-base,C:\Coding\AI\projekt\conda_envs\base.yml,
6,C:\Coding\AI\Dataset\!masks_for_training\6,efficientnet,EfficientNet,ok,dirty_prob_abs_delta,0.005078,float,projekt-base,C:\Coding\AI\projekt\conda_envs\base.yml,
6,C:\Coding\AI\Dataset\!masks_for_training\6,efficientnet,EfficientNet,ok,before_pred_label,dirty,str,projekt-base,C:\Coding\AI\projekt\conda_envs\base.yml,
6,C:\Coding\AI\Dataset\!masks_for_training\6,efficientnet,EfficientNet,ok,after_pred_label,dirty,str,projekt-base,C:\Coding\AI\projekt\conda_envs\base.yml,
6,C:\Coding\AI\Dataset\!masks_for_training\6,efficientnet,EfficientNet,ok,before_top1_label,dirty,str,projekt-base,C:\Coding\AI\projekt\conda_envs\base.yml,
6,C:\Coding\AI\Dataset\!masks_for_training\6,efficientnet,EfficientNet,ok,after_top1_label,dirty,str,projekt-base,C:\Coding\AI\projekt\conda_envs\base.yml,
6,C:\Coding\AI\Dataset\!masks_for_training\6,efficientnet,EfficientNet,ok,before_top1_prob,0.666838,float,projekt-base,C:\Coding\AI\projekt\conda_envs\base.yml,
6,C:\Coding\AI\Dataset\!masks_for_training\6,efficientnet,EfficientNet,ok,after_top1_prob,0.687215,float,projekt-base,C:\Coding\AI\projekt\conda_envs\base.yml,
6,C:\Coding\AI\Dataset\!masks_for_training\6,efficientnet,EfficientNet,ok,before_entropy_norm,0.936925,float,projekt-base,C:\Coding\AI\projekt\conda_envs\base.yml,
6,C:\Coding\AI\Dataset\!masks_for_training\6,efficientnet,EfficientNet,ok,after_entropy_norm,0.954735,float,projekt-base,C:\Coding\AI\projekt\conda_envs\base.yml,
6,C:\Coding\AI\Dataset\!masks_for_training\6,efficientnet,EfficientNet,ok,before_inference_ms,0,float,projekt-base,C:\Coding\AI\projekt\conda_envs\base.yml,
6,C:\Coding\AI\Dataset\!masks_for_training\6,efficientnet,EfficientNet,ok,after_inference_ms,0,float,projekt-base,C:\Coding\AI\projekt\conda_envs\base.yml,
6,C:\Coding\AI\Dataset\!masks_for_training\6,efficientnet,EfficientNet,ok,inference_ms_total,0,float,projekt-base,C:\Coding\AI\projekt\conda_envs\base.yml,
6,C:\Coding\AI\Dataset\!masks_for_training\6,sift_ransac,SIFT + RANSAC + difference map,error,,,,projekt-base,C:\Coding\AI\projekt\conda_envs\base.yml,"ValueError: operands could not be broadcast together with shapes (1440,1080,1) (1440,1080) "
6,C:\Coding\AI\Dataset\!masks_for_training\6,siamese_unet,Siamese U-Net,error,,,,projekt-base,C:\Coding\AI\projekt\conda_envs\base.yml,"ValueError: operands could not be broadcast together with shapes (1440,1080,1) (1440,1080) "
6,C:\Coding\AI\Dataset\!masks_for_training\6,yolov8_seg,YOLOv8-seg,ok,analysis_mode,yolov8_seg_pair,str,projekt-base,C:\Coding\AI\projekt\conda_envs\base.yml,
6,C:\Coding\AI\Dataset\!masks_for_training\6,yolov8_seg,YOLOv8-seg,ok,model_name,C:\Coding\AI\projekt\weights\yolov8m_trash_finetuned.pt,str,projekt-base,C:\Coding\AI\projekt\conda_envs\base.yml,
6,C:\Coding\AI\Dataset\!masks_for_training\6,yolov8_seg,YOLOv8-seg,ok,model_source,C:\Coding\AI\projekt\weights\yolov8m_seg_best_new+fine-tune.pt,str,projekt-base,C:\Coding\AI\projekt\conda_envs\base.yml,
6,C:\Coding\AI\Dataset\!masks_for_training\6,yolov8_seg,YOLOv8-seg,ok,device_requested,auto,str,projekt-base,C:\Coding\AI\projekt\conda_envs\base.yml,
6,C:\Coding\AI\Dataset\!masks_for_training\6,yolov8_seg,YOLOv8-seg,ok,device_used,cuda,str,projekt-base,C:\Coding\AI\projekt\conda_envs\base.yml,
6,C:\Coding\AI\Dataset\!masks_for_training\6,yolov8_seg,YOLOv8-seg,ok,force_cpu,False,bool,projekt-base,C:\Coding\AI\projekt\conda_envs\base.yml,
6,C:\Coding\AI\Dataset\!masks_for_training\6,yolov8_seg,YOLOv8-seg,ok,cuda_available,True,bool,projekt-base,C:\Coding\AI\projekt\conda_envs\base.yml,
6,C:\Coding\AI\Dataset\!masks_for_training\6,yolov8_seg,YOLOv8-seg,ok,image_size,1536,int,projekt-base,C:\Coding\AI\projekt\conda_envs\base.yml,
6,C:\Coding\AI\Dataset\!masks_for_training\6,yolov8_seg,YOLOv8-seg,ok,confidence_threshold,0.35,float,projekt-base,C:\Coding\AI\projekt\conda_envs\base.yml,
6,C:\Coding\AI\Dataset\!masks_for_training\6,yolov8_seg,YOLOv8-seg,ok,iou_threshold,0.4,float,projekt-base,C:\Coding\AI\projekt\conda_envs\base.yml,
6,C:\Coding\AI\Dataset\!masks_for_training\6,yolov8_seg,YOLOv8-seg,ok,tile_inference_mode,auto,str,projekt-base,C:\Coding\AI\projekt\conda_envs\base.yml,
6,C:\Coding\AI\Dataset\!masks_for_training\6,yolov8_seg,YOLOv8-seg,ok,tile_size,640,int,projekt-base,C:\Coding\AI\projekt\conda_envs\base.yml,
6,C:\Coding\AI\Dataset\!masks_for_training\6,yolov8_seg,YOLOv8-seg,ok,tile_overlap_ratio,0.5,float,projekt-base,C:\Coding\AI\projekt\conda_envs\base.yml,
6,C:\Coding\AI\Dataset\!masks_for_training\6,yolov8_seg,YOLOv8-seg,ok,before_tile_count,12,int,projekt-base,C:\Coding\AI\projekt\conda_envs\base.yml,
6,C:\Coding\AI\Dataset\!masks_for_training\6,yolov8_seg,YOLOv8-seg,ok,after_tile_count,12,int,projekt-base,C:\Coding\AI\projekt\conda_envs\base.yml,
6,C:\Coding\AI\Dataset\!masks_for_training\6,yolov8_seg,YOLOv8-seg,ok,selected_class_count,0,int,projekt-base,C:\Coding\AI\projekt\conda_envs\base.yml,
6,C:\Coding\AI\Dataset\!masks_for_training\6,yolov8_seg,YOLOv8-seg,ok,selected_class_ids,[],list,projekt-base,C:\Coding\AI\projekt\conda_envs\base.yml,
6,C:\Coding\AI\Dataset\!masks_for_training\6,yolov8_seg,YOLOv8-seg,ok,taco_dataset_root,C:\Coding\AI\projekt\datasets\TACO,str,projekt-base,C:\Coding\AI\projekt\conda_envs\base.yml,
6,C:\Coding\AI\Dataset\!masks_for_training\6,yolov8_seg,YOLOv8-seg,ok,taco_annotations_path,C:\Coding\AI\projekt\datasets\TACO\data\annotations.json,str,projekt-base,C:\Coding\AI\projekt\conda_envs\base.yml,
6,C:\Coding\AI\Dataset\!masks_for_training\6,yolov8_seg,YOLOv8-seg,ok,taco_export_root,C:\Coding\AI\projekt\datasets\TACO\yolo_seg,str,projekt-base,C:\Coding\AI\projekt\conda_envs\base.yml,
6,C:\Coding\AI\Dataset\!masks_for_training\6,yolov8_seg,YOLOv8-seg,ok,taco_data_yaml,C:\Coding\AI\projekt\datasets\TACO\yolo_seg\data.yaml,str,projekt-base,C:\Coding\AI\projekt\conda_envs\base.yml,
6,C:\Coding\AI\Dataset\!masks_for_training\6,yolov8_seg,YOLOv8-seg,ok,taco_source_images,1500,int,projekt-base,C:\Coding\AI\projekt\conda_envs\base.yml,
6,C:\Coding\AI\Dataset\!masks_for_training\6,yolov8_seg,YOLOv8-seg,ok,taco_exported_images,1500,int,projekt-base,C:\Coding\AI\projekt\conda_envs\base.yml,
6,C:\Coding\AI\Dataset\!masks_for_training\6,yolov8_seg,YOLOv8-seg,ok,taco_exported_labels,1500,int,projekt-base,C:\Coding\AI\projekt\conda_envs\base.yml,
6,C:\Coding\AI\Dataset\!masks_for_training\6,yolov8_seg,YOLOv8-seg,ok,taco_skipped_missing_images,0,int,projekt-base,C:\Coding\AI\projekt\conda_envs\base.yml,
6,C:\Coding\AI\Dataset\!masks_for_training\6,yolov8_seg,YOLOv8-seg,ok,taco_skipped_invalid_polygons,0,int,projekt-base,C:\Coding\AI\projekt\conda_envs\base.yml,
6,C:\Coding\AI\Dataset\!masks_for_training\6,yolov8_seg,YOLOv8-seg,ok,before_instance_count,30,int,projekt-base,C:\Coding\AI\projekt\conda_envs\base.yml,
6,C:\Coding\AI\Dataset\!masks_for_training\6,yolov8_seg,YOLOv8-seg,ok,after_instance_count,8,int,projekt-base,C:\Coding\AI\projekt\conda_envs\base.yml,
6,C:\Coding\AI\Dataset\!masks_for_training\6,yolov8_seg,YOLOv8-seg,ok,instance_count_total,38,int,projekt-base,C:\Coding\AI\projekt\conda_envs\base.yml,
6,C:\Coding\AI\Dataset\!masks_for_training\6,yolov8_seg,YOLOv8-seg,ok,before_mask_area_px,39789,int,projekt-base,C:\Coding\AI\projekt\conda_envs\base.yml,
6,C:\Coding\AI\Dataset\!masks_for_training\6,yolov8_seg,YOLOv8-seg,ok,after_mask_area_px,85827,int,projekt-base,C:\Coding\AI\projekt\conda_envs\base.yml,
6,C:\Coding\AI\Dataset\!masks_for_training\6,yolov8_seg,YOLOv8-seg,ok,before_mask_area_ratio,0.025584,float,projekt-base,C:\Coding\AI\projekt\conda_envs\base.yml,
6,C:\Coding\AI\Dataset\!masks_for_training\6,yolov8_seg,YOLOv8-seg,ok,after_mask_area_ratio,0.055187,float,projekt-base,C:\Coding\AI\projekt\conda_envs\base.yml,
6,C:\Coding\AI\Dataset\!masks_for_training\6,yolov8_seg,YOLOv8-seg,ok,mask_area_delta_px,46038,int,projekt-base,C:\Coding\AI\projekt\conda_envs\base.yml,
6,C:\Coding\AI\Dataset\!masks_for_training\6,yolov8_seg,YOLOv8-seg,ok,mask_area_delta_ratio,0.029603,float,projekt-base,C:\Coding\AI\projekt\conda_envs\base.yml,
6,C:\Coding\AI\Dataset\!masks_for_training\6,yolov8_seg,YOLOv8-seg,ok,before_bbox_area_px,54321,int,projekt-base,C:\Coding\AI\projekt\conda_envs\base.yml,
6,C:\Coding\AI\Dataset\!masks_for_training\6,yolov8_seg,YOLOv8-seg,ok,after_bbox_area_px,133116,int,projekt-base,C:\Coding\AI\projekt\conda_envs\base.yml,
6,C:\Coding\AI\Dataset\!masks_for_training\6,yolov8_seg,YOLOv8-seg,ok,before_mean_confidence,0.608565,float,projekt-base,C:\Coding\AI\projekt\conda_envs\base.yml,
6,C:\Coding\AI\Dataset\!masks_for_training\6,yolov8_seg,YOLOv8-seg,ok,after_mean_confidence,0.517792,float,projekt-base,C:\Coding\AI\projekt\conda_envs\base.yml,
6,C:\Coding\AI\Dataset\!masks_for_training\6,yolov8_seg,YOLOv8-seg,ok,before_inference_ms,596.458,float,projekt-base,C:\Coding\AI\projekt\conda_envs\base.yml,
6,C:\Coding\AI\Dataset\!masks_for_training\6,yolov8_seg,YOLOv8-seg,ok,after_inference_ms,291.665,float,projekt-base,C:\Coding\AI\projekt\conda_envs\base.yml,
6,C:\Coding\AI\Dataset\!masks_for_training\6,yolov8_seg,YOLOv8-seg,ok,inference_ms_total,888.123,float,projekt-base,C:\Coding\AI\projekt\conda_envs\base.yml,
7,C:\Coding\AI\Dataset\!masks_for_training\7,changeformer,ChangeFormer,ok,analysis_mode,changeformer_pair,str,projekt-base,C:\Coding\AI\projekt\conda_envs\base.yml,
7,C:\Coding\AI\Dataset\!masks_for_training\7,changeformer,ChangeFormer,ok,inference_mode,trained_checkpoint,str,projekt-base,C:\Coding\AI\projekt\conda_envs\base.yml,
7,C:\Coding\AI\Dataset\!masks_for_training\7,changeformer,ChangeFormer,ok,model_name,pvt_v2_b0,str,projekt-base,C:\Coding\AI\projekt\conda_envs\base.yml,
7,C:\Coding\AI\Dataset\!masks_for_training\7,changeformer,ChangeFormer,ok,model_source,C:\Coding\AI\projekt\weights\changeformer_best.pt,str,projekt-base,C:\Coding\AI\projekt\conda_envs\base.yml,
7,C:\Coding\AI\Dataset\!masks_for_training\7,changeformer,ChangeFormer,ok,python_executable,C:\Users\jetgera\miniconda3\envs\projekt-base\python.exe,str,projekt-base,C:\Coding\AI\projekt\conda_envs\base.yml,
7,C:\Coding\AI\Dataset\!masks_for_training\7,changeformer,ChangeFormer,ok,torch_import_ok,True,bool,projekt-base,C:\Coding\AI\projekt\conda_envs\base.yml,
7,C:\Coding\AI\Dataset\!masks_for_training\7,changeformer,ChangeFormer,ok,timm_import_ok,True,bool,projekt-base,C:\Coding\AI\projekt\conda_envs\base.yml,
7,C:\Coding\AI\Dataset\!masks_for_training\7,changeformer,ChangeFormer,ok,torch_version,2.12.0+cu132,TorchVersion,projekt-base,C:\Coding\AI\projekt\conda_envs\base.yml,
7,C:\Coding\AI\Dataset\!masks_for_training\7,changeformer,ChangeFormer,ok,timm_version,1.0.27,str,projekt-base,C:\Coding\AI\projekt\conda_envs\base.yml,
7,C:\Coding\AI\Dataset\!masks_for_training\7,changeformer,ChangeFormer,ok,torch_import_error,,NoneType,projekt-base,C:\Coding\AI\projekt\conda_envs\base.yml,
7,C:\Coding\AI\Dataset\!masks_for_training\7,changeformer,ChangeFormer,ok,timm_import_error,,NoneType,projekt-base,C:\Coding\AI\projekt\conda_envs\base.yml,
7,C:\Coding\AI\Dataset\!masks_for_training\7,changeformer,ChangeFormer,ok,weights_path,C:\Coding\AI\projekt\weights\changeformer_best.pt,str,projekt-base,C:\Coding\AI\projekt\conda_envs\base.yml,
7,C:\Coding\AI\Dataset\!masks_for_training\7,changeformer,ChangeFormer,ok,device_requested,auto,str,projekt-base,C:\Coding\AI\projekt\conda_envs\base.yml,
7,C:\Coding\AI\Dataset\!masks_for_training\7,changeformer,ChangeFormer,ok,device_used,cuda,str,projekt-base,C:\Coding\AI\projekt\conda_envs\base.yml,
7,C:\Coding\AI\Dataset\!masks_for_training\7,changeformer,ChangeFormer,ok,force_cpu,False,bool,projekt-base,C:\Coding\AI\projekt\conda_envs\base.yml,
7,C:\Coding\AI\Dataset\!masks_for_training\7,changeformer,ChangeFormer,ok,cuda_available,True,bool,projekt-base,C:\Coding\AI\projekt\conda_envs\base.yml,
7,C:\Coding\AI\Dataset\!masks_for_training\7,changeformer,ChangeFormer,ok,input_size,512,int,projekt-base,C:\Coding\AI\projekt\conda_envs\base.yml,
7,C:\Coding\AI\Dataset\!masks_for_training\7,changeformer,ChangeFormer,ok,threshold_percentile,93,float,projekt-base,C:\Coding\AI\projekt\conda_envs\base.yml,
7,C:\Coding\AI\Dataset\!masks_for_training\7,changeformer,ChangeFormer,ok,threshold_value,0.704947,float,projekt-base,C:\Coding\AI\projekt\conda_envs\base.yml,
7,C:\Coding\AI\Dataset\!masks_for_training\7,changeformer,ChangeFormer,ok,alignment_mode,sift_homography_ransac,str,projekt-base,C:\Coding\AI\projekt\conda_envs\base.yml,
7,C:\Coding\AI\Dataset\!masks_for_training\7,changeformer,ChangeFormer,ok,alignment_ecc_score,,NoneType,projekt-base,C:\Coding\AI\projekt\conda_envs\base.yml,
7,C:\Coding\AI\Dataset\!masks_for_training\7,changeformer,ChangeFormer,ok,alignment_quality,0.555736,float,projekt-base,C:\Coding\AI\projekt\conda_envs\base.yml,
7,C:\Coding\AI\Dataset\!masks_for_training\7,changeformer,ChangeFormer,ok,alignment_rotation_deg,0,int,projekt-base,C:\Coding\AI\projekt\conda_envs\base.yml,
7,C:\Coding\AI\Dataset\!masks_for_training\7,changeformer,ChangeFormer,ok,scene_consistency,0.840345,float,projekt-base,C:\Coding\AI\projekt\conda_envs\base.yml,
7,C:\Coding\AI\Dataset\!masks_for_training\7,changeformer,ChangeFormer,ok,scene_mismatch_suppressed,False,bool,projekt-base,C:\Coding\AI\projekt\conda_envs\base.yml,
7,C:\Coding\AI\Dataset\!masks_for_training\7,changeformer,ChangeFormer,ok,fallback_reason,,NoneType,projekt-base,C:\Coding\AI\projekt\conda_envs\base.yml,
7,C:\Coding\AI\Dataset\!masks_for_training\7,changeformer,ChangeFormer,ok,change_pixels,17821,int,projekt-base,C:\Coding\AI\projekt\conda_envs\base.yml,
7,C:\Coding\AI\Dataset\!masks_for_training\7,changeformer,ChangeFormer,ok,overlap_pixels,264528,int,projekt-base,C:\Coding\AI\projekt\conda_envs\base.yml,
7,C:\Coding\AI\Dataset\!masks_for_training\7,changeformer,ChangeFormer,ok,canvas_pixels,399533,int,projekt-base,C:\Coding\AI\projekt\conda_envs\base.yml,
7,C:\Coding\AI\Dataset\!masks_for_training\7,changeformer,ChangeFormer,ok,overlap_ratio,0.662093,float,projekt-base,C:\Coding\AI\projekt\conda_envs\base.yml,
7,C:\Coding\AI\Dataset\!masks_for_training\7,changeformer,ChangeFormer,ok,change_ratio,0.067369,float,projekt-base,C:\Coding\AI\projekt\conda_envs\base.yml,
7,C:\Coding\AI\Dataset\!masks_for_training\7,changeformer,ChangeFormer,ok,inference_ms,400.005,float,projekt-base,C:\Coding\AI\projekt\conda_envs\base.yml,
7,C:\Coding\AI\Dataset\!masks_for_training\7,changeformer,ChangeFormer,ok,segm_gt_pixels,23239,float,projekt-base,C:\Coding\AI\projekt\conda_envs\base.yml,
7,C:\Coding\AI\Dataset\!masks_for_training\7,changeformer,ChangeFormer,ok,segm_pred_pixels,15759,float,projekt-base,C:\Coding\AI\projekt\conda_envs\base.yml,
7,C:\Coding\AI\Dataset\!masks_for_training\7,changeformer,ChangeFormer,ok,segm_intersection_pixels,883616,float,projekt-base,C:\Coding\AI\projekt\conda_envs\base.yml,
7,C:\Coding\AI\Dataset\!masks_for_training\7,changeformer,ChangeFormer,ok,segm_union_pixels,2.23592e+07,float,projekt-base,C:\Coding\AI\projekt\conda_envs\base.yml,
7,C:\Coding\AI\Dataset\!masks_for_training\7,changeformer,ChangeFormer,ok,segm_iou,0.0395191,float,projekt-base,C:\Coding\AI\projekt\conda_envs\base.yml,
7,C:\Coding\AI\Dataset\!masks_for_training\7,changeformer,ChangeFormer,ok,segm_dice,45.316,float,projekt-base,C:\Coding\AI\projekt\conda_envs\base.yml,
7,C:\Coding\AI\Dataset\!masks_for_training\7,changeformer,ChangeFormer,ok,qty_pixels_ground_truth,23239,float,projekt-base,C:\Coding\AI\projekt\conda_envs\base.yml,
7,C:\Coding\AI\Dataset\!masks_for_training\7,changeformer,ChangeFormer,ok,qty_pixels_predicted,17821,float,projekt-base,C:\Coding\AI\projekt\conda_envs\base.yml,
7,C:\Coding\AI\Dataset\!masks_for_training\7,changeformer,ChangeFormer,ok,qty_pixels_absolute_error,5418,float,projekt-base,C:\Coding\AI\projekt\conda_envs\base.yml,
7,C:\Coding\AI\Dataset\!masks_for_training\7,changeformer,ChangeFormer,ok,qty_pixels_mae,5418,float,projekt-base,C:\Coding\AI\projekt\conda_envs\base.yml,
7,C:\Coding\AI\Dataset\!masks_for_training\7,changeformer,ChangeFormer,ok,qty_pixels_mape,23.3143,float,projekt-base,C:\Coding\AI\projekt\conda_envs\base.yml,
7,C:\Coding\AI\Dataset\!masks_for_training\7,changeformer,ChangeFormer,ok,qty_pixels_percentage_error,23.3143,float,projekt-base,C:\Coding\AI\projekt\conda_envs\base.yml,
7,C:\Coding\AI\Dataset\!masks_for_training\7,changeformer,ChangeFormer,ok,qty_ratio_ground_truth,0.0654222,float,projekt-base,C:\Coding\AI\projekt\conda_envs\base.yml,
7,C:\Coding\AI\Dataset\!masks_for_training\7,changeformer,ChangeFormer,ok,qty_ratio_predicted,0.0501695,float,projekt-base,C:\Coding\AI\projekt\conda_envs\base.yml,
7,C:\Coding\AI\Dataset\!masks_for_training\7,changeformer,ChangeFormer,ok,qty_ratio_absolute_error,0.0152527,float,projekt-base,C:\Coding\AI\projekt\conda_envs\base.yml,
7,C:\Coding\AI\Dataset\!masks_for_training\7,changeformer,ChangeFormer,ok,qty_ratio_mae,0.0152527,float,projekt-base,C:\Coding\AI\projekt\conda_envs\base.yml,
7,C:\Coding\AI\Dataset\!masks_for_training\7,changeformer,ChangeFormer,ok,qty_ratio_mape,23.3143,float,projekt-base,C:\Coding\AI\projekt\conda_envs\base.yml,
7,C:\Coding\AI\Dataset\!masks_for_training\7,changeformer,ChangeFormer,ok,qty_ratio_percentage_error,23.3143,float,projekt-base,C:\Coding\AI\projekt\conda_envs\base.yml,
7,C:\Coding\AI\Dataset\!masks_for_training\7,efficientnet,EfficientNet,ok,analysis_mode,efficientnet_cls_pair,str,projekt-base,C:\Coding\AI\projekt\conda_envs\base.yml,
7,C:\Coding\AI\Dataset\!masks_for_training\7,efficientnet,EfficientNet,ok,inference_mode,heuristic_fallback,str,projekt-base,C:\Coding\AI\projekt\conda_envs\base.yml,
7,C:\Coding\AI\Dataset\!masks_for_training\7,efficientnet,EfficientNet,ok,model_name,efficientnet_b0,str,projekt-base,C:\Coding\AI\projekt\conda_envs\base.yml,
7,C:\Coding\AI\Dataset\!masks_for_training\7,efficientnet,EfficientNet,ok,model_source,None,str,projekt-base,C:\Coding\AI\projekt\conda_envs\base.yml,
7,C:\Coding\AI\Dataset\!masks_for_training\7,efficientnet,EfficientNet,ok,weights_path,C:\Coding\AI\projekt\weights\efficientnet_best.pt,str,projekt-base,C:\Coding\AI\projekt\conda_envs\base.yml,
7,C:\Coding\AI\Dataset\!masks_for_training\7,efficientnet,EfficientNet,ok,device_requested,auto,str,projekt-base,C:\Coding\AI\projekt\conda_envs\base.yml,
7,C:\Coding\AI\Dataset\!masks_for_training\7,efficientnet,EfficientNet,ok,device_used,cpu,str,projekt-base,C:\Coding\AI\projekt\conda_envs\base.yml,
7,C:\Coding\AI\Dataset\!masks_for_training\7,efficientnet,EfficientNet,ok,force_cpu,False,bool,projekt-base,C:\Coding\AI\projekt\conda_envs\base.yml,
7,C:\Coding\AI\Dataset\!masks_for_training\7,efficientnet,EfficientNet,ok,cuda_available,True,bool,projekt-base,C:\Coding\AI\projekt\conda_envs\base.yml,
7,C:\Coding\AI\Dataset\!masks_for_training\7,efficientnet,EfficientNet,ok,input_size,224,int,projekt-base,C:\Coding\AI\projekt\conda_envs\base.yml,
7,C:\Coding\AI\Dataset\!masks_for_training\7,efficientnet,EfficientNet,ok,dirty_threshold,0.42,float,projekt-base,C:\Coding\AI\projekt\conda_envs\base.yml,
7,C:\Coding\AI\Dataset\!masks_for_training\7,efficientnet,EfficientNet,ok,dirty_keyword_classes,2,int,projekt-base,C:\Coding\AI\projekt\conda_envs\base.yml,
7,C:\Coding\AI\Dataset\!masks_for_training\7,efficientnet,EfficientNet,ok,before_crop_count,6,int,projekt-base,C:\Coding\AI\projekt\conda_envs\base.yml,
7,C:\Coding\AI\Dataset\!masks_for_training\7,efficientnet,EfficientNet,ok,after_crop_count,6,int,projekt-base,C:\Coding\AI\projekt\conda_envs\base.yml,
7,C:\Coding\AI\Dataset\!masks_for_training\7,efficientnet,EfficientNet,ok,before_crop_dirty_prob_mean,0.679716,float,projekt-base,C:\Coding\AI\projekt\conda_envs\base.yml,
7,C:\Coding\AI\Dataset\!masks_for_training\7,efficientnet,EfficientNet,ok,after_crop_dirty_prob_mean,0.632446,float,projekt-base,C:\Coding\AI\projekt\conda_envs\base.yml,
7,C:\Coding\AI\Dataset\!masks_for_training\7,efficientnet,EfficientNet,ok,before_crop_dirty_prob_max,0.690066,float,projekt-base,C:\Coding\AI\projekt\conda_envs\base.yml,
7,C:\Coding\AI\Dataset\!masks_for_training\7,efficientnet,EfficientNet,ok,after_crop_dirty_prob_max,0.647365,float,projekt-base,C:\Coding\AI\projekt\conda_envs\base.yml,
7,C:\Coding\AI\Dataset\!masks_for_training\7,efficientnet,EfficientNet,ok,before_crop_support_ratio,1,float,projekt-base,C:\Coding\AI\projekt\conda_envs\base.yml,
7,C:\Coding\AI\Dataset\!masks_for_training\7,efficientnet,EfficientNet,ok,after_crop_support_ratio,1,float,projekt-base,C:\Coding\AI\projekt\conda_envs\base.yml,
7,C:\Coding\AI\Dataset\!masks_for_training\7,efficientnet,EfficientNet,ok,before_dirty_prob,0.687168,float,projekt-base,C:\Coding\AI\projekt\conda_envs\base.yml,
7,C:\Coding\AI\Dataset\!masks_for_training\7,efficientnet,EfficientNet,ok,after_dirty_prob,0.643188,float,projekt-base,C:\Coding\AI\projekt\conda_envs\base.yml,
7,C:\Coding\AI\Dataset\!masks_for_training\7,efficientnet,EfficientNet,ok,before_clean_prob,0.312832,float,projekt-base,C:\Coding\AI\projekt\conda_envs\base.yml,
7,C:\Coding\AI\Dataset\!masks_for_training\7,efficientnet,EfficientNet,ok,after_clean_prob,0.356812,float,projekt-base,C:\Coding\AI\projekt\conda_envs\base.yml,
7,C:\Coding\AI\Dataset\!masks_for_training\7,efficientnet,EfficientNet,ok,cleanup_delta,0.04398,float,projekt-base,C:\Coding\AI\projekt\conda_envs\base.yml,
7,C:\Coding\AI\Dataset\!masks_for_training\7,efficientnet,EfficientNet,ok,cleanup_score,0.04398,float,projekt-base,C:\Coding\AI\projekt\conda_envs\base.yml,
7,C:\Coding\AI\Dataset\!masks_for_training\7,efficientnet,EfficientNet,ok,dirty_prob_delta,-0.04398,float,projekt-base,C:\Coding\AI\projekt\conda_envs\base.yml,
7,C:\Coding\AI\Dataset\!masks_for_training\7,efficientnet,EfficientNet,ok,dirty_prob_abs_delta,0.04398,float,projekt-base,C:\Coding\AI\projekt\conda_envs\base.yml,
7,C:\Coding\AI\Dataset\!masks_for_training\7,efficientnet,EfficientNet,ok,before_pred_label,dirty,str,projekt-base,C:\Coding\AI\projekt\conda_envs\base.yml,
7,C:\Coding\AI\Dataset\!masks_for_training\7,efficientnet,EfficientNet,ok,after_pred_label,dirty,str,projekt-base,C:\Coding\AI\projekt\conda_envs\base.yml,
7,C:\Coding\AI\Dataset\!masks_for_training\7,efficientnet,EfficientNet,ok,before_top1_label,dirty,str,projekt-base,C:\Coding\AI\projekt\conda_envs\base.yml,
7,C:\Coding\AI\Dataset\!masks_for_training\7,efficientnet,EfficientNet,ok,after_top1_label,dirty,str,projekt-base,C:\Coding\AI\projekt\conda_envs\base.yml,
7,C:\Coding\AI\Dataset\!masks_for_training\7,efficientnet,EfficientNet,ok,before_top1_prob,0.690066,float,projekt-base,C:\Coding\AI\projekt\conda_envs\base.yml,
7,C:\Coding\AI\Dataset\!masks_for_training\7,efficientnet,EfficientNet,ok,after_top1_prob,0.647365,float,projekt-base,C:\Coding\AI\projekt\conda_envs\base.yml,
7,C:\Coding\AI\Dataset\!masks_for_training\7,efficientnet,EfficientNet,ok,before_entropy_norm,0.904535,float,projekt-base,C:\Coding\AI\projekt\conda_envs\base.yml,
7,C:\Coding\AI\Dataset\!masks_for_training\7,efficientnet,EfficientNet,ok,after_entropy_norm,0.948584,float,projekt-base,C:\Coding\AI\projekt\conda_envs\base.yml,
7,C:\Coding\AI\Dataset\!masks_for_training\7,efficientnet,EfficientNet,ok,before_inference_ms,0,float,projekt-base,C:\Coding\AI\projekt\conda_envs\base.yml,
7,C:\Coding\AI\Dataset\!masks_for_training\7,efficientnet,EfficientNet,ok,after_inference_ms,0,float,projekt-base,C:\Coding\AI\projekt\conda_envs\base.yml,
7,C:\Coding\AI\Dataset\!masks_for_training\7,efficientnet,EfficientNet,ok,inference_ms_total,0,float,projekt-base,C:\Coding\AI\projekt\conda_envs\base.yml,
7,C:\Coding\AI\Dataset\!masks_for_training\7,sift_ransac,SIFT + RANSAC + difference map,ok,alignment_mode,homography_ransac,str,projekt-base,C:\Coding\AI\projekt\conda_envs\base.yml,
7,C:\Coding\AI\Dataset\!masks_for_training\7,sift_ransac,SIFT + RANSAC + difference map,ok,fallback_reason,none,str,projekt-base,C:\Coding\AI\projekt\conda_envs\base.yml,
7,C:\Coding\AI\Dataset\!masks_for_training\7,sift_ransac,SIFT + RANSAC + difference map,ok,keypoints_before,6530,int,projekt-base,C:\Coding\AI\projekt\conda_envs\base.yml,
7,C:\Coding\AI\Dataset\!masks_for_training\7,sift_ransac,SIFT + RANSAC + difference map,ok,keypoints_after,6129,int,projekt-base,C:\Coding\AI\projekt\conda_envs\base.yml,
7,C:\Coding\AI\Dataset\!masks_for_training\7,sift_ransac,SIFT + RANSAC + difference map,ok,raw_matches,6530,int,projekt-base,C:\Coding\AI\projekt\conda_envs\base.yml,
7,C:\Coding\AI\Dataset\!masks_for_training\7,sift_ransac,SIFT + RANSAC + difference map,ok,good_matches,680,int,projekt-base,C:\Coding\AI\projekt\conda_envs\base.yml,
7,C:\Coding\AI\Dataset\!masks_for_training\7,sift_ransac,SIFT + RANSAC + difference map,ok,inliers,679,int,projekt-base,C:\Coding\AI\projekt\conda_envs\base.yml,
7,C:\Coding\AI\Dataset\!masks_for_training\7,sift_ransac,SIFT + RANSAC + difference map,ok,inlier_ratio,0.9985,float,projekt-base,C:\Coding\AI\projekt\conda_envs\base.yml,
7,C:\Coding\AI\Dataset\!masks_for_training\7,sift_ransac,SIFT + RANSAC + difference map,ok,change_pixels,5637,int,projekt-base,C:\Coding\AI\projekt\conda_envs\base.yml,
7,C:\Coding\AI\Dataset\!masks_for_training\7,sift_ransac,SIFT + RANSAC + difference map,ok,overlap_pixels,259545,int,projekt-base,C:\Coding\AI\projekt\conda_envs\base.yml,
7,C:\Coding\AI\Dataset\!masks_for_training\7,sift_ransac,SIFT + RANSAC + difference map,ok,canvas_pixels,399464,int,projekt-base,C:\Coding\AI\projekt\conda_envs\base.yml,
7,C:\Coding\AI\Dataset\!masks_for_training\7,sift_ransac,SIFT + RANSAC + difference map,ok,overlap_ratio,0.6497,float,projekt-base,C:\Coding\AI\projekt\conda_envs\base.yml,
7,C:\Coding\AI\Dataset\!masks_for_training\7,sift_ransac,SIFT + RANSAC + difference map,ok,change_ratio,0.021719,float,projekt-base,C:\Coding\AI\projekt\conda_envs\base.yml,
7,C:\Coding\AI\Dataset\!masks_for_training\7,sift_ransac,SIFT + RANSAC + difference map,ok,otsu_threshold,32,float,projekt-base,C:\Coding\AI\projekt\conda_envs\base.yml,
7,C:\Coding\AI\Dataset\!masks_for_training\7,sift_ransac,SIFT + RANSAC + difference map,ok,segm_gt_pixels,23239,float,projekt-base,C:\Coding\AI\projekt\conda_envs\base.yml,
7,C:\Coding\AI\Dataset\!masks_for_training\7,sift_ransac,SIFT + RANSAC + difference map,ok,segm_pred_pixels,5037,float,projekt-base,C:\Coding\AI\projekt\conda_envs\base.yml,
7,C:\Coding\AI\Dataset\!masks_for_training\7,sift_ransac,SIFT + RANSAC + difference map,ok,segm_intersection_pixels,215808,float,projekt-base,C:\Coding\AI\projekt\conda_envs\base.yml,
7,C:\Coding\AI\Dataset\!masks_for_training\7,sift_ransac,SIFT + RANSAC + difference map,ok,segm_union_pixels,1.66367e+07,float,projekt-base,C:\Coding\AI\projekt\conda_envs\base.yml,
7,C:\Coding\AI\Dataset\!masks_for_training\7,sift_ransac,SIFT + RANSAC + difference map,ok,segm_iou,0.0129718,float,projekt-base,C:\Coding\AI\projekt\conda_envs\base.yml,
7,C:\Coding\AI\Dataset\!masks_for_training\7,sift_ransac,SIFT + RANSAC + difference map,ok,segm_dice,15.2644,float,projekt-base,C:\Coding\AI\projekt\conda_envs\base.yml,
7,C:\Coding\AI\Dataset\!masks_for_training\7,sift_ransac,SIFT + RANSAC + difference map,ok,qty_pixels_ground_truth,23239,float,projekt-base,C:\Coding\AI\projekt\conda_envs\base.yml,
7,C:\Coding\AI\Dataset\!masks_for_training\7,sift_ransac,SIFT + RANSAC + difference map,ok,qty_pixels_predicted,5637,float,projekt-base,C:\Coding\AI\projekt\conda_envs\base.yml,
7,C:\Coding\AI\Dataset\!masks_for_training\7,sift_ransac,SIFT + RANSAC + difference map,ok,qty_pixels_absolute_error,17602,float,projekt-base,C:\Coding\AI\projekt\conda_envs\base.yml,
7,C:\Coding\AI\Dataset\!masks_for_training\7,sift_ransac,SIFT + RANSAC + difference map,ok,qty_pixels_mae,17602,float,projekt-base,C:\Coding\AI\projekt\conda_envs\base.yml,
7,C:\Coding\AI\Dataset\!masks_for_training\7,sift_ransac,SIFT + RANSAC + difference map,ok,qty_pixels_mape,75.7434,float,projekt-base,C:\Coding\AI\projekt\conda_envs\base.yml,
7,C:\Coding\AI\Dataset\!masks_for_training\7,sift_ransac,SIFT + RANSAC + difference map,ok,qty_pixels_percentage_error,75.7434,float,projekt-base,C:\Coding\AI\projekt\conda_envs\base.yml,
7,C:\Coding\AI\Dataset\!masks_for_training\7,sift_ransac,SIFT + RANSAC + difference map,ok,qty_ratio_ground_truth,0.0654222,float,projekt-base,C:\Coding\AI\projekt\conda_envs\base.yml,
7,C:\Coding\AI\Dataset\!masks_for_training\7,sift_ransac,SIFT + RANSAC + difference map,ok,qty_ratio_predicted,0.0158692,float,projekt-base,C:\Coding\AI\projekt\conda_envs\base.yml,
7,C:\Coding\AI\Dataset\!masks_for_training\7,sift_ransac,SIFT + RANSAC + difference map,ok,qty_ratio_absolute_error,0.0495529,float,projekt-base,C:\Coding\AI\projekt\conda_envs\base.yml,
7,C:\Coding\AI\Dataset\!masks_for_training\7,sift_ransac,SIFT + RANSAC + difference map,ok,qty_ratio_mae,0.0495529,float,projekt-base,C:\Coding\AI\projekt\conda_envs\base.yml,
7,C:\Coding\AI\Dataset\!masks_for_training\7,sift_ransac,SIFT + RANSAC + difference map,ok,qty_ratio_mape,75.7434,float,projekt-base,C:\Coding\AI\projekt\conda_envs\base.yml,
7,C:\Coding\AI\Dataset\!masks_for_training\7,sift_ransac,SIFT + RANSAC + difference map,ok,qty_ratio_percentage_error,75.7434,float,projekt-base,C:\Coding\AI\projekt\conda_envs\base.yml,
7,C:\Coding\AI\Dataset\!masks_for_training\7,siamese_unet,Siamese U-Net,ok,analysis_mode,siamese_unet_cd_pair,str,projekt-base,C:\Coding\AI\projekt\conda_envs\base.yml,
7,C:\Coding\AI\Dataset\!masks_for_training\7,siamese_unet,Siamese U-Net,ok,model_source,C:\Coding\AI\projekt\weights\siamese_unet_cd_real17_finetuned_best.pt,str,projekt-base,C:\Coding\AI\projekt\conda_envs\base.yml,
7,C:\Coding\AI\Dataset\!masks_for_training\7,siamese_unet,Siamese U-Net,ok,device_requested,auto,str,projekt-base,C:\Coding\AI\projekt\conda_envs\base.yml,
7,C:\Coding\AI\Dataset\!masks_for_training\7,siamese_unet,Siamese U-Net,ok,device_used,cuda,str,projekt-base,C:\Coding\AI\projekt\conda_envs\base.yml,
7,C:\Coding\AI\Dataset\!masks_for_training\7,siamese_unet,Siamese U-Net,ok,force_cpu,False,bool,projekt-base,C:\Coding\AI\projekt\conda_envs\base.yml,
7,C:\Coding\AI\Dataset\!masks_for_training\7,siamese_unet,Siamese U-Net,ok,input_size,384,int,projekt-base,C:\Coding\AI\projekt\conda_envs\base.yml,
7,C:\Coding\AI\Dataset\!masks_for_training\7,siamese_unet,Siamese U-Net,ok,threshold,0.65,float,projekt-base,C:\Coding\AI\projekt\conda_envs\base.yml,
7,C:\Coding\AI\Dataset\!masks_for_training\7,siamese_unet,Siamese U-Net,ok,alignment_mode,homography_ransac,str,projekt-base,C:\Coding\AI\projekt\conda_envs\base.yml,
7,C:\Coding\AI\Dataset\!masks_for_training\7,siamese_unet,Siamese U-Net,ok,change_pixels,8509,int,projekt-base,C:\Coding\AI\projekt\conda_envs\base.yml,
7,C:\Coding\AI\Dataset\!masks_for_training\7,siamese_unet,Siamese U-Net,ok,overlap_pixels,259545,int,projekt-base,C:\Coding\AI\projekt\conda_envs\base.yml,
7,C:\Coding\AI\Dataset\!masks_for_training\7,siamese_unet,Siamese U-Net,ok,canvas_pixels,399464,int,projekt-base,C:\Coding\AI\projekt\conda_envs\base.yml,
7,C:\Coding\AI\Dataset\!masks_for_training\7,siamese_unet,Siamese U-Net,ok,overlap_ratio,0.649733,float,projekt-base,C:\Coding\AI\projekt\conda_envs\base.yml,
7,C:\Coding\AI\Dataset\!masks_for_training\7,siamese_unet,Siamese U-Net,ok,change_ratio,0.032784,float,projekt-base,C:\Coding\AI\projekt\conda_envs\base.yml,
7,C:\Coding\AI\Dataset\!masks_for_training\7,siamese_unet,Siamese U-Net,ok,inference_ms,41.166,float,projekt-base,C:\Coding\AI\projekt\conda_envs\base.yml,
7,C:\Coding\AI\Dataset\!masks_for_training\7,siamese_unet,Siamese U-Net,ok,weights_path,,NoneType,projekt-base,C:\Coding\AI\projekt\conda_envs\base.yml,
7,C:\Coding\AI\Dataset\!masks_for_training\7,siamese_unet,Siamese U-Net,ok,dinov2_hint_used,False,bool,projekt-base,C:\Coding\AI\projekt\conda_envs\base.yml,
7,C:\Coding\AI\Dataset\!masks_for_training\7,siamese_unet,Siamese U-Net,ok,segm_gt_pixels,23239,float,projekt-base,C:\Coding\AI\projekt\conda_envs\base.yml,
7,C:\Coding\AI\Dataset\!masks_for_training\7,siamese_unet,Siamese U-Net,ok,segm_pred_pixels,7575,float,projekt-base,C:\Coding\AI\projekt\conda_envs\base.yml,
7,C:\Coding\AI\Dataset\!masks_for_training\7,siamese_unet,Siamese U-Net,ok,segm_intersection_pixels,374752,float,projekt-base,C:\Coding\AI\projekt\conda_envs\base.yml,
7,C:\Coding\AI\Dataset\!masks_for_training\7,siamese_unet,Siamese U-Net,ok,segm_union_pixels,1.79904e+07,float,projekt-base,C:\Coding\AI\projekt\conda_envs\base.yml,
7,C:\Coding\AI\Dataset\!masks_for_training\7,siamese_unet,Siamese U-Net,ok,segm_iou,0.0208307,float,projekt-base,C:\Coding\AI\projekt\conda_envs\base.yml,
7,C:\Coding\AI\Dataset\!masks_for_training\7,siamese_unet,Siamese U-Net,ok,segm_dice,24.3235,float,projekt-base,C:\Coding\AI\projekt\conda_envs\base.yml,
7,C:\Coding\AI\Dataset\!masks_for_training\7,siamese_unet,Siamese U-Net,ok,qty_pixels_ground_truth,23239,float,projekt-base,C:\Coding\AI\projekt\conda_envs\base.yml,
7,C:\Coding\AI\Dataset\!masks_for_training\7,siamese_unet,Siamese U-Net,ok,qty_pixels_predicted,8509,float,projekt-base,C:\Coding\AI\projekt\conda_envs\base.yml,
7,C:\Coding\AI\Dataset\!masks_for_training\7,siamese_unet,Siamese U-Net,ok,qty_pixels_absolute_error,14730,float,projekt-base,C:\Coding\AI\projekt\conda_envs\base.yml,
7,C:\Coding\AI\Dataset\!masks_for_training\7,siamese_unet,Siamese U-Net,ok,qty_pixels_mae,14730,float,projekt-base,C:\Coding\AI\projekt\conda_envs\base.yml,
7,C:\Coding\AI\Dataset\!masks_for_training\7,siamese_unet,Siamese U-Net,ok,qty_pixels_mape,63.3848,float,projekt-base,C:\Coding\AI\projekt\conda_envs\base.yml,
7,C:\Coding\AI\Dataset\!masks_for_training\7,siamese_unet,Siamese U-Net,ok,qty_pixels_percentage_error,63.3848,float,projekt-base,C:\Coding\AI\projekt\conda_envs\base.yml,
7,C:\Coding\AI\Dataset\!masks_for_training\7,siamese_unet,Siamese U-Net,ok,qty_ratio_ground_truth,0.0654222,float,projekt-base,C:\Coding\AI\projekt\conda_envs\base.yml,
7,C:\Coding\AI\Dataset\!masks_for_training\7,siamese_unet,Siamese U-Net,ok,qty_ratio_predicted,0.0239544,float,projekt-base,C:\Coding\AI\projekt\conda_envs\base.yml,
7,C:\Coding\AI\Dataset\!masks_for_training\7,siamese_unet,Siamese U-Net,ok,qty_ratio_absolute_error,0.0414677,float,projekt-base,C:\Coding\AI\projekt\conda_envs\base.yml,
7,C:\Coding\AI\Dataset\!masks_for_training\7,siamese_unet,Siamese U-Net,ok,qty_ratio_mae,0.0414677,float,projekt-base,C:\Coding\AI\projekt\conda_envs\base.yml,
7,C:\Coding\AI\Dataset\!masks_for_training\7,siamese_unet,Siamese U-Net,ok,qty_ratio_mape,63.3848,float,projekt-base,C:\Coding\AI\projekt\conda_envs\base.yml,
7,C:\Coding\AI\Dataset\!masks_for_training\7,siamese_unet,Siamese U-Net,ok,qty_ratio_percentage_error,63.3848,float,projekt-base,C:\Coding\AI\projekt\conda_envs\base.yml,
7,C:\Coding\AI\Dataset\!masks_for_training\7,yolov8_seg,YOLOv8-seg,ok,analysis_mode,yolov8_seg_pair,str,projekt-base,C:\Coding\AI\projekt\conda_envs\base.yml,
7,C:\Coding\AI\Dataset\!masks_for_training\7,yolov8_seg,YOLOv8-seg,ok,model_name,C:\Coding\AI\projekt\weights\yolov8m_trash_finetuned.pt,str,projekt-base,C:\Coding\AI\projekt\conda_envs\base.yml,
7,C:\Coding\AI\Dataset\!masks_for_training\7,yolov8_seg,YOLOv8-seg,ok,model_source,C:\Coding\AI\projekt\weights\yolov8m_seg_best_new+fine-tune.pt,str,projekt-base,C:\Coding\AI\projekt\conda_envs\base.yml,
7,C:\Coding\AI\Dataset\!masks_for_training\7,yolov8_seg,YOLOv8-seg,ok,device_requested,auto,str,projekt-base,C:\Coding\AI\projekt\conda_envs\base.yml,
7,C:\Coding\AI\Dataset\!masks_for_training\7,yolov8_seg,YOLOv8-seg,ok,device_used,cuda,str,projekt-base,C:\Coding\AI\projekt\conda_envs\base.yml,
7,C:\Coding\AI\Dataset\!masks_for_training\7,yolov8_seg,YOLOv8-seg,ok,force_cpu,False,bool,projekt-base,C:\Coding\AI\projekt\conda_envs\base.yml,
7,C:\Coding\AI\Dataset\!masks_for_training\7,yolov8_seg,YOLOv8-seg,ok,cuda_available,True,bool,projekt-base,C:\Coding\AI\projekt\conda_envs\base.yml,
7,C:\Coding\AI\Dataset\!masks_for_training\7,yolov8_seg,YOLOv8-seg,ok,image_size,1536,int,projekt-base,C:\Coding\AI\projekt\conda_envs\base.yml,
7,C:\Coding\AI\Dataset\!masks_for_training\7,yolov8_seg,YOLOv8-seg,ok,confidence_threshold,0.35,float,projekt-base,C:\Coding\AI\projekt\conda_envs\base.yml,
7,C:\Coding\AI\Dataset\!masks_for_training\7,yolov8_seg,YOLOv8-seg,ok,iou_threshold,0.4,float,projekt-base,C:\Coding\AI\projekt\conda_envs\base.yml,
7,C:\Coding\AI\Dataset\!masks_for_training\7,yolov8_seg,YOLOv8-seg,ok,tile_inference_mode,auto,str,projekt-base,C:\Coding\AI\projekt\conda_envs\base.yml,
7,C:\Coding\AI\Dataset\!masks_for_training\7,yolov8_seg,YOLOv8-seg,ok,tile_size,640,int,projekt-base,C:\Coding\AI\projekt\conda_envs\base.yml,
7,C:\Coding\AI\Dataset\!masks_for_training\7,yolov8_seg,YOLOv8-seg,ok,tile_overlap_ratio,0.5,float,projekt-base,C:\Coding\AI\projekt\conda_envs\base.yml,
7,C:\Coding\AI\Dataset\!masks_for_training\7,yolov8_seg,YOLOv8-seg,ok,before_tile_count,1,int,projekt-base,C:\Coding\AI\projekt\conda_envs\base.yml,
7,C:\Coding\AI\Dataset\!masks_for_training\7,yolov8_seg,YOLOv8-seg,ok,after_tile_count,1,int,projekt-base,C:\Coding\AI\projekt\conda_envs\base.yml,
7,C:\Coding\AI\Dataset\!masks_for_training\7,yolov8_seg,YOLOv8-seg,ok,selected_class_count,0,int,projekt-base,C:\Coding\AI\projekt\conda_envs\base.yml,
7,C:\Coding\AI\Dataset\!masks_for_training\7,yolov8_seg,YOLOv8-seg,ok,selected_class_ids,[],list,projekt-base,C:\Coding\AI\projekt\conda_envs\base.yml,
7,C:\Coding\AI\Dataset\!masks_for_training\7,yolov8_seg,YOLOv8-seg,ok,taco_dataset_root,C:\Coding\AI\projekt\datasets\TACO,str,projekt-base,C:\Coding\AI\projekt\conda_envs\base.yml,
7,C:\Coding\AI\Dataset\!masks_for_training\7,yolov8_seg,YOLOv8-seg,ok,taco_annotations_path,C:\Coding\AI\projekt\datasets\TACO\data\annotations.json,str,projekt-base,C:\Coding\AI\projekt\conda_envs\base.yml,
7,C:\Coding\AI\Dataset\!masks_for_training\7,yolov8_seg,YOLOv8-seg,ok,taco_export_root,C:\Coding\AI\projekt\datasets\TACO\yolo_seg,str,projekt-base,C:\Coding\AI\projekt\conda_envs\base.yml,
7,C:\Coding\AI\Dataset\!masks_for_training\7,yolov8_seg,YOLOv8-seg,ok,taco_data_yaml,C:\Coding\AI\projekt\datasets\TACO\yolo_seg\data.yaml,str,projekt-base,C:\Coding\AI\projekt\conda_envs\base.yml,
7,C:\Coding\AI\Dataset\!masks_for_training\7,yolov8_seg,YOLOv8-seg,ok,taco_source_images,1500,int,projekt-base,C:\Coding\AI\projekt\conda_envs\base.yml,
7,C:\Coding\AI\Dataset\!masks_for_training\7,yolov8_seg,YOLOv8-seg,ok,taco_exported_images,1500,int,projekt-base,C:\Coding\AI\projekt\conda_envs\base.yml,
7,C:\Coding\AI\Dataset\!masks_for_training\7,yolov8_seg,YOLOv8-seg,ok,taco_exported_labels,1500,int,projekt-base,C:\Coding\AI\projekt\conda_envs\base.yml,
7,C:\Coding\AI\Dataset\!masks_for_training\7,yolov8_seg,YOLOv8-seg,ok,taco_skipped_missing_images,0,int,projekt-base,C:\Coding\AI\projekt\conda_envs\base.yml,
7,C:\Coding\AI\Dataset\!masks_for_training\7,yolov8_seg,YOLOv8-seg,ok,taco_skipped_invalid_polygons,0,int,projekt-base,C:\Coding\AI\projekt\conda_envs\base.yml,
7,C:\Coding\AI\Dataset\!masks_for_training\7,yolov8_seg,YOLOv8-seg,ok,before_instance_count,5,int,projekt-base,C:\Coding\AI\projekt\conda_envs\base.yml,
7,C:\Coding\AI\Dataset\!masks_for_training\7,yolov8_seg,YOLOv8-seg,ok,after_instance_count,2,int,projekt-base,C:\Coding\AI\projekt\conda_envs\base.yml,
7,C:\Coding\AI\Dataset\!masks_for_training\7,yolov8_seg,YOLOv8-seg,ok,instance_count_total,7,int,projekt-base,C:\Coding\AI\projekt\conda_envs\base.yml,
7,C:\Coding\AI\Dataset\!masks_for_training\7,yolov8_seg,YOLOv8-seg,ok,before_mask_area_px,14619,int,projekt-base,C:\Coding\AI\projekt\conda_envs\base.yml,
7,C:\Coding\AI\Dataset\!masks_for_training\7,yolov8_seg,YOLOv8-seg,ok,after_mask_area_px,881,int,projekt-base,C:\Coding\AI\projekt\conda_envs\base.yml,
7,C:\Coding\AI\Dataset\!masks_for_training\7,yolov8_seg,YOLOv8-seg,ok,before_mask_area_ratio,0.041155,float,projekt-base,C:\Coding\AI\projekt\conda_envs\base.yml,
7,C:\Coding\AI\Dataset\!masks_for_training\7,yolov8_seg,YOLOv8-seg,ok,after_mask_area_ratio,0.00248,float,projekt-base,C:\Coding\AI\projekt\conda_envs\base.yml,
7,C:\Coding\AI\Dataset\!masks_for_training\7,yolov8_seg,YOLOv8-seg,ok,mask_area_delta_px,-13738,int,projekt-base,C:\Coding\AI\projekt\conda_envs\base.yml,
7,C:\Coding\AI\Dataset\!masks_for_training\7,yolov8_seg,YOLOv8-seg,ok,mask_area_delta_ratio,-0.038675,float,projekt-base,C:\Coding\AI\projekt\conda_envs\base.yml,
7,C:\Coding\AI\Dataset\!masks_for_training\7,yolov8_seg,YOLOv8-seg,ok,before_bbox_area_px,26302,int,projekt-base,C:\Coding\AI\projekt\conda_envs\base.yml,
7,C:\Coding\AI\Dataset\!masks_for_training\7,yolov8_seg,YOLOv8-seg,ok,after_bbox_area_px,1239,int,projekt-base,C:\Coding\AI\projekt\conda_envs\base.yml,
7,C:\Coding\AI\Dataset\!masks_for_training\7,yolov8_seg,YOLOv8-seg,ok,before_mean_confidence,0.839316,float,projekt-base,C:\Coding\AI\projekt\conda_envs\base.yml,
7,C:\Coding\AI\Dataset\!masks_for_training\7,yolov8_seg,YOLOv8-seg,ok,after_mean_confidence,0.604042,float,projekt-base,C:\Coding\AI\projekt\conda_envs\base.yml,
7,C:\Coding\AI\Dataset\!masks_for_training\7,yolov8_seg,YOLOv8-seg,ok,before_inference_ms,202.354,float,projekt-base,C:\Coding\AI\projekt\conda_envs\base.yml,
7,C:\Coding\AI\Dataset\!masks_for_training\7,yolov8_seg,YOLOv8-seg,ok,after_inference_ms,112.278,float,projekt-base,C:\Coding\AI\projekt\conda_envs\base.yml,
7,C:\Coding\AI\Dataset\!masks_for_training\7,yolov8_seg,YOLOv8-seg,ok,inference_ms_total,314.632,float,projekt-base,C:\Coding\AI\projekt\conda_envs\base.yml,
8,C:\Coding\AI\Dataset\!masks_for_training\8,changeformer,ChangeFormer,error,,,,projekt-base,C:\Coding\AI\projekt\conda_envs\base.yml,"ValueError: operands could not be broadcast together with shapes (524,596,1) (524,596) "
8,C:\Coding\AI\Dataset\!masks_for_training\8,efficientnet,EfficientNet,ok,analysis_mode,efficientnet_cls_pair,str,projekt-base,C:\Coding\AI\projekt\conda_envs\base.yml,
8,C:\Coding\AI\Dataset\!masks_for_training\8,efficientnet,EfficientNet,ok,inference_mode,heuristic_fallback,str,projekt-base,C:\Coding\AI\projekt\conda_envs\base.yml,
8,C:\Coding\AI\Dataset\!masks_for_training\8,efficientnet,EfficientNet,ok,model_name,efficientnet_b0,str,projekt-base,C:\Coding\AI\projekt\conda_envs\base.yml,
8,C:\Coding\AI\Dataset\!masks_for_training\8,efficientnet,EfficientNet,ok,model_source,None,str,projekt-base,C:\Coding\AI\projekt\conda_envs\base.yml,
8,C:\Coding\AI\Dataset\!masks_for_training\8,efficientnet,EfficientNet,ok,weights_path,C:\Coding\AI\projekt\weights\efficientnet_best.pt,str,projekt-base,C:\Coding\AI\projekt\conda_envs\base.yml,
8,C:\Coding\AI\Dataset\!masks_for_training\8,efficientnet,EfficientNet,ok,device_requested,auto,str,projekt-base,C:\Coding\AI\projekt\conda_envs\base.yml,
8,C:\Coding\AI\Dataset\!masks_for_training\8,efficientnet,EfficientNet,ok,device_used,cpu,str,projekt-base,C:\Coding\AI\projekt\conda_envs\base.yml,
8,C:\Coding\AI\Dataset\!masks_for_training\8,efficientnet,EfficientNet,ok,force_cpu,False,bool,projekt-base,C:\Coding\AI\projekt\conda_envs\base.yml,
8,C:\Coding\AI\Dataset\!masks_for_training\8,efficientnet,EfficientNet,ok,cuda_available,True,bool,projekt-base,C:\Coding\AI\projekt\conda_envs\base.yml,
8,C:\Coding\AI\Dataset\!masks_for_training\8,efficientnet,EfficientNet,ok,input_size,224,int,projekt-base,C:\Coding\AI\projekt\conda_envs\base.yml,
8,C:\Coding\AI\Dataset\!masks_for_training\8,efficientnet,EfficientNet,ok,dirty_threshold,0.42,float,projekt-base,C:\Coding\AI\projekt\conda_envs\base.yml,
8,C:\Coding\AI\Dataset\!masks_for_training\8,efficientnet,EfficientNet,ok,dirty_keyword_classes,2,int,projekt-base,C:\Coding\AI\projekt\conda_envs\base.yml,
8,C:\Coding\AI\Dataset\!masks_for_training\8,efficientnet,EfficientNet,ok,before_crop_count,6,int,projekt-base,C:\Coding\AI\projekt\conda_envs\base.yml,
8,C:\Coding\AI\Dataset\!masks_for_training\8,efficientnet,EfficientNet,ok,after_crop_count,6,int,projekt-base,C:\Coding\AI\projekt\conda_envs\base.yml,
8,C:\Coding\AI\Dataset\!masks_for_training\8,efficientnet,EfficientNet,ok,before_crop_dirty_prob_mean,0.65105,float,projekt-base,C:\Coding\AI\projekt\conda_envs\base.yml,
8,C:\Coding\AI\Dataset\!masks_for_training\8,efficientnet,EfficientNet,ok,after_crop_dirty_prob_mean,0.622905,float,projekt-base,C:\Coding\AI\projekt\conda_envs\base.yml,
8,C:\Coding\AI\Dataset\!masks_for_training\8,efficientnet,EfficientNet,ok,before_crop_dirty_prob_max,0.687463,float,projekt-base,C:\Coding\AI\projekt\conda_envs\base.yml,
8,C:\Coding\AI\Dataset\!masks_for_training\8,efficientnet,EfficientNet,ok,after_crop_dirty_prob_max,0.652739,float,projekt-base,C:\Coding\AI\projekt\conda_envs\base.yml,
8,C:\Coding\AI\Dataset\!masks_for_training\8,efficientnet,EfficientNet,ok,before_crop_support_ratio,1,float,projekt-base,C:\Coding\AI\projekt\conda_envs\base.yml,
8,C:\Coding\AI\Dataset\!masks_for_training\8,efficientnet,EfficientNet,ok,after_crop_support_ratio,1,float,projekt-base,C:\Coding\AI\projekt\conda_envs\base.yml,
8,C:\Coding\AI\Dataset\!masks_for_training\8,efficientnet,EfficientNet,ok,before_dirty_prob,0.677268,float,projekt-base,C:\Coding\AI\projekt\conda_envs\base.yml,
8,C:\Coding\AI\Dataset\!masks_for_training\8,efficientnet,EfficientNet,ok,after_dirty_prob,0.644385,float,projekt-base,C:\Coding\AI\projekt\conda_envs\base.yml,
8,C:\Coding\AI\Dataset\!masks_for_training\8,efficientnet,EfficientNet,ok,before_clean_prob,0.322732,float,projekt-base,C:\Coding\AI\projekt\conda_envs\base.yml,
8,C:\Coding\AI\Dataset\!masks_for_training\8,efficientnet,EfficientNet,ok,after_clean_prob,0.355615,float,projekt-base,C:\Coding\AI\projekt\conda_envs\base.yml,
8,C:\Coding\AI\Dataset\!masks_for_training\8,efficientnet,EfficientNet,ok,cleanup_delta,0.032883,float,projekt-base,C:\Coding\AI\projekt\conda_envs\base.yml,
8,C:\Coding\AI\Dataset\!masks_for_training\8,efficientnet,EfficientNet,ok,cleanup_score,0.032883,float,projekt-base,C:\Coding\AI\projekt\conda_envs\base.yml,
8,C:\Coding\AI\Dataset\!masks_for_training\8,efficientnet,EfficientNet,ok,dirty_prob_delta,-0.032883,float,projekt-base,C:\Coding\AI\projekt\conda_envs\base.yml,
8,C:\Coding\AI\Dataset\!masks_for_training\8,efficientnet,EfficientNet,ok,dirty_prob_abs_delta,0.032883,float,projekt-base,C:\Coding\AI\projekt\conda_envs\base.yml,
8,C:\Coding\AI\Dataset\!masks_for_training\8,efficientnet,EfficientNet,ok,before_pred_label,dirty,str,projekt-base,C:\Coding\AI\projekt\conda_envs\base.yml,
8,C:\Coding\AI\Dataset\!masks_for_training\8,efficientnet,EfficientNet,ok,after_pred_label,dirty,str,projekt-base,C:\Coding\AI\projekt\conda_envs\base.yml,
8,C:\Coding\AI\Dataset\!masks_for_training\8,efficientnet,EfficientNet,ok,before_top1_label,dirty,str,projekt-base,C:\Coding\AI\projekt\conda_envs\base.yml,
8,C:\Coding\AI\Dataset\!masks_for_training\8,efficientnet,EfficientNet,ok,after_top1_label,dirty,str,projekt-base,C:\Coding\AI\projekt\conda_envs\base.yml,
8,C:\Coding\AI\Dataset\!masks_for_training\8,efficientnet,EfficientNet,ok,before_top1_prob,0.687463,float,projekt-base,C:\Coding\AI\projekt\conda_envs\base.yml,
8,C:\Coding\AI\Dataset\!masks_for_training\8,efficientnet,EfficientNet,ok,after_top1_prob,0.652739,float,projekt-base,C:\Coding\AI\projekt\conda_envs\base.yml,
8,C:\Coding\AI\Dataset\!masks_for_training\8,efficientnet,EfficientNet,ok,before_entropy_norm,0.931859,float,projekt-base,C:\Coding\AI\projekt\conda_envs\base.yml,
8,C:\Coding\AI\Dataset\!masks_for_training\8,efficientnet,EfficientNet,ok,after_entropy_norm,0.955095,float,projekt-base,C:\Coding\AI\projekt\conda_envs\base.yml,
8,C:\Coding\AI\Dataset\!masks_for_training\8,efficientnet,EfficientNet,ok,before_inference_ms,0,float,projekt-base,C:\Coding\AI\projekt\conda_envs\base.yml,
8,C:\Coding\AI\Dataset\!masks_for_training\8,efficientnet,EfficientNet,ok,after_inference_ms,0,float,projekt-base,C:\Coding\AI\projekt\conda_envs\base.yml,
8,C:\Coding\AI\Dataset\!masks_for_training\8,efficientnet,EfficientNet,ok,inference_ms_total,0,float,projekt-base,C:\Coding\AI\projekt\conda_envs\base.yml,
8,C:\Coding\AI\Dataset\!masks_for_training\8,sift_ransac,SIFT + RANSAC + difference map,error,,,,projekt-base,C:\Coding\AI\projekt\conda_envs\base.yml,"ValueError: operands could not be broadcast together with shapes (524,596,1) (524,596) "
8,C:\Coding\AI\Dataset\!masks_for_training\8,siamese_unet,Siamese U-Net,error,,,,projekt-base,C:\Coding\AI\projekt\conda_envs\base.yml,"ValueError: operands could not be broadcast together with shapes (524,596,1) (524,596) "
8,C:\Coding\AI\Dataset\!masks_for_training\8,yolov8_seg,YOLOv8-seg,ok,analysis_mode,yolov8_seg_pair,str,projekt-base,C:\Coding\AI\projekt\conda_envs\base.yml,
8,C:\Coding\AI\Dataset\!masks_for_training\8,yolov8_seg,YOLOv8-seg,ok,model_name,C:\Coding\AI\projekt\weights\yolov8m_trash_finetuned.pt,str,projekt-base,C:\Coding\AI\projekt\conda_envs\base.yml,
8,C:\Coding\AI\Dataset\!masks_for_training\8,yolov8_seg,YOLOv8-seg,ok,model_source,C:\Coding\AI\projekt\weights\yolov8m_seg_best_new+fine-tune.pt,str,projekt-base,C:\Coding\AI\projekt\conda_envs\base.yml,
8,C:\Coding\AI\Dataset\!masks_for_training\8,yolov8_seg,YOLOv8-seg,ok,device_requested,auto,str,projekt-base,C:\Coding\AI\projekt\conda_envs\base.yml,
8,C:\Coding\AI\Dataset\!masks_for_training\8,yolov8_seg,YOLOv8-seg,ok,device_used,cuda,str,projekt-base,C:\Coding\AI\projekt\conda_envs\base.yml,
8,C:\Coding\AI\Dataset\!masks_for_training\8,yolov8_seg,YOLOv8-seg,ok,force_cpu,False,bool,projekt-base,C:\Coding\AI\projekt\conda_envs\base.yml,
8,C:\Coding\AI\Dataset\!masks_for_training\8,yolov8_seg,YOLOv8-seg,ok,cuda_available,True,bool,projekt-base,C:\Coding\AI\projekt\conda_envs\base.yml,
8,C:\Coding\AI\Dataset\!masks_for_training\8,yolov8_seg,YOLOv8-seg,ok,image_size,1536,int,projekt-base,C:\Coding\AI\projekt\conda_envs\base.yml,
8,C:\Coding\AI\Dataset\!masks_for_training\8,yolov8_seg,YOLOv8-seg,ok,confidence_threshold,0.35,float,projekt-base,C:\Coding\AI\projekt\conda_envs\base.yml,
8,C:\Coding\AI\Dataset\!masks_for_training\8,yolov8_seg,YOLOv8-seg,ok,iou_threshold,0.4,float,projekt-base,C:\Coding\AI\projekt\conda_envs\base.yml,
8,C:\Coding\AI\Dataset\!masks_for_training\8,yolov8_seg,YOLOv8-seg,ok,tile_inference_mode,auto,str,projekt-base,C:\Coding\AI\projekt\conda_envs\base.yml,
8,C:\Coding\AI\Dataset\!masks_for_training\8,yolov8_seg,YOLOv8-seg,ok,tile_size,640,int,projekt-base,C:\Coding\AI\projekt\conda_envs\base.yml,
8,C:\Coding\AI\Dataset\!masks_for_training\8,yolov8_seg,YOLOv8-seg,ok,tile_overlap_ratio,0.5,float,projekt-base,C:\Coding\AI\projekt\conda_envs\base.yml,
8,C:\Coding\AI\Dataset\!masks_for_training\8,yolov8_seg,YOLOv8-seg,ok,before_tile_count,1,int,projekt-base,C:\Coding\AI\projekt\conda_envs\base.yml,
8,C:\Coding\AI\Dataset\!masks_for_training\8,yolov8_seg,YOLOv8-seg,ok,after_tile_count,1,int,projekt-base,C:\Coding\AI\projekt\conda_envs\base.yml,
8,C:\Coding\AI\Dataset\!masks_for_training\8,yolov8_seg,YOLOv8-seg,ok,selected_class_count,0,int,projekt-base,C:\Coding\AI\projekt\conda_envs\base.yml,
8,C:\Coding\AI\Dataset\!masks_for_training\8,yolov8_seg,YOLOv8-seg,ok,selected_class_ids,[],list,projekt-base,C:\Coding\AI\projekt\conda_envs\base.yml,
8,C:\Coding\AI\Dataset\!masks_for_training\8,yolov8_seg,YOLOv8-seg,ok,taco_dataset_root,C:\Coding\AI\projekt\datasets\TACO,str,projekt-base,C:\Coding\AI\projekt\conda_envs\base.yml,
8,C:\Coding\AI\Dataset\!masks_for_training\8,yolov8_seg,YOLOv8-seg,ok,taco_annotations_path,C:\Coding\AI\projekt\datasets\TACO\data\annotations.json,str,projekt-base,C:\Coding\AI\projekt\conda_envs\base.yml,
8,C:\Coding\AI\Dataset\!masks_for_training\8,yolov8_seg,YOLOv8-seg,ok,taco_export_root,C:\Coding\AI\projekt\datasets\TACO\yolo_seg,str,projekt-base,C:\Coding\AI\projekt\conda_envs\base.yml,
8,C:\Coding\AI\Dataset\!masks_for_training\8,yolov8_seg,YOLOv8-seg,ok,taco_data_yaml,C:\Coding\AI\projekt\datasets\TACO\yolo_seg\data.yaml,str,projekt-base,C:\Coding\AI\projekt\conda_envs\base.yml,
8,C:\Coding\AI\Dataset\!masks_for_training\8,yolov8_seg,YOLOv8-seg,ok,taco_source_images,1500,int,projekt-base,C:\Coding\AI\projekt\conda_envs\base.yml,
8,C:\Coding\AI\Dataset\!masks_for_training\8,yolov8_seg,YOLOv8-seg,ok,taco_exported_images,1500,int,projekt-base,C:\Coding\AI\projekt\conda_envs\base.yml,
8,C:\Coding\AI\Dataset\!masks_for_training\8,yolov8_seg,YOLOv8-seg,ok,taco_exported_labels,1500,int,projekt-base,C:\Coding\AI\projekt\conda_envs\base.yml,
8,C:\Coding\AI\Dataset\!masks_for_training\8,yolov8_seg,YOLOv8-seg,ok,taco_skipped_missing_images,0,int,projekt-base,C:\Coding\AI\projekt\conda_envs\base.yml,
8,C:\Coding\AI\Dataset\!masks_for_training\8,yolov8_seg,YOLOv8-seg,ok,taco_skipped_invalid_polygons,0,int,projekt-base,C:\Coding\AI\projekt\conda_envs\base.yml,
8,C:\Coding\AI\Dataset\!masks_for_training\8,yolov8_seg,YOLOv8-seg,ok,before_instance_count,2,int,projekt-base,C:\Coding\AI\projekt\conda_envs\base.yml,
8,C:\Coding\AI\Dataset\!masks_for_training\8,yolov8_seg,YOLOv8-seg,ok,after_instance_count,1,int,projekt-base,C:\Coding\AI\projekt\conda_envs\base.yml,
8,C:\Coding\AI\Dataset\!masks_for_training\8,yolov8_seg,YOLOv8-seg,ok,instance_count_total,3,int,projekt-base,C:\Coding\AI\projekt\conda_envs\base.yml,
8,C:\Coding\AI\Dataset\!masks_for_training\8,yolov8_seg,YOLOv8-seg,ok,before_mask_area_px,16817,int,projekt-base,C:\Coding\AI\projekt\conda_envs\base.yml,
8,C:\Coding\AI\Dataset\!masks_for_training\8,yolov8_seg,YOLOv8-seg,ok,after_mask_area_px,199,int,projekt-base,C:\Coding\AI\projekt\conda_envs\base.yml,
8,C:\Coding\AI\Dataset\!masks_for_training\8,yolov8_seg,YOLOv8-seg,ok,before_mask_area_ratio,0.053848,float,projekt-base,C:\Coding\AI\projekt\conda_envs\base.yml,
8,C:\Coding\AI\Dataset\!masks_for_training\8,yolov8_seg,YOLOv8-seg,ok,after_mask_area_ratio,0.000637,float,projekt-base,C:\Coding\AI\projekt\conda_envs\base.yml,
8,C:\Coding\AI\Dataset\!masks_for_training\8,yolov8_seg,YOLOv8-seg,ok,mask_area_delta_px,-16618,int,projekt-base,C:\Coding\AI\projekt\conda_envs\base.yml,
8,C:\Coding\AI\Dataset\!masks_for_training\8,yolov8_seg,YOLOv8-seg,ok,mask_area_delta_ratio,-0.053211,float,projekt-base,C:\Coding\AI\projekt\conda_envs\base.yml,
8,C:\Coding\AI\Dataset\!masks_for_training\8,yolov8_seg,YOLOv8-seg,ok,before_bbox_area_px,39844,int,projekt-base,C:\Coding\AI\projekt\conda_envs\base.yml,
8,C:\Coding\AI\Dataset\!masks_for_training\8,yolov8_seg,YOLOv8-seg,ok,after_bbox_area_px,274,int,projekt-base,C:\Coding\AI\projekt\conda_envs\base.yml,
8,C:\Coding\AI\Dataset\!masks_for_training\8,yolov8_seg,YOLOv8-seg,ok,before_mean_confidence,0.518651,float,projekt-base,C:\Coding\AI\projekt\conda_envs\base.yml,
8,C:\Coding\AI\Dataset\!masks_for_training\8,yolov8_seg,YOLOv8-seg,ok,after_mean_confidence,0.40534,float,projekt-base,C:\Coding\AI\projekt\conda_envs\base.yml,
8,C:\Coding\AI\Dataset\!masks_for_training\8,yolov8_seg,YOLOv8-seg,ok,before_inference_ms,170.994,float,projekt-base,C:\Coding\AI\projekt\conda_envs\base.yml,
8,C:\Coding\AI\Dataset\!masks_for_training\8,yolov8_seg,YOLOv8-seg,ok,after_inference_ms,100.102,float,projekt-base,C:\Coding\AI\projekt\conda_envs\base.yml,
8,C:\Coding\AI\Dataset\!masks_for_training\8,yolov8_seg,YOLOv8-seg,ok,inference_ms_total,271.095,float,projekt-base,C:\Coding\AI\projekt\conda_envs\base.yml,
